Trace,Exp,Core_0_IPC,Filter
403.gcc-16B,nopref,0.37795,1
403.gcc-16B,spp,0.48323,1
403.gcc-16B,bingo,0.59126,1
403.gcc-16B,mlop,0.54099,1
403.gcc-16B,pythia,0.55212,1
403.gcc-16B,nopref_MTPS150,0.18986,1
403.gcc-16B,spp_MTPS150,0.18833,1
403.gcc-16B,bingo_MTPS150,0.14484,1
403.gcc-16B,mlop_MTPS150,0.17187,1
403.gcc-16B,pythia_MTPS150,0.17558,1
403.gcc-16B,nopref_MTPS300,0.28097,1
403.gcc-16B,spp_MTPS300,0.30328,1
403.gcc-16B,bingo_MTPS300,0.25684,1
403.gcc-16B,mlop_MTPS300,0.29684,1
403.gcc-16B,pythia_MTPS300,0.30254,1
403.gcc-16B,nopref_MTPS600,0.33542,1
403.gcc-16B,spp_MTPS600,0.40016,1
403.gcc-16B,bingo_MTPS600,0.39833,1
403.gcc-16B,mlop_MTPS600,0.42361,1
403.gcc-16B,pythia_MTPS600,0.43068,1
403.gcc-16B,nopref_MTPS1200,0.36554,1
403.gcc-16B,spp_MTPS1200,0.45867,1
403.gcc-16B,bingo_MTPS1200,0.52824,1
403.gcc-16B,mlop_MTPS1200,0.50535,1
403.gcc-16B,pythia_MTPS1200,0.51201,1
403.gcc-16B,nopref_MTPS4800,0.38272,1
403.gcc-16B,spp_MTPS4800,0.49313,1
403.gcc-16B,bingo_MTPS4800,0.61368,1
403.gcc-16B,mlop_MTPS4800,0.55436,1
403.gcc-16B,pythia_MTPS4800,0.5688,1
403.gcc-16B,nopref_MTPS9600,0.38423,1
403.gcc-16B,spp_MTPS9600,0.49512,1
403.gcc-16B,bingo_MTPS9600,0.61685,1
403.gcc-16B,mlop_MTPS9600,0.55718,1
403.gcc-16B,pythia_MTPS9600,0.5723,1
410.bwaves-1963B,nopref,0.57958,1
410.bwaves-1963B,spp,1.11796,1
410.bwaves-1963B,bingo,0.99482,1
410.bwaves-1963B,mlop,1.13953,1
410.bwaves-1963B,pythia,1.16512,1
410.bwaves-1963B,nopref_MTPS150,0.21889,1
410.bwaves-1963B,spp_MTPS150,0.24242,1
410.bwaves-1963B,bingo_MTPS150,0.23678,1
410.bwaves-1963B,mlop_MTPS150,0.24349,1
410.bwaves-1963B,pythia_MTPS150,0.2428,1
410.bwaves-1963B,nopref_MTPS300,0.35845,1
410.bwaves-1963B,spp_MTPS300,0.47972,1
410.bwaves-1963B,bingo_MTPS300,0.41857,1
410.bwaves-1963B,mlop_MTPS300,0.4699,1
410.bwaves-1963B,pythia_MTPS300,0.47893,1
410.bwaves-1963B,nopref_MTPS600,0.50064,1
410.bwaves-1963B,spp_MTPS600,0.86663,1
410.bwaves-1963B,bingo_MTPS600,0.64665,1
410.bwaves-1963B,mlop_MTPS600,0.83372,1
410.bwaves-1963B,pythia_MTPS600,0.88164,1
410.bwaves-1963B,nopref_MTPS1200,0.56991,1
410.bwaves-1963B,spp_MTPS1200,1.07322,1
410.bwaves-1963B,bingo_MTPS1200,0.86212,1
410.bwaves-1963B,mlop_MTPS1200,1.0684,1
410.bwaves-1963B,pythia_MTPS1200,1.13041,1
410.bwaves-1963B,nopref_MTPS4800,0.58071,1
410.bwaves-1963B,spp_MTPS4800,1.1301,1
410.bwaves-1963B,bingo_MTPS4800,1.05795,1
410.bwaves-1963B,mlop_MTPS4800,1.16655,1
410.bwaves-1963B,pythia_MTPS4800,1.17247,1
410.bwaves-1963B,nopref_MTPS9600,0.58092,1
410.bwaves-1963B,spp_MTPS9600,1.13169,1
410.bwaves-1963B,bingo_MTPS9600,1.06017,1
410.bwaves-1963B,mlop_MTPS9600,1.16855,1
410.bwaves-1963B,pythia_MTPS9600,1.17423,1
429.mcf-184B,nopref,0.08238,1
429.mcf-184B,spp,0.08095,1
429.mcf-184B,bingo,0.06716,1
429.mcf-184B,mlop,0.09486,1
429.mcf-184B,pythia,0.10395,1
429.mcf-184B,nopref_MTPS150,0.06289,1
429.mcf-184B,spp_MTPS150,0.05839,1
429.mcf-184B,bingo_MTPS150,0.01089,1
429.mcf-184B,mlop_MTPS150,0.03569,1
429.mcf-184B,pythia_MTPS150,0.0518,1
429.mcf-184B,nopref_MTPS300,0.0783,1
429.mcf-184B,spp_MTPS300,0.07539,1
429.mcf-184B,bingo_MTPS300,0.02094,1
429.mcf-184B,mlop_MTPS300,0.06197,1
429.mcf-184B,pythia_MTPS300,0.08324,1
429.mcf-184B,nopref_MTPS600,0.08154,1
429.mcf-184B,spp_MTPS600,0.07982,1
429.mcf-184B,bingo_MTPS600,0.03681,1
429.mcf-184B,mlop_MTPS600,0.08424,1
429.mcf-184B,pythia_MTPS600,0.09788,1
429.mcf-184B,nopref_MTPS1200,0.08228,1
429.mcf-184B,spp_MTPS1200,0.08071,1
429.mcf-184B,bingo_MTPS1200,0.05582,1
429.mcf-184B,mlop_MTPS1200,0.09287,1
429.mcf-184B,pythia_MTPS1200,0.10222,1
429.mcf-184B,nopref_MTPS4800,0.08243,1
429.mcf-184B,spp_MTPS4800,0.08096,1
429.mcf-184B,bingo_MTPS4800,0.07029,1
429.mcf-184B,mlop_MTPS4800,0.0955,1
429.mcf-184B,pythia_MTPS4800,0.10413,1
429.mcf-184B,nopref_MTPS9600,0.08244,1
429.mcf-184B,spp_MTPS9600,0.08099,1
429.mcf-184B,bingo_MTPS9600,0.07077,1
429.mcf-184B,mlop_MTPS9600,0.09567,1
429.mcf-184B,pythia_MTPS9600,0.10412,1
429.mcf-192B,nopref,0.06807,1
429.mcf-192B,spp,0.06806,1
429.mcf-192B,bingo,0.04671,1
429.mcf-192B,mlop,0.09996,1
429.mcf-192B,pythia,0.10689,1
429.mcf-192B,nopref_MTPS150,0.06243,1
429.mcf-192B,spp_MTPS150,0.06241,1
429.mcf-192B,bingo_MTPS150,0.00789,1
429.mcf-192B,mlop_MTPS150,0.04877,1
429.mcf-192B,pythia_MTPS150,0.05975,1
429.mcf-192B,nopref_MTPS300,0.06794,1
429.mcf-192B,spp_MTPS300,0.06793,1
429.mcf-192B,bingo_MTPS300,0.01502,1
429.mcf-192B,mlop_MTPS300,0.07715,1
429.mcf-192B,pythia_MTPS300,0.08979,1
429.mcf-192B,nopref_MTPS600,0.06805,1
429.mcf-192B,spp_MTPS600,0.06804,1
429.mcf-192B,bingo_MTPS600,0.02595,1
429.mcf-192B,mlop_MTPS600,0.09436,1
429.mcf-192B,pythia_MTPS600,0.10237,1
429.mcf-192B,nopref_MTPS1200,0.06807,1
429.mcf-192B,spp_MTPS1200,0.06806,1
429.mcf-192B,bingo_MTPS1200,0.03848,1
429.mcf-192B,mlop_MTPS1200,0.09909,1
429.mcf-192B,pythia_MTPS1200,0.1056,1
429.mcf-192B,nopref_MTPS4800,0.06807,1
429.mcf-192B,spp_MTPS4800,0.06807,1
429.mcf-192B,bingo_MTPS4800,0.04925,1
429.mcf-192B,mlop_MTPS4800,0.1002,1
429.mcf-192B,pythia_MTPS4800,0.10641,1
429.mcf-192B,nopref_MTPS9600,0.06807,1
429.mcf-192B,spp_MTPS9600,0.06807,1
429.mcf-192B,bingo_MTPS9600,0.04942,1
429.mcf-192B,mlop_MTPS9600,0.10023,1
429.mcf-192B,pythia_MTPS9600,0.10632,1
429.mcf-51B,nopref,0.10178,1
429.mcf-51B,spp,0.09962,1
429.mcf-51B,bingo,0.08748,1
429.mcf-51B,mlop,0.10661,1
429.mcf-51B,pythia,0.11366,1
429.mcf-51B,nopref_MTPS150,0.06816,1
429.mcf-51B,spp_MTPS150,0.06225,1
429.mcf-51B,bingo_MTPS150,0.01257,1
429.mcf-51B,mlop_MTPS150,0.03789,1
429.mcf-51B,pythia_MTPS150,0.05373,1
429.mcf-51B,nopref_MTPS300,0.0934,1
429.mcf-51B,spp_MTPS300,0.08882,1
429.mcf-51B,bingo_MTPS300,0.02445,1
429.mcf-51B,mlop_MTPS300,0.06708,1
429.mcf-51B,pythia_MTPS300,0.09069,1
429.mcf-51B,nopref_MTPS600,0.10035,1
429.mcf-51B,spp_MTPS600,0.0976,1
429.mcf-51B,bingo_MTPS600,0.04439,1
429.mcf-51B,mlop_MTPS600,0.09343,1
429.mcf-51B,pythia_MTPS600,0.1078,1
429.mcf-51B,nopref_MTPS1200,0.10186,1
429.mcf-51B,spp_MTPS1200,0.0996,1
429.mcf-51B,bingo_MTPS1200,0.07086,1
429.mcf-51B,mlop_MTPS1200,0.10436,1
429.mcf-51B,pythia_MTPS1200,0.11272,1
429.mcf-51B,nopref_MTPS4800,0.10186,1
429.mcf-51B,spp_MTPS4800,0.09972,1
429.mcf-51B,bingo_MTPS4800,0.0918,1
429.mcf-51B,mlop_MTPS4800,0.10726,1
429.mcf-51B,pythia_MTPS4800,0.11333,1
429.mcf-51B,nopref_MTPS9600,0.1018,1
429.mcf-51B,spp_MTPS9600,0.09962,1
429.mcf-51B,bingo_MTPS9600,0.09248,1
429.mcf-51B,mlop_MTPS9600,0.10735,1
429.mcf-51B,pythia_MTPS9600,0.11296,1
433.milc-127B,nopref,0.42793,1
433.milc-127B,spp,0.61024,1
433.milc-127B,bingo,0.59618,1
433.milc-127B,mlop,0.58575,1
433.milc-127B,pythia,0.63143,1
433.milc-127B,nopref_MTPS150,0.17305,1
433.milc-127B,spp_MTPS150,0.16335,1
433.milc-127B,bingo_MTPS150,0.17695,1
433.milc-127B,mlop_MTPS150,0.08478,1
433.milc-127B,pythia_MTPS150,0.17673,1
433.milc-127B,nopref_MTPS300,0.29673,1
433.milc-127B,spp_MTPS300,0.31082,1
433.milc-127B,bingo_MTPS300,0.32565,1
433.milc-127B,mlop_MTPS300,0.16729,1
433.milc-127B,pythia_MTPS300,0.33519,1
433.milc-127B,nopref_MTPS600,0.37624,1
433.milc-127B,spp_MTPS600,0.48343,1
433.milc-127B,bingo_MTPS600,0.45422,1
433.milc-127B,mlop_MTPS600,0.30713,1
433.milc-127B,pythia_MTPS600,0.50961,1
433.milc-127B,nopref_MTPS1200,0.41029,1
433.milc-127B,spp_MTPS1200,0.58385,1
433.milc-127B,bingo_MTPS1200,0.5321,1
433.milc-127B,mlop_MTPS1200,0.48015,1
433.milc-127B,pythia_MTPS1200,0.59321,1
433.milc-127B,nopref_MTPS4800,0.43539,1
433.milc-127B,spp_MTPS4800,0.61274,1
433.milc-127B,bingo_MTPS4800,0.62741,1
433.milc-127B,mlop_MTPS4800,0.61414,1
433.milc-127B,pythia_MTPS4800,0.64605,1
433.milc-127B,nopref_MTPS9600,0.43755,1
433.milc-127B,spp_MTPS9600,0.61989,1
433.milc-127B,bingo_MTPS9600,0.6352,1
433.milc-127B,mlop_MTPS9600,0.61821,1
433.milc-127B,pythia_MTPS9600,0.6501,1
436.cactusADM-1804B,nopref,0.3697,1
436.cactusADM-1804B,spp,0.3972,1
436.cactusADM-1804B,bingo,0.40128,1
436.cactusADM-1804B,mlop,0.38611,1
436.cactusADM-1804B,pythia,0.40097,1
436.cactusADM-1804B,nopref_MTPS150,0.32877,1
436.cactusADM-1804B,spp_MTPS150,0.36556,1
436.cactusADM-1804B,bingo_MTPS150,0.37501,1
436.cactusADM-1804B,mlop_MTPS150,0.34644,1
436.cactusADM-1804B,pythia_MTPS150,0.37387,1
436.cactusADM-1804B,nopref_MTPS300,0.35648,1
436.cactusADM-1804B,spp_MTPS300,0.38499,1
436.cactusADM-1804B,bingo_MTPS300,0.39057,1
436.cactusADM-1804B,mlop_MTPS300,0.37093,1
436.cactusADM-1804B,pythia_MTPS300,0.38962,1
436.cactusADM-1804B,nopref_MTPS600,0.36704,1
436.cactusADM-1804B,spp_MTPS600,0.39319,1
436.cactusADM-1804B,bingo_MTPS600,0.3977,1
436.cactusADM-1804B,mlop_MTPS600,0.38156,1
436.cactusADM-1804B,pythia_MTPS600,0.39722,1
436.cactusADM-1804B,nopref_MTPS1200,0.36919,1
436.cactusADM-1804B,spp_MTPS1200,0.3965,1
436.cactusADM-1804B,bingo_MTPS1200,0.40055,1
436.cactusADM-1804B,mlop_MTPS1200,0.38531,1
436.cactusADM-1804B,pythia_MTPS1200,0.40031,1
436.cactusADM-1804B,nopref_MTPS4800,0.36975,1
436.cactusADM-1804B,spp_MTPS4800,0.39735,1
436.cactusADM-1804B,bingo_MTPS4800,0.40147,1
436.cactusADM-1804B,mlop_MTPS4800,0.38636,1
436.cactusADM-1804B,pythia_MTPS4800,0.4011,1
436.cactusADM-1804B,nopref_MTPS9600,0.36974,1
436.cactusADM-1804B,spp_MTPS9600,0.39738,1
436.cactusADM-1804B,bingo_MTPS9600,0.40149,1
436.cactusADM-1804B,mlop_MTPS9600,0.38642,1
436.cactusADM-1804B,pythia_MTPS9600,0.40111,1
437.leslie3d-149B,nopref,0.60311,1
437.leslie3d-149B,spp,1.08768,1
437.leslie3d-149B,bingo,1.05946,1
437.leslie3d-149B,mlop,0.99363,1
437.leslie3d-149B,pythia,1.1296,1
437.leslie3d-149B,nopref_MTPS150,0.43163,1
437.leslie3d-149B,spp_MTPS150,0.4906,1
437.leslie3d-149B,bingo_MTPS150,0.47226,1
437.leslie3d-149B,mlop_MTPS150,0.49516,1
437.leslie3d-149B,pythia_MTPS150,0.50506,1
437.leslie3d-149B,nopref_MTPS300,0.56113,1
437.leslie3d-149B,spp_MTPS300,0.83046,1
437.leslie3d-149B,bingo_MTPS300,0.74911,1
437.leslie3d-149B,mlop_MTPS300,0.78289,1
437.leslie3d-149B,pythia_MTPS300,0.85924,1
437.leslie3d-149B,nopref_MTPS600,0.59494,1
437.leslie3d-149B,spp_MTPS600,1.02772,1
437.leslie3d-149B,bingo_MTPS600,0.93416,1
437.leslie3d-149B,mlop_MTPS600,0.93453,1
437.leslie3d-149B,pythia_MTPS600,1.06065,1
437.leslie3d-149B,nopref_MTPS1200,0.60128,1
437.leslie3d-149B,spp_MTPS1200,1.08006,1
437.leslie3d-149B,bingo_MTPS1200,1.0221,1
437.leslie3d-149B,mlop_MTPS1200,0.98245,1
437.leslie3d-149B,pythia_MTPS1200,1.11639,1
437.leslie3d-149B,nopref_MTPS4800,0.60391,1
437.leslie3d-149B,spp_MTPS4800,1.08989,1
437.leslie3d-149B,bingo_MTPS4800,1.07296,1
437.leslie3d-149B,mlop_MTPS4800,0.99598,1
437.leslie3d-149B,pythia_MTPS4800,1.13245,1
437.leslie3d-149B,nopref_MTPS9600,0.60416,1
437.leslie3d-149B,spp_MTPS9600,1.08948,1
437.leslie3d-149B,bingo_MTPS9600,1.07369,1
437.leslie3d-149B,mlop_MTPS9600,0.99623,1
437.leslie3d-149B,pythia_MTPS9600,1.13311,1
437.leslie3d-232B,nopref,0.5913,1
437.leslie3d-232B,spp,1.05265,1
437.leslie3d-232B,bingo,1.03157,1
437.leslie3d-232B,mlop,1.00397,1
437.leslie3d-232B,pythia,1.09637,1
437.leslie3d-232B,nopref_MTPS150,0.41245,1
437.leslie3d-232B,spp_MTPS150,0.47603,1
437.leslie3d-232B,bingo_MTPS150,0.45448,1
437.leslie3d-232B,mlop_MTPS150,0.46421,1
437.leslie3d-232B,pythia_MTPS150,0.47984,1
437.leslie3d-232B,nopref_MTPS300,0.54419,1
437.leslie3d-232B,spp_MTPS300,0.78276,1
437.leslie3d-232B,bingo_MTPS300,0.72756,1
437.leslie3d-232B,mlop_MTPS300,0.74655,1
437.leslie3d-232B,pythia_MTPS300,0.80925,1
437.leslie3d-232B,nopref_MTPS600,0.58196,1
437.leslie3d-232B,spp_MTPS600,0.98037,1
437.leslie3d-232B,bingo_MTPS600,0.91482,1
437.leslie3d-232B,mlop_MTPS600,0.92503,1
437.leslie3d-232B,pythia_MTPS600,1.01569,1
437.leslie3d-232B,nopref_MTPS1200,0.58947,1
437.leslie3d-232B,spp_MTPS1200,1.04396,1
437.leslie3d-232B,bingo_MTPS1200,1.00045,1
437.leslie3d-232B,mlop_MTPS1200,0.99076,1
437.leslie3d-232B,pythia_MTPS1200,1.08366,1
437.leslie3d-232B,nopref_MTPS4800,0.5921,1
437.leslie3d-232B,spp_MTPS4800,1.05426,1
437.leslie3d-232B,bingo_MTPS4800,1.04223,1
437.leslie3d-232B,mlop_MTPS4800,1.00698,1
437.leslie3d-232B,pythia_MTPS4800,1.09909,1
437.leslie3d-232B,nopref_MTPS9600,0.59236,1
437.leslie3d-232B,spp_MTPS9600,1.05425,1
437.leslie3d-232B,bingo_MTPS9600,1.0425,1
437.leslie3d-232B,mlop_MTPS9600,1.0071,1
437.leslie3d-232B,pythia_MTPS9600,1.0996,1
437.leslie3d-265B,nopref,0.62022,1
437.leslie3d-265B,spp,1.06506,1
437.leslie3d-265B,bingo,1.0471,1
437.leslie3d-265B,mlop,1.00782,1
437.leslie3d-265B,pythia,1.11704,1
437.leslie3d-265B,nopref_MTPS150,0.45356,1
437.leslie3d-265B,spp_MTPS150,0.51786,1
437.leslie3d-265B,bingo_MTPS150,0.50823,1
437.leslie3d-265B,mlop_MTPS150,0.52082,1
437.leslie3d-265B,pythia_MTPS150,0.54712,1
437.leslie3d-265B,nopref_MTPS300,0.57984,1
437.leslie3d-265B,spp_MTPS300,0.8513,1
437.leslie3d-265B,bingo_MTPS300,0.78235,1
437.leslie3d-265B,mlop_MTPS300,0.81532,1
437.leslie3d-265B,pythia_MTPS300,0.89801,1
437.leslie3d-265B,nopref_MTPS600,0.61371,1
437.leslie3d-265B,spp_MTPS600,1.02275,1
437.leslie3d-265B,bingo_MTPS600,0.94522,1
437.leslie3d-265B,mlop_MTPS600,0.95849,1
437.leslie3d-265B,pythia_MTPS600,1.07158,1
437.leslie3d-265B,nopref_MTPS1200,0.61852,1
437.leslie3d-265B,spp_MTPS1200,1.05881,1
437.leslie3d-265B,bingo_MTPS1200,1.01707,1
437.leslie3d-265B,mlop_MTPS1200,0.99755,1
437.leslie3d-265B,pythia_MTPS1200,1.11,1
437.leslie3d-265B,nopref_MTPS4800,0.62116,1
437.leslie3d-265B,spp_MTPS4800,1.06607,1
437.leslie3d-265B,bingo_MTPS4800,1.05847,1
437.leslie3d-265B,mlop_MTPS4800,1.01038,1
437.leslie3d-265B,pythia_MTPS4800,1.11879,1
437.leslie3d-265B,nopref_MTPS9600,0.62153,1
437.leslie3d-265B,spp_MTPS9600,1.06644,1
437.leslie3d-265B,bingo_MTPS9600,1.05875,1
437.leslie3d-265B,mlop_MTPS9600,1.0106,1
437.leslie3d-265B,pythia_MTPS9600,1.11918,1
437.leslie3d-271B,nopref,0.60162,1
437.leslie3d-271B,spp,1.07741,1
437.leslie3d-271B,bingo,1.05627,1
437.leslie3d-271B,mlop,1.00674,1
437.leslie3d-271B,pythia,1.12752,1
437.leslie3d-271B,nopref_MTPS150,0.45998,1
437.leslie3d-271B,spp_MTPS150,0.52754,1
437.leslie3d-271B,bingo_MTPS150,0.51291,1
437.leslie3d-271B,mlop_MTPS150,0.5439,1
437.leslie3d-271B,pythia_MTPS150,0.55956,1
437.leslie3d-271B,nopref_MTPS300,0.57349,1
437.leslie3d-271B,spp_MTPS300,0.87592,1
437.leslie3d-271B,bingo_MTPS300,0.78914,1
437.leslie3d-271B,mlop_MTPS300,0.84369,1
437.leslie3d-271B,pythia_MTPS300,0.92396,1
437.leslie3d-271B,nopref_MTPS600,0.59852,1
437.leslie3d-271B,spp_MTPS600,1.04229,1
437.leslie3d-271B,bingo_MTPS600,0.94982,1
437.leslie3d-271B,mlop_MTPS600,0.96727,1
437.leslie3d-271B,pythia_MTPS600,1.08923,1
437.leslie3d-271B,nopref_MTPS1200,0.60098,1
437.leslie3d-271B,spp_MTPS1200,1.07354,1
437.leslie3d-271B,bingo_MTPS1200,1.0252,1
437.leslie3d-271B,mlop_MTPS1200,0.99904,1
437.leslie3d-271B,pythia_MTPS1200,1.12157,1
437.leslie3d-271B,nopref_MTPS4800,0.60189,1
437.leslie3d-271B,spp_MTPS4800,1.07853,1
437.leslie3d-271B,bingo_MTPS4800,1.06824,1
437.leslie3d-271B,mlop_MTPS4800,1.00938,1
437.leslie3d-271B,pythia_MTPS4800,1.12902,1
437.leslie3d-271B,nopref_MTPS9600,0.60197,1
437.leslie3d-271B,spp_MTPS9600,1.07852,1
437.leslie3d-271B,bingo_MTPS9600,1.06873,1
437.leslie3d-271B,mlop_MTPS9600,1.0097,1
437.leslie3d-271B,pythia_MTPS9600,1.12929,1
445.gobmk-30B,nopref,0.37578,1
445.gobmk-30B,spp,0.37704,1
445.gobmk-30B,bingo,0.37868,1
445.gobmk-30B,mlop,0.37749,1
445.gobmk-30B,pythia,0.37862,1
445.gobmk-30B,nopref_MTPS150,0.30993,1
445.gobmk-30B,spp_MTPS150,0.31082,1
445.gobmk-30B,bingo_MTPS150,0.31023,1
445.gobmk-30B,mlop_MTPS150,0.31042,1
445.gobmk-30B,pythia_MTPS150,0.312,1
445.gobmk-30B,nopref_MTPS300,0.34258,1
445.gobmk-30B,spp_MTPS300,0.34366,1
445.gobmk-30B,bingo_MTPS300,0.34427,1
445.gobmk-30B,mlop_MTPS300,0.34378,1
445.gobmk-30B,pythia_MTPS300,0.34511,1
445.gobmk-30B,nopref_MTPS600,0.36009,1
445.gobmk-30B,spp_MTPS600,0.36126,1
445.gobmk-30B,bingo_MTPS600,0.36255,1
445.gobmk-30B,mlop_MTPS600,0.36161,1
445.gobmk-30B,pythia_MTPS600,0.3628,1
445.gobmk-30B,nopref_MTPS1200,0.36983,1
445.gobmk-30B,spp_MTPS1200,0.37105,1
445.gobmk-30B,bingo_MTPS1200,0.37262,1
445.gobmk-30B,mlop_MTPS1200,0.37149,1
445.gobmk-30B,pythia_MTPS1200,0.37262,1
445.gobmk-30B,nopref_MTPS4800,0.3791,1
445.gobmk-30B,spp_MTPS4800,0.38038,1
445.gobmk-30B,bingo_MTPS4800,0.38201,1
445.gobmk-30B,mlop_MTPS4800,0.38084,1
445.gobmk-30B,pythia_MTPS4800,0.38196,1
445.gobmk-30B,nopref_MTPS9600,0.37995,1
445.gobmk-30B,spp_MTPS9600,0.38123,1
445.gobmk-30B,bingo_MTPS9600,0.38286,1
445.gobmk-30B,mlop_MTPS9600,0.3817,1
445.gobmk-30B,pythia_MTPS9600,0.38281,1
445.gobmk-36B,nopref,0.37997,1
445.gobmk-36B,spp,0.38122,1
445.gobmk-36B,bingo,0.38281,1
445.gobmk-36B,mlop,0.38189,1
445.gobmk-36B,pythia,0.38268,1
445.gobmk-36B,nopref_MTPS150,0.31318,1
445.gobmk-36B,spp_MTPS150,0.31393,1
445.gobmk-36B,bingo_MTPS150,0.31094,1
445.gobmk-36B,mlop_MTPS150,0.31043,1
445.gobmk-36B,pythia_MTPS150,0.31474,1
445.gobmk-36B,nopref_MTPS300,0.34619,1
445.gobmk-36B,spp_MTPS300,0.34724,1
445.gobmk-36B,bingo_MTPS300,0.3469,1
445.gobmk-36B,mlop_MTPS300,0.34621,1
445.gobmk-36B,pythia_MTPS300,0.34856,1
445.gobmk-36B,nopref_MTPS600,0.36394,1
445.gobmk-36B,spp_MTPS600,0.36508,1
445.gobmk-36B,bingo_MTPS600,0.36624,1
445.gobmk-36B,mlop_MTPS600,0.36537,1
445.gobmk-36B,pythia_MTPS600,0.36649,1
445.gobmk-36B,nopref_MTPS1200,0.3739,1
445.gobmk-36B,spp_MTPS1200,0.3751,1
445.gobmk-36B,bingo_MTPS1200,0.37663,1
445.gobmk-36B,mlop_MTPS1200,0.37571,1
445.gobmk-36B,pythia_MTPS1200,0.37654,1
445.gobmk-36B,nopref_MTPS4800,0.38334,1
445.gobmk-36B,spp_MTPS4800,0.38463,1
445.gobmk-36B,bingo_MTPS4800,0.3862,1
445.gobmk-36B,mlop_MTPS4800,0.3853,1
445.gobmk-36B,pythia_MTPS4800,0.38607,1
445.gobmk-36B,nopref_MTPS9600,0.38419,1
445.gobmk-36B,spp_MTPS9600,0.38549,1
445.gobmk-36B,bingo_MTPS9600,0.38703,1
445.gobmk-36B,mlop_MTPS9600,0.38614,1
445.gobmk-36B,pythia_MTPS9600,0.38691,1
450.soplex-247B,nopref,0.28131,1
450.soplex-247B,spp,0.33427,1
450.soplex-247B,bingo,0.37206,1
450.soplex-247B,mlop,0.33203,1
450.soplex-247B,pythia,0.39374,1
450.soplex-247B,nopref_MTPS150,0.11782,1
450.soplex-247B,spp_MTPS150,0.10179,1
450.soplex-247B,bingo_MTPS150,0.07167,1
450.soplex-247B,mlop_MTPS150,0.08452,1
450.soplex-247B,pythia_MTPS150,0.10008,1
450.soplex-247B,nopref_MTPS300,0.19006,1
450.soplex-247B,spp_MTPS300,0.17992,1
450.soplex-247B,bingo_MTPS300,0.13338,1
450.soplex-247B,mlop_MTPS300,0.15259,1
450.soplex-247B,pythia_MTPS300,0.18247,1
450.soplex-247B,nopref_MTPS600,0.24475,1
450.soplex-247B,spp_MTPS600,0.26117,1
450.soplex-247B,bingo_MTPS600,0.22074,1
450.soplex-247B,mlop_MTPS600,0.2349,1
450.soplex-247B,pythia_MTPS600,0.28288,1
450.soplex-247B,nopref_MTPS1200,0.27144,1
450.soplex-247B,spp_MTPS1200,0.314,1
450.soplex-247B,bingo_MTPS1200,0.3151,1
450.soplex-247B,mlop_MTPS1200,0.30192,1
450.soplex-247B,pythia_MTPS1200,0.36107,1
450.soplex-247B,nopref_MTPS4800,0.28478,1
450.soplex-247B,spp_MTPS4800,0.34149,1
450.soplex-247B,bingo_MTPS4800,0.39248,1
450.soplex-247B,mlop_MTPS4800,0.34198,1
450.soplex-247B,pythia_MTPS4800,0.40444,1
450.soplex-247B,nopref_MTPS9600,0.28575,1
450.soplex-247B,spp_MTPS9600,0.34321,1
450.soplex-247B,bingo_MTPS9600,0.39488,1
450.soplex-247B,mlop_MTPS9600,0.34416,1
450.soplex-247B,pythia_MTPS9600,0.40698,1
459.GemsFDTD-1211B,nopref,0.48018,1
459.GemsFDTD-1211B,spp,0.66235,1
459.GemsFDTD-1211B,bingo,0.65893,1
459.GemsFDTD-1211B,mlop,0.68258,1
459.GemsFDTD-1211B,pythia,0.68152,1
459.GemsFDTD-1211B,nopref_MTPS150,0.3793,1
459.GemsFDTD-1211B,spp_MTPS150,0.42995,1
459.GemsFDTD-1211B,bingo_MTPS150,0.37698,1
459.GemsFDTD-1211B,mlop_MTPS150,0.41504,1
459.GemsFDTD-1211B,pythia_MTPS150,0.414,1
459.GemsFDTD-1211B,nopref_MTPS300,0.44959,1
459.GemsFDTD-1211B,spp_MTPS300,0.6321,1
459.GemsFDTD-1211B,bingo_MTPS300,0.52166,1
459.GemsFDTD-1211B,mlop_MTPS300,0.61985,1
459.GemsFDTD-1211B,pythia_MTPS300,0.64764,1
459.GemsFDTD-1211B,nopref_MTPS600,0.47665,1
459.GemsFDTD-1211B,spp_MTPS600,0.65462,1
459.GemsFDTD-1211B,bingo_MTPS600,0.60466,1
459.GemsFDTD-1211B,mlop_MTPS600,0.66238,1
459.GemsFDTD-1211B,pythia_MTPS600,0.67445,1
459.GemsFDTD-1211B,nopref_MTPS1200,0.47974,1
459.GemsFDTD-1211B,spp_MTPS1200,0.66098,1
459.GemsFDTD-1211B,bingo_MTPS1200,0.64389,1
459.GemsFDTD-1211B,mlop_MTPS1200,0.67797,1
459.GemsFDTD-1211B,pythia_MTPS1200,0.68059,1
459.GemsFDTD-1211B,nopref_MTPS4800,0.48029,1
459.GemsFDTD-1211B,spp_MTPS4800,0.66259,1
459.GemsFDTD-1211B,bingo_MTPS4800,0.6641,1
459.GemsFDTD-1211B,mlop_MTPS4800,0.68395,1
459.GemsFDTD-1211B,pythia_MTPS4800,0.68167,1
459.GemsFDTD-1211B,nopref_MTPS9600,0.48031,1
459.GemsFDTD-1211B,spp_MTPS9600,0.66263,1
459.GemsFDTD-1211B,bingo_MTPS9600,0.66419,1
459.GemsFDTD-1211B,mlop_MTPS9600,0.68402,1
459.GemsFDTD-1211B,pythia_MTPS9600,0.68169,1
459.GemsFDTD-1418B,nopref,0.51512,1
459.GemsFDTD-1418B,spp,0.59889,1
459.GemsFDTD-1418B,bingo,0.57892,1
459.GemsFDTD-1418B,mlop,0.63106,1
459.GemsFDTD-1418B,pythia,0.61244,1
459.GemsFDTD-1418B,nopref_MTPS150,0.39972,1
459.GemsFDTD-1418B,spp_MTPS150,0.36002,1
459.GemsFDTD-1418B,bingo_MTPS150,0.3879,1
459.GemsFDTD-1418B,mlop_MTPS150,0.37537,1
459.GemsFDTD-1418B,pythia_MTPS150,0.39465,1
459.GemsFDTD-1418B,nopref_MTPS300,0.47696,1
459.GemsFDTD-1418B,spp_MTPS300,0.52881,1
459.GemsFDTD-1418B,bingo_MTPS300,0.50031,1
459.GemsFDTD-1418B,mlop_MTPS300,0.53686,1
459.GemsFDTD-1418B,pythia_MTPS300,0.55308,1
459.GemsFDTD-1418B,nopref_MTPS600,0.50622,1
459.GemsFDTD-1418B,spp_MTPS600,0.56854,1
459.GemsFDTD-1418B,bingo_MTPS600,0.55247,1
459.GemsFDTD-1418B,mlop_MTPS600,0.60275,1
459.GemsFDTD-1418B,pythia_MTPS600,0.59624,1
459.GemsFDTD-1418B,nopref_MTPS1200,0.51287,1
459.GemsFDTD-1418B,spp_MTPS1200,0.59377,1
459.GemsFDTD-1418B,bingo_MTPS1200,0.5717,1
459.GemsFDTD-1418B,mlop_MTPS1200,0.62493,1
459.GemsFDTD-1418B,pythia_MTPS1200,0.60885,1
459.GemsFDTD-1418B,nopref_MTPS4800,0.51562,1
459.GemsFDTD-1418B,spp_MTPS4800,0.60011,1
459.GemsFDTD-1418B,bingo_MTPS4800,0.58122,1
459.GemsFDTD-1418B,mlop_MTPS4800,0.63319,1
459.GemsFDTD-1418B,pythia_MTPS4800,0.61292,1
459.GemsFDTD-1418B,nopref_MTPS9600,0.51571,1
459.GemsFDTD-1418B,spp_MTPS9600,0.61203,1
459.GemsFDTD-1418B,bingo_MTPS9600,0.5814,1
459.GemsFDTD-1418B,mlop_MTPS9600,0.63326,1
459.GemsFDTD-1418B,pythia_MTPS9600,0.61264,1
459.GemsFDTD-765B,nopref,0.5122,1
459.GemsFDTD-765B,spp,0.7055,1
459.GemsFDTD-765B,bingo,0.68792,1
459.GemsFDTD-765B,mlop,0.72077,1
459.GemsFDTD-765B,pythia,0.71893,1
459.GemsFDTD-765B,nopref_MTPS150,0.38659,1
459.GemsFDTD-765B,spp_MTPS150,0.4213,1
459.GemsFDTD-765B,bingo_MTPS150,0.36521,1
459.GemsFDTD-765B,mlop_MTPS150,0.4022,1
459.GemsFDTD-765B,pythia_MTPS150,0.40154,1
459.GemsFDTD-765B,nopref_MTPS300,0.47213,1
459.GemsFDTD-765B,spp_MTPS300,0.66077,1
459.GemsFDTD-765B,bingo_MTPS300,0.51898,1
459.GemsFDTD-765B,mlop_MTPS300,0.63302,1
459.GemsFDTD-765B,pythia_MTPS300,0.66621,1
459.GemsFDTD-765B,nopref_MTPS600,0.50703,1
459.GemsFDTD-765B,spp_MTPS600,0.69395,1
459.GemsFDTD-765B,bingo_MTPS600,0.6188,1
459.GemsFDTD-765B,mlop_MTPS600,0.69175,1
459.GemsFDTD-765B,pythia_MTPS600,0.70772,1
459.GemsFDTD-765B,nopref_MTPS1200,0.51143,1
459.GemsFDTD-765B,spp_MTPS1200,0.70338,1
459.GemsFDTD-765B,bingo_MTPS1200,0.66859,1
459.GemsFDTD-765B,mlop_MTPS1200,0.71387,1
459.GemsFDTD-765B,pythia_MTPS1200,0.71721,1
459.GemsFDTD-765B,nopref_MTPS4800,0.51237,1
459.GemsFDTD-765B,spp_MTPS4800,0.70577,1
459.GemsFDTD-765B,bingo_MTPS4800,0.69482,1
459.GemsFDTD-765B,mlop_MTPS4800,0.72243,1
459.GemsFDTD-765B,pythia_MTPS4800,0.71919,1
459.GemsFDTD-765B,nopref_MTPS9600,0.51241,1
459.GemsFDTD-765B,spp_MTPS9600,0.70585,1
459.GemsFDTD-765B,bingo_MTPS9600,0.69502,1
459.GemsFDTD-765B,mlop_MTPS9600,0.72249,1
459.GemsFDTD-765B,pythia_MTPS9600,0.71924,1
462.libquantum-1343B,nopref,0.349,1
462.libquantum-1343B,spp,0.62953,1
462.libquantum-1343B,bingo,0.72432,1
462.libquantum-1343B,mlop,0.72938,1
462.libquantum-1343B,pythia,0.64728,1
462.libquantum-1343B,nopref_MTPS150,0.12297,1
462.libquantum-1343B,spp_MTPS150,0.13066,1
462.libquantum-1343B,bingo_MTPS150,0.13093,1
462.libquantum-1343B,mlop_MTPS150,0.13108,1
462.libquantum-1343B,pythia_MTPS150,0.13105,1
462.libquantum-1343B,nopref_MTPS300,0.21435,1
462.libquantum-1343B,spp_MTPS300,0.25182,1
462.libquantum-1343B,bingo_MTPS300,0.2523,1
462.libquantum-1343B,mlop_MTPS300,0.25316,1
462.libquantum-1343B,pythia_MTPS300,0.25111,1
462.libquantum-1343B,nopref_MTPS600,0.29577,1
462.libquantum-1343B,spp_MTPS600,0.42586,1
462.libquantum-1343B,bingo_MTPS600,0.44337,1
462.libquantum-1343B,mlop_MTPS600,0.44632,1
462.libquantum-1343B,pythia_MTPS600,0.42563,1
462.libquantum-1343B,nopref_MTPS1200,0.3325,1
462.libquantum-1343B,spp_MTPS1200,0.56613,1
462.libquantum-1343B,bingo_MTPS1200,0.6214,1
462.libquantum-1343B,mlop_MTPS1200,0.6399,1
462.libquantum-1343B,pythia_MTPS1200,0.57908,1
462.libquantum-1343B,nopref_MTPS4800,0.35408,1
462.libquantum-1343B,spp_MTPS4800,0.66449,1
462.libquantum-1343B,bingo_MTPS4800,0.79438,1
462.libquantum-1343B,mlop_MTPS4800,0.78518,1
462.libquantum-1343B,pythia_MTPS4800,0.68202,1
462.libquantum-1343B,nopref_MTPS9600,0.35566,1
462.libquantum-1343B,spp_MTPS9600,0.67124,1
462.libquantum-1343B,bingo_MTPS9600,0.7957,1
462.libquantum-1343B,mlop_MTPS9600,0.7973,1
462.libquantum-1343B,pythia_MTPS9600,0.68563,1
462.libquantum-714B,nopref,0.33606,1
462.libquantum-714B,spp,0.59718,1
462.libquantum-714B,bingo,0.67644,1
462.libquantum-714B,mlop,0.67837,1
462.libquantum-714B,pythia,0.60599,1
462.libquantum-714B,nopref_MTPS150,0.107,1
462.libquantum-714B,spp_MTPS150,0.11012,1
462.libquantum-714B,bingo_MTPS150,0.11157,1
462.libquantum-714B,mlop_MTPS150,0.11169,1
462.libquantum-714B,pythia_MTPS150,0.11165,1
462.libquantum-714B,nopref_MTPS300,0.18914,1
462.libquantum-714B,spp_MTPS300,0.21123,1
462.libquantum-714B,bingo_MTPS300,0.21326,1
462.libquantum-714B,mlop_MTPS300,0.21418,1
462.libquantum-714B,pythia_MTPS300,0.2132,1
462.libquantum-714B,nopref_MTPS600,0.27212,1
462.libquantum-714B,spp_MTPS600,0.36551,1
462.libquantum-714B,bingo_MTPS600,0.37152,1
462.libquantum-714B,mlop_MTPS600,0.37545,1
462.libquantum-714B,pythia_MTPS600,0.36265,1
462.libquantum-714B,nopref_MTPS1200,0.31552,1
462.libquantum-714B,spp_MTPS1200,0.51426,1
462.libquantum-714B,bingo_MTPS1200,0.54275,1
462.libquantum-714B,mlop_MTPS1200,0.55199,1
462.libquantum-714B,pythia_MTPS1200,0.5069,1
462.libquantum-714B,nopref_MTPS4800,0.34349,1
462.libquantum-714B,spp_MTPS4800,0.64191,1
462.libquantum-714B,bingo_MTPS4800,0.79629,1
462.libquantum-714B,mlop_MTPS4800,0.76178,1
462.libquantum-714B,pythia_MTPS4800,0.65646,1
462.libquantum-714B,nopref_MTPS9600,0.34585,1
462.libquantum-714B,spp_MTPS9600,0.65138,1
462.libquantum-714B,bingo_MTPS9600,0.79815,1
462.libquantum-714B,mlop_MTPS9600,0.77833,1
462.libquantum-714B,pythia_MTPS9600,0.6594,1
470.lbm-1274B,nopref,0.46547,1
470.lbm-1274B,spp,0.62967,1
470.lbm-1274B,bingo,0.65141,1
470.lbm-1274B,mlop,0.63154,1
470.lbm-1274B,pythia,0.62699,1
470.lbm-1274B,nopref_MTPS150,0.09085,1
470.lbm-1274B,spp_MTPS150,0.0893,1
470.lbm-1274B,bingo_MTPS150,0.09106,1
470.lbm-1274B,mlop_MTPS150,0.08955,1
470.lbm-1274B,pythia_MTPS150,0.09104,1
470.lbm-1274B,nopref_MTPS300,0.17407,1
470.lbm-1274B,spp_MTPS300,0.17042,1
470.lbm-1274B,bingo_MTPS300,0.17399,1
470.lbm-1274B,mlop_MTPS300,0.17074,1
470.lbm-1274B,pythia_MTPS300,0.17421,1
470.lbm-1274B,nopref_MTPS600,0.295,1
470.lbm-1274B,spp_MTPS600,0.29718,1
470.lbm-1274B,bingo_MTPS600,0.30348,1
470.lbm-1274B,mlop_MTPS600,0.29713,1
470.lbm-1274B,pythia_MTPS600,0.30396,1
470.lbm-1274B,nopref_MTPS1200,0.40364,1
470.lbm-1274B,spp_MTPS1200,0.47885,1
470.lbm-1274B,bingo_MTPS1200,0.48935,1
470.lbm-1274B,mlop_MTPS1200,0.48038,1
470.lbm-1274B,pythia_MTPS1200,0.48407,1
470.lbm-1274B,nopref_MTPS4800,0.5082,1
470.lbm-1274B,spp_MTPS4800,0.71155,1
470.lbm-1274B,bingo_MTPS4800,0.74642,1
470.lbm-1274B,mlop_MTPS4800,0.71104,1
470.lbm-1274B,pythia_MTPS4800,0.70963,1
470.lbm-1274B,nopref_MTPS9600,0.51933,1
470.lbm-1274B,spp_MTPS9600,0.73406,1
470.lbm-1274B,bingo_MTPS9600,0.77162,1
470.lbm-1274B,mlop_MTPS9600,0.73496,1
470.lbm-1274B,pythia_MTPS9600,0.73259,1
471.omnetpp-188B,nopref,0.25115,1
471.omnetpp-188B,spp,0.26506,1
471.omnetpp-188B,bingo,0.29373,1
471.omnetpp-188B,mlop,0.26666,1
471.omnetpp-188B,pythia,0.27778,1
471.omnetpp-188B,nopref_MTPS150,0.17832,1
471.omnetpp-188B,spp_MTPS150,0.16486,1
471.omnetpp-188B,bingo_MTPS150,0.12125,1
471.omnetpp-188B,mlop_MTPS150,0.12859,1
471.omnetpp-188B,pythia_MTPS150,0.1482,1
471.omnetpp-188B,nopref_MTPS300,0.23119,1
471.omnetpp-188B,spp_MTPS300,0.2378,1
471.omnetpp-188B,bingo_MTPS300,0.20573,1
471.omnetpp-188B,mlop_MTPS300,0.2109,1
471.omnetpp-188B,pythia_MTPS300,0.23245,1
471.omnetpp-188B,nopref_MTPS600,0.24472,1
471.omnetpp-188B,spp_MTPS600,0.25784,1
471.omnetpp-188B,bingo_MTPS600,0.26357,1
471.omnetpp-188B,mlop_MTPS600,0.25386,1
471.omnetpp-188B,pythia_MTPS600,0.26708,1
471.omnetpp-188B,nopref_MTPS1200,0.24933,1
471.omnetpp-188B,spp_MTPS1200,0.26318,1
471.omnetpp-188B,bingo_MTPS1200,0.28697,1
471.omnetpp-188B,mlop_MTPS1200,0.26403,1
471.omnetpp-188B,pythia_MTPS1200,0.27498,1
471.omnetpp-188B,nopref_MTPS4800,0.25196,1
471.omnetpp-188B,spp_MTPS4800,0.26584,1
471.omnetpp-188B,bingo_MTPS4800,0.29531,1
471.omnetpp-188B,mlop_MTPS4800,0.26766,1
471.omnetpp-188B,pythia_MTPS4800,0.27843,1
471.omnetpp-188B,nopref_MTPS9600,0.25225,1
471.omnetpp-188B,spp_MTPS9600,0.26606,1
471.omnetpp-188B,bingo_MTPS9600,0.29569,1
471.omnetpp-188B,mlop_MTPS9600,0.26797,1
471.omnetpp-188B,pythia_MTPS9600,0.27879,1
473.astar-359B,nopref,0.12383,1
473.astar-359B,spp,0.12583,1
473.astar-359B,bingo,0.13972,1
473.astar-359B,mlop,0.13519,1
473.astar-359B,pythia,0.13882,1
473.astar-359B,nopref_MTPS150,0.07202,1
473.astar-359B,spp_MTPS150,0.06476,1
473.astar-359B,bingo_MTPS150,0.0407,1
473.astar-359B,mlop_MTPS150,0.05933,1
473.astar-359B,pythia_MTPS150,0.06392,1
473.astar-359B,nopref_MTPS300,0.09851,1
473.astar-359B,spp_MTPS300,0.0943,1
473.astar-359B,bingo_MTPS300,0.07611,1
473.astar-359B,mlop_MTPS300,0.09642,1
473.astar-359B,pythia_MTPS300,0.10112,1
473.astar-359B,nopref_MTPS600,0.11468,1
473.astar-359B,spp_MTPS600,0.11366,1
473.astar-359B,bingo_MTPS600,0.11383,1
473.astar-359B,mlop_MTPS600,0.1206,1
473.astar-359B,pythia_MTPS600,0.12503,1
473.astar-359B,nopref_MTPS1200,0.12212,1
473.astar-359B,spp_MTPS1200,0.12408,1
473.astar-359B,bingo_MTPS1200,0.13467,1
473.astar-359B,mlop_MTPS1200,0.13261,1
473.astar-359B,pythia_MTPS1200,0.13665,1
473.astar-359B,nopref_MTPS4800,0.12446,1
473.astar-359B,spp_MTPS4800,0.1267,1
473.astar-359B,bingo_MTPS4800,0.14109,1
473.astar-359B,mlop_MTPS4800,0.13614,1
473.astar-359B,pythia_MTPS4800,0.13948,1
473.astar-359B,nopref_MTPS9600,0.12463,1
473.astar-359B,spp_MTPS9600,0.12647,1
473.astar-359B,bingo_MTPS9600,0.14146,1
473.astar-359B,mlop_MTPS9600,0.13641,1
473.astar-359B,pythia_MTPS9600,0.13971,1
481.wrf-1254B,nopref,0.65707,1
481.wrf-1254B,spp,0.86523,1
481.wrf-1254B,bingo,0.87072,1
481.wrf-1254B,mlop,0.872,1
481.wrf-1254B,pythia,0.87476,1
481.wrf-1254B,nopref_MTPS150,0.51649,1
481.wrf-1254B,spp_MTPS150,0.52913,1
481.wrf-1254B,bingo_MTPS150,0.57546,1
481.wrf-1254B,mlop_MTPS150,0.54738,1
481.wrf-1254B,pythia_MTPS150,0.58395,1
481.wrf-1254B,nopref_MTPS300,0.60344,1
481.wrf-1254B,spp_MTPS300,0.71777,1
481.wrf-1254B,bingo_MTPS300,0.73841,1
481.wrf-1254B,mlop_MTPS300,0.7275,1
481.wrf-1254B,pythia_MTPS300,0.7506,1
481.wrf-1254B,nopref_MTPS600,0.63837,1
481.wrf-1254B,spp_MTPS600,0.81142,1
481.wrf-1254B,bingo_MTPS600,0.82425,1
481.wrf-1254B,mlop_MTPS600,0.81809,1
481.wrf-1254B,pythia_MTPS600,0.82988,1
481.wrf-1254B,nopref_MTPS1200,0.65169,1
481.wrf-1254B,spp_MTPS1200,0.85348,1
481.wrf-1254B,bingo_MTPS1200,0.85941,1
481.wrf-1254B,mlop_MTPS1200,0.85908,1
481.wrf-1254B,pythia_MTPS1200,0.86306,1
481.wrf-1254B,nopref_MTPS4800,0.65928,1
481.wrf-1254B,spp_MTPS4800,0.86815,1
481.wrf-1254B,bingo_MTPS4800,0.87521,1
481.wrf-1254B,mlop_MTPS4800,0.87497,1
481.wrf-1254B,pythia_MTPS4800,0.87966,1
481.wrf-1254B,nopref_MTPS9600,0.65959,1
481.wrf-1254B,spp_MTPS9600,0.86863,1
481.wrf-1254B,bingo_MTPS9600,0.87569,1
481.wrf-1254B,mlop_MTPS9600,0.87545,1
481.wrf-1254B,pythia_MTPS9600,0.88046,1
481.wrf-196B,nopref,0.66903,1
481.wrf-196B,spp,1.19436,1
481.wrf-196B,bingo,1.17802,1
481.wrf-196B,mlop,1.23962,1
481.wrf-196B,pythia,1.24218,1
481.wrf-196B,nopref_MTPS150,0.54481,1
481.wrf-196B,spp_MTPS150,0.70727,1
481.wrf-196B,bingo_MTPS150,0.70264,1
481.wrf-196B,mlop_MTPS150,0.70507,1
481.wrf-196B,pythia_MTPS150,0.71414,1
481.wrf-196B,nopref_MTPS300,0.64074,1
481.wrf-196B,spp_MTPS300,1.06854,1
481.wrf-196B,bingo_MTPS300,1.0192,1
481.wrf-196B,mlop_MTPS300,1.08813,1
481.wrf-196B,pythia_MTPS300,1.08317,1
481.wrf-196B,nopref_MTPS600,0.66267,1
481.wrf-196B,spp_MTPS600,1.18025,1
481.wrf-196B,bingo_MTPS600,1.14701,1
481.wrf-196B,mlop_MTPS600,1.21656,1
481.wrf-196B,pythia_MTPS600,1.21438,1
481.wrf-196B,nopref_MTPS1200,0.66772,1
481.wrf-196B,spp_MTPS1200,1.19259,1
481.wrf-196B,bingo_MTPS1200,1.17218,1
481.wrf-196B,mlop_MTPS1200,1.23539,1
481.wrf-196B,pythia_MTPS1200,1.23817,1
481.wrf-196B,nopref_MTPS4800,0.66934,1
481.wrf-196B,spp_MTPS4800,1.19483,1
481.wrf-196B,bingo_MTPS4800,1.17953,1
481.wrf-196B,mlop_MTPS4800,1.24091,1
481.wrf-196B,pythia_MTPS4800,1.24321,1
481.wrf-196B,nopref_MTPS9600,0.66939,1
481.wrf-196B,spp_MTPS9600,1.19487,1
481.wrf-196B,bingo_MTPS9600,1.17963,1
481.wrf-196B,mlop_MTPS9600,1.24107,1
481.wrf-196B,pythia_MTPS9600,1.24341,1
481.wrf-816B,nopref,0.66317,1
481.wrf-816B,spp,1.19015,1
481.wrf-816B,bingo,1.16193,1
481.wrf-816B,mlop,1.22982,1
481.wrf-816B,pythia,1.21207,1
481.wrf-816B,nopref_MTPS150,0.3986,1
481.wrf-816B,spp_MTPS150,0.46228,1
481.wrf-816B,bingo_MTPS150,0.44372,1
481.wrf-816B,mlop_MTPS150,0.45248,1
481.wrf-816B,pythia_MTPS150,0.45854,1
481.wrf-816B,nopref_MTPS300,0.55068,1
481.wrf-816B,spp_MTPS300,0.76515,1
481.wrf-816B,bingo_MTPS300,0.73149,1
481.wrf-816B,mlop_MTPS300,0.75793,1
481.wrf-816B,pythia_MTPS300,0.76084,1
481.wrf-816B,nopref_MTPS600,0.62754,1
481.wrf-816B,spp_MTPS600,1.02133,1
481.wrf-816B,bingo_MTPS600,0.97791,1
481.wrf-816B,mlop_MTPS600,1.0296,1
481.wrf-816B,pythia_MTPS600,1.02585,1
481.wrf-816B,nopref_MTPS1200,0.65499,1
481.wrf-816B,spp_MTPS1200,1.15116,1
481.wrf-816B,bingo_MTPS1200,1.11443,1
481.wrf-816B,mlop_MTPS1200,1.18124,1
481.wrf-816B,pythia_MTPS1200,1.16175,1
481.wrf-816B,nopref_MTPS4800,0.66622,1
481.wrf-816B,spp_MTPS4800,1.2001,1
481.wrf-816B,bingo_MTPS4800,1.17699,1
481.wrf-816B,mlop_MTPS4800,1.24333,1
481.wrf-816B,pythia_MTPS4800,1.22902,1
481.wrf-816B,nopref_MTPS9600,0.66709,1
481.wrf-816B,spp_MTPS9600,1.20252,1
481.wrf-816B,bingo_MTPS9600,1.17983,1
481.wrf-816B,mlop_MTPS9600,1.24596,1
481.wrf-816B,pythia_MTPS9600,1.23249,1
482.sphinx3-1297B,nopref,0.75388,1
482.sphinx3-1297B,spp,0.92162,1
482.sphinx3-1297B,bingo,1.07973,1
482.sphinx3-1297B,mlop,0.9421,1
482.sphinx3-1297B,pythia,1.11631,1
482.sphinx3-1297B,nopref_MTPS150,0.55673,1
482.sphinx3-1297B,spp_MTPS150,0.38411,1
482.sphinx3-1297B,bingo_MTPS150,0.37951,1
482.sphinx3-1297B,mlop_MTPS150,0.44373,1
482.sphinx3-1297B,pythia_MTPS150,0.47452,1
482.sphinx3-1297B,nopref_MTPS300,0.69096,1
482.sphinx3-1297B,spp_MTPS300,0.61911,1
482.sphinx3-1297B,bingo_MTPS300,0.6342,1
482.sphinx3-1297B,mlop_MTPS300,0.68853,1
482.sphinx3-1297B,pythia_MTPS300,0.78008,1
482.sphinx3-1297B,nopref_MTPS600,0.74144,1
482.sphinx3-1297B,spp_MTPS600,0.82714,1
482.sphinx3-1297B,bingo_MTPS600,0.86816,1
482.sphinx3-1297B,mlop_MTPS600,0.86647,1
482.sphinx3-1297B,pythia_MTPS600,1.03643,1
482.sphinx3-1297B,nopref_MTPS1200,0.75204,1
482.sphinx3-1297B,spp_MTPS1200,0.90628,1
482.sphinx3-1297B,bingo_MTPS1200,1.01352,1
482.sphinx3-1297B,mlop_MTPS1200,0.92471,1
482.sphinx3-1297B,pythia_MTPS1200,1.1035,1
482.sphinx3-1297B,nopref_MTPS4800,0.75457,1
482.sphinx3-1297B,spp_MTPS4800,0.92556,1
482.sphinx3-1297B,bingo_MTPS4800,1.10256,1
482.sphinx3-1297B,mlop_MTPS4800,0.94562,1
482.sphinx3-1297B,pythia_MTPS4800,1.12445,1
482.sphinx3-1297B,nopref_MTPS9600,0.75472,1
482.sphinx3-1297B,spp_MTPS9600,0.92584,1
482.sphinx3-1297B,bingo_MTPS9600,1.10333,1
482.sphinx3-1297B,mlop_MTPS9600,0.9469,1
482.sphinx3-1297B,pythia_MTPS9600,1.11932,1
482.sphinx3-1395B,nopref,0.81602,1
482.sphinx3-1395B,spp,0.99699,1
482.sphinx3-1395B,bingo,1.1527,1
482.sphinx3-1395B,mlop,0.97552,1
482.sphinx3-1395B,pythia,1.14594,1
482.sphinx3-1395B,nopref_MTPS150,0.65934,1
482.sphinx3-1395B,spp_MTPS150,0.44265,1
482.sphinx3-1395B,bingo_MTPS150,0.44235,1
482.sphinx3-1395B,mlop_MTPS150,0.5049,1
482.sphinx3-1395B,pythia_MTPS150,0.59626,1
482.sphinx3-1395B,nopref_MTPS300,0.76623,1
482.sphinx3-1395B,spp_MTPS300,0.69271,1
482.sphinx3-1395B,bingo_MTPS300,0.71247,1
482.sphinx3-1395B,mlop_MTPS300,0.74896,1
482.sphinx3-1395B,pythia_MTPS300,0.88876,1
482.sphinx3-1395B,nopref_MTPS600,0.80713,1
482.sphinx3-1395B,spp_MTPS600,0.90224,1
482.sphinx3-1395B,bingo_MTPS600,0.94904,1
482.sphinx3-1395B,mlop_MTPS600,0.91407,1
482.sphinx3-1395B,pythia_MTPS600,1.07038,1
482.sphinx3-1395B,nopref_MTPS1200,0.81501,1
482.sphinx3-1395B,spp_MTPS1200,0.98087,1
482.sphinx3-1395B,bingo_MTPS1200,1.09146,1
482.sphinx3-1395B,mlop_MTPS1200,0.96293,1
482.sphinx3-1395B,pythia_MTPS1200,1.13194,1
482.sphinx3-1395B,nopref_MTPS4800,0.8164,1
482.sphinx3-1395B,spp_MTPS4800,1.00041,1
482.sphinx3-1395B,bingo_MTPS4800,1.17303,1
482.sphinx3-1395B,mlop_MTPS4800,0.97856,1
482.sphinx3-1395B,pythia_MTPS4800,1.14814,1
482.sphinx3-1395B,nopref_MTPS9600,0.81645,1
482.sphinx3-1395B,spp_MTPS9600,1.00078,1
482.sphinx3-1395B,bingo_MTPS9600,1.17459,1
482.sphinx3-1395B,mlop_MTPS9600,0.97946,1
482.sphinx3-1395B,pythia_MTPS9600,1.14934,1
483.xalancbmk-127B,nopref,0.28914,1
483.xalancbmk-127B,spp,0.29134,1
483.xalancbmk-127B,bingo,0.34423,1
483.xalancbmk-127B,mlop,0.32893,1
483.xalancbmk-127B,pythia,0.34449,1
483.xalancbmk-127B,nopref_MTPS150,0.18052,1
483.xalancbmk-127B,spp_MTPS150,0.16849,1
483.xalancbmk-127B,bingo_MTPS150,0.05677,1
483.xalancbmk-127B,mlop_MTPS150,0.09969,1
483.xalancbmk-127B,pythia_MTPS150,0.12948,1
483.xalancbmk-127B,nopref_MTPS300,0.2468,1
483.xalancbmk-127B,spp_MTPS300,0.24,1
483.xalancbmk-127B,bingo_MTPS300,0.10859,1
483.xalancbmk-127B,mlop_MTPS300,0.18029,1
483.xalancbmk-127B,pythia_MTPS300,0.2186,1
483.xalancbmk-127B,nopref_MTPS600,0.27745,1
483.xalancbmk-127B,spp_MTPS600,0.27662,1
483.xalancbmk-127B,bingo_MTPS600,0.19086,1
483.xalancbmk-127B,mlop_MTPS600,0.26557,1
483.xalancbmk-127B,pythia_MTPS600,0.29457,1
483.xalancbmk-127B,nopref_MTPS1200,0.28604,1
483.xalancbmk-127B,spp_MTPS1200,0.28768,1
483.xalancbmk-127B,bingo_MTPS1200,0.28644,1
483.xalancbmk-127B,mlop_MTPS1200,0.3134,1
483.xalancbmk-127B,pythia_MTPS1200,0.33337,1
483.xalancbmk-127B,nopref_MTPS4800,0.29044,1
483.xalancbmk-127B,spp_MTPS4800,0.2929,1
483.xalancbmk-127B,bingo_MTPS4800,0.36381,1
483.xalancbmk-127B,mlop_MTPS4800,0.3331,1
483.xalancbmk-127B,pythia_MTPS4800,0.34938,1
483.xalancbmk-127B,nopref_MTPS9600,0.29086,1
483.xalancbmk-127B,spp_MTPS9600,0.2933,1
483.xalancbmk-127B,bingo_MTPS9600,0.36534,1
483.xalancbmk-127B,mlop_MTPS9600,0.33404,1
483.xalancbmk-127B,pythia_MTPS9600,0.34991,1
602.gcc_s-1850B,nopref,0.23882,1
602.gcc_s-1850B,spp,0.35863,1
602.gcc_s-1850B,bingo,0.37838,1
602.gcc_s-1850B,mlop,0.38326,1
602.gcc_s-1850B,pythia,0.37761,1
602.gcc_s-1850B,nopref_MTPS150,0.20532,1
602.gcc_s-1850B,spp_MTPS150,0.24391,1
602.gcc_s-1850B,bingo_MTPS150,0.2347,1
602.gcc_s-1850B,mlop_MTPS150,0.24154,1
602.gcc_s-1850B,pythia_MTPS150,0.24171,1
602.gcc_s-1850B,nopref_MTPS300,0.23822,1
602.gcc_s-1850B,spp_MTPS300,0.33721,1
602.gcc_s-1850B,bingo_MTPS300,0.33836,1
602.gcc_s-1850B,mlop_MTPS300,0.35273,1
602.gcc_s-1850B,pythia_MTPS300,0.34062,1
602.gcc_s-1850B,nopref_MTPS600,0.23862,1
602.gcc_s-1850B,spp_MTPS600,0.35611,1
602.gcc_s-1850B,bingo_MTPS600,0.36958,1
602.gcc_s-1850B,mlop_MTPS600,0.37748,1
602.gcc_s-1850B,pythia_MTPS600,0.36785,1
602.gcc_s-1850B,nopref_MTPS1200,0.23876,1
602.gcc_s-1850B,spp_MTPS1200,0.35843,1
602.gcc_s-1850B,bingo_MTPS1200,0.3776,1
602.gcc_s-1850B,mlop_MTPS1200,0.38265,1
602.gcc_s-1850B,pythia_MTPS1200,0.37756,1
602.gcc_s-1850B,nopref_MTPS4800,0.23884,1
602.gcc_s-1850B,spp_MTPS4800,0.35865,1
602.gcc_s-1850B,bingo_MTPS4800,0.37852,1
602.gcc_s-1850B,mlop_MTPS4800,0.3834,1
602.gcc_s-1850B,pythia_MTPS4800,0.37763,1
602.gcc_s-1850B,nopref_MTPS9600,0.23884,1
602.gcc_s-1850B,spp_MTPS9600,0.35865,1
602.gcc_s-1850B,bingo_MTPS9600,0.37853,1
602.gcc_s-1850B,mlop_MTPS9600,0.38341,1
602.gcc_s-1850B,pythia_MTPS9600,0.37765,1
602.gcc_s-734B,nopref,0.36136,1
602.gcc_s-734B,spp,0.4229,1
602.gcc_s-734B,bingo,0.4297,1
602.gcc_s-734B,mlop,0.43127,1
602.gcc_s-734B,pythia,0.43,1
602.gcc_s-734B,nopref_MTPS150,0.35634,1
602.gcc_s-734B,spp_MTPS150,0.40039,1
602.gcc_s-734B,bingo_MTPS150,0.38433,1
602.gcc_s-734B,mlop_MTPS150,0.36899,1
602.gcc_s-734B,pythia_MTPS150,0.39902,1
602.gcc_s-734B,nopref_MTPS300,0.36084,1
602.gcc_s-734B,spp_MTPS300,0.41893,1
602.gcc_s-734B,bingo_MTPS300,0.41548,1
602.gcc_s-734B,mlop_MTPS300,0.40799,1
602.gcc_s-734B,pythia_MTPS300,0.42548,1
602.gcc_s-734B,nopref_MTPS600,0.36125,1
602.gcc_s-734B,spp_MTPS600,0.4222,1
602.gcc_s-734B,bingo_MTPS600,0.42574,1
602.gcc_s-734B,mlop_MTPS600,0.4233,1
602.gcc_s-734B,pythia_MTPS600,0.42834,1
602.gcc_s-734B,nopref_MTPS1200,0.36134,1
602.gcc_s-734B,spp_MTPS1200,0.42266,1
602.gcc_s-734B,bingo_MTPS1200,0.42894,1
602.gcc_s-734B,mlop_MTPS1200,0.42939,1
602.gcc_s-734B,pythia_MTPS1200,0.43107,1
602.gcc_s-734B,nopref_MTPS4800,0.36136,1
602.gcc_s-734B,spp_MTPS4800,0.42292,1
602.gcc_s-734B,bingo_MTPS4800,0.42986,1
602.gcc_s-734B,mlop_MTPS4800,0.4316,1
602.gcc_s-734B,pythia_MTPS4800,0.42081,1
602.gcc_s-734B,nopref_MTPS9600,0.36136,1
602.gcc_s-734B,spp_MTPS9600,0.42293,1
602.gcc_s-734B,bingo_MTPS9600,0.42987,1
602.gcc_s-734B,mlop_MTPS9600,0.43163,1
602.gcc_s-734B,pythia_MTPS9600,0.43128,1
603.bwaves_s-2931B,nopref,0.63119,1
603.bwaves_s-2931B,spp,1.31191,1
603.bwaves_s-2931B,bingo,1.20843,1
603.bwaves_s-2931B,mlop,1.27617,1
603.bwaves_s-2931B,pythia,1.38804,1
603.bwaves_s-2931B,nopref_MTPS150,0.23518,1
603.bwaves_s-2931B,spp_MTPS150,0.23724,1
603.bwaves_s-2931B,bingo_MTPS150,0.22261,1
603.bwaves_s-2931B,mlop_MTPS150,0.2324,1
603.bwaves_s-2931B,pythia_MTPS150,0.23713,1
603.bwaves_s-2931B,nopref_MTPS300,0.41197,1
603.bwaves_s-2931B,spp_MTPS300,0.46099,1
603.bwaves_s-2931B,bingo_MTPS300,0.42901,1
603.bwaves_s-2931B,mlop_MTPS300,0.45148,1
603.bwaves_s-2931B,pythia_MTPS300,0.46001,1
603.bwaves_s-2931B,nopref_MTPS600,0.58499,1
603.bwaves_s-2931B,spp_MTPS600,0.84139,1
603.bwaves_s-2931B,bingo_MTPS600,0.75825,1
603.bwaves_s-2931B,mlop_MTPS600,0.80975,1
603.bwaves_s-2931B,pythia_MTPS600,0.8304,1
603.bwaves_s-2931B,nopref_MTPS1200,0.62797,1
603.bwaves_s-2931B,spp_MTPS1200,1.26772,1
603.bwaves_s-2931B,bingo_MTPS1200,1.0872,1
603.bwaves_s-2931B,mlop_MTPS1200,1.17239,1
603.bwaves_s-2931B,pythia_MTPS1200,1.28756,1
603.bwaves_s-2931B,nopref_MTPS4800,0.63199,1
603.bwaves_s-2931B,spp_MTPS4800,1.31739,1
603.bwaves_s-2931B,bingo_MTPS4800,1.24745,1
603.bwaves_s-2931B,mlop_MTPS4800,1.29494,1
603.bwaves_s-2931B,pythia_MTPS4800,1.39997,1
603.bwaves_s-2931B,nopref_MTPS9600,0.63219,1
603.bwaves_s-2931B,spp_MTPS9600,1.31938,1
603.bwaves_s-2931B,bingo_MTPS9600,1.25033,1
603.bwaves_s-2931B,mlop_MTPS9600,1.29889,1
603.bwaves_s-2931B,pythia_MTPS9600,1.40156,1
605.mcf_s-994B,nopref,0.19224,1
605.mcf_s-994B,spp,0.19871,1
605.mcf_s-994B,bingo,0.19167,1
605.mcf_s-994B,mlop,0.19304,1
605.mcf_s-994B,pythia,0.2004,1
605.mcf_s-994B,nopref_MTPS150,0.13915,1
605.mcf_s-994B,spp_MTPS150,0.12964,1
605.mcf_s-994B,bingo_MTPS150,0.02971,1
605.mcf_s-994B,mlop_MTPS150,0.11378,1
605.mcf_s-994B,pythia_MTPS150,0.10108,1
605.mcf_s-994B,nopref_MTPS300,0.17612,1
605.mcf_s-994B,spp_MTPS300,0.17414,1
605.mcf_s-994B,bingo_MTPS300,0.05701,1
605.mcf_s-994B,mlop_MTPS300,0.16298,1
605.mcf_s-994B,pythia_MTPS300,0.15794,1
605.mcf_s-994B,nopref_MTPS600,0.18847,1
605.mcf_s-994B,spp_MTPS600,0.19281,1
605.mcf_s-994B,bingo_MTPS600,0.10151,1
605.mcf_s-994B,mlop_MTPS600,0.18585,1
605.mcf_s-994B,pythia_MTPS600,0.189,1
605.mcf_s-994B,nopref_MTPS1200,0.19158,1
605.mcf_s-994B,spp_MTPS1200,0.19773,1
605.mcf_s-994B,bingo_MTPS1200,0.15769,1
605.mcf_s-994B,mlop_MTPS1200,0.19182,1
605.mcf_s-994B,pythia_MTPS1200,0.19948,1
605.mcf_s-994B,nopref_MTPS4800,0.19249,1
605.mcf_s-994B,spp_MTPS4800,0.19903,1
605.mcf_s-994B,bingo_MTPS4800,0.20153,1
605.mcf_s-994B,mlop_MTPS4800,0.19345,1
605.mcf_s-994B,pythia_MTPS4800,0.19767,1
605.mcf_s-994B,nopref_MTPS9600,0.19257,1
605.mcf_s-994B,spp_MTPS9600,0.19911,1
605.mcf_s-994B,bingo_MTPS9600,0.20219,1
605.mcf_s-994B,mlop_MTPS9600,0.19353,1
605.mcf_s-994B,pythia_MTPS9600,0.19708,1
607.cactuBSSN_s-2421B,nopref,0.88831,1
607.cactuBSSN_s-2421B,spp,1.15983,1
607.cactuBSSN_s-2421B,bingo,0.89907,1
607.cactuBSSN_s-2421B,mlop,1.28745,1
607.cactuBSSN_s-2421B,pythia,1.2553,1
607.cactuBSSN_s-2421B,nopref_MTPS150,0.43801,1
607.cactuBSSN_s-2421B,spp_MTPS150,0.49981,1
607.cactuBSSN_s-2421B,bingo_MTPS150,0.43833,1
607.cactuBSSN_s-2421B,mlop_MTPS150,0.53966,1
607.cactuBSSN_s-2421B,pythia_MTPS150,0.53024,1
607.cactuBSSN_s-2421B,nopref_MTPS300,0.65718,1
607.cactuBSSN_s-2421B,spp_MTPS300,0.78355,1
607.cactuBSSN_s-2421B,bingo_MTPS300,0.65899,1
607.cactuBSSN_s-2421B,mlop_MTPS300,1.00631,1
607.cactuBSSN_s-2421B,pythia_MTPS300,1.02781,1
607.cactuBSSN_s-2421B,nopref_MTPS600,0.8248,1
607.cactuBSSN_s-2421B,spp_MTPS600,1.01745,1
607.cactuBSSN_s-2421B,bingo_MTPS600,0.83129,1
607.cactuBSSN_s-2421B,mlop_MTPS600,1.25384,1
607.cactuBSSN_s-2421B,pythia_MTPS600,1.20814,1
607.cactuBSSN_s-2421B,nopref_MTPS1200,0.87188,1
607.cactuBSSN_s-2421B,spp_MTPS1200,1.12891,1
607.cactuBSSN_s-2421B,bingo_MTPS1200,0.88157,1
607.cactuBSSN_s-2421B,mlop_MTPS1200,1.28318,1
607.cactuBSSN_s-2421B,pythia_MTPS1200,1.25153,1
607.cactuBSSN_s-2421B,nopref_MTPS4800,0.8929,1
607.cactuBSSN_s-2421B,spp_MTPS4800,1.16104,1
607.cactuBSSN_s-2421B,bingo_MTPS4800,0.90394,1
607.cactuBSSN_s-2421B,mlop_MTPS4800,1.28841,1
607.cactuBSSN_s-2421B,pythia_MTPS4800,1.25438,1
607.cactuBSSN_s-2421B,nopref_MTPS9600,0.89476,1
607.cactuBSSN_s-2421B,spp_MTPS9600,1.16115,1
607.cactuBSSN_s-2421B,bingo_MTPS9600,0.90591,1
607.cactuBSSN_s-2421B,mlop_MTPS9600,1.28844,1
607.cactuBSSN_s-2421B,pythia_MTPS9600,1.25153,1
619.lbm_s-2677B,nopref,0.32074,1
619.lbm_s-2677B,spp,0.37709,1
619.lbm_s-2677B,bingo,0.38095,1
619.lbm_s-2677B,mlop,0.37981,1
619.lbm_s-2677B,pythia,0.36959,1
619.lbm_s-2677B,nopref_MTPS150,0.05584,1
619.lbm_s-2677B,spp_MTPS150,0.05589,1
619.lbm_s-2677B,bingo_MTPS150,0.05592,1
619.lbm_s-2677B,mlop_MTPS150,0.05592,1
619.lbm_s-2677B,pythia_MTPS150,0.0559,1
619.lbm_s-2677B,nopref_MTPS300,0.10662,1
619.lbm_s-2677B,spp_MTPS300,0.10663,1
619.lbm_s-2677B,bingo_MTPS300,0.10665,1
619.lbm_s-2677B,mlop_MTPS300,0.10661,1
619.lbm_s-2677B,pythia_MTPS300,0.10674,1
619.lbm_s-2677B,nopref_MTPS600,0.18231,1
619.lbm_s-2677B,spp_MTPS600,0.18586,1
619.lbm_s-2677B,bingo_MTPS600,0.18583,1
619.lbm_s-2677B,mlop_MTPS600,0.18573,1
619.lbm_s-2677B,pythia_MTPS600,0.18584,1
619.lbm_s-2677B,nopref_MTPS1200,0.27024,1
619.lbm_s-2677B,spp_MTPS1200,0.29997,1
619.lbm_s-2677B,bingo_MTPS1200,0.29952,1
619.lbm_s-2677B,mlop_MTPS1200,0.30088,1
619.lbm_s-2677B,pythia_MTPS1200,0.29567,1
619.lbm_s-2677B,nopref_MTPS4800,0.34472,1
619.lbm_s-2677B,spp_MTPS4800,0.41197,1
619.lbm_s-2677B,bingo_MTPS4800,0.41942,1
619.lbm_s-2677B,mlop_MTPS4800,0.41642,1
619.lbm_s-2677B,pythia_MTPS4800,0.40307,1
619.lbm_s-2677B,nopref_MTPS9600,0.35274,1
619.lbm_s-2677B,spp_MTPS9600,0.42593,1
619.lbm_s-2677B,bingo_MTPS9600,0.43362,1
619.lbm_s-2677B,mlop_MTPS9600,0.43182,1
619.lbm_s-2677B,pythia_MTPS9600,0.4132,1
619.lbm_s-3766B,nopref,0.32425,1
619.lbm_s-3766B,spp,0.38195,1
619.lbm_s-3766B,bingo,0.38578,1
619.lbm_s-3766B,mlop,0.38472,1
619.lbm_s-3766B,pythia,0.37568,1
619.lbm_s-3766B,nopref_MTPS150,0.05657,1
619.lbm_s-3766B,spp_MTPS150,0.05663,1
619.lbm_s-3766B,bingo_MTPS150,0.05665,1
619.lbm_s-3766B,mlop_MTPS150,0.05665,1
619.lbm_s-3766B,pythia_MTPS150,0.05664,1
619.lbm_s-3766B,nopref_MTPS300,0.10801,1
619.lbm_s-3766B,spp_MTPS300,0.10805,1
619.lbm_s-3766B,bingo_MTPS300,0.10805,1
619.lbm_s-3766B,mlop_MTPS300,0.10802,1
619.lbm_s-3766B,pythia_MTPS300,0.10814,1
619.lbm_s-3766B,nopref_MTPS600,0.18464,1
619.lbm_s-3766B,spp_MTPS600,0.18834,1
619.lbm_s-3766B,bingo_MTPS600,0.18827,1
619.lbm_s-3766B,mlop_MTPS600,0.18818,1
619.lbm_s-3766B,pythia_MTPS600,0.18825,1
619.lbm_s-3766B,nopref_MTPS1200,0.27332,1
619.lbm_s-3766B,spp_MTPS1200,0.30395,1
619.lbm_s-3766B,bingo_MTPS1200,0.30339,1
619.lbm_s-3766B,mlop_MTPS1200,0.30482,1
619.lbm_s-3766B,pythia_MTPS1200,0.3009,1
619.lbm_s-3766B,nopref_MTPS4800,0.34845,1
619.lbm_s-3766B,spp_MTPS4800,0.41726,1
619.lbm_s-3766B,bingo_MTPS4800,0.42472,1
619.lbm_s-3766B,mlop_MTPS4800,0.42169,1
619.lbm_s-3766B,pythia_MTPS4800,0.41028,1
619.lbm_s-3766B,nopref_MTPS9600,0.35655,1
619.lbm_s-3766B,spp_MTPS9600,0.43133,1
619.lbm_s-3766B,bingo_MTPS9600,0.4391,1
619.lbm_s-3766B,mlop_MTPS9600,0.4374,1
619.lbm_s-3766B,pythia_MTPS9600,0.42624,1
619.lbm_s-4268B,nopref,0.34488,1
619.lbm_s-4268B,spp,0.40991,1
619.lbm_s-4268B,bingo,0.41419,1
619.lbm_s-4268B,mlop,0.41302,1
619.lbm_s-4268B,pythia,0.3986,1
619.lbm_s-4268B,nopref_MTPS150,0.06071,1
619.lbm_s-4268B,spp_MTPS150,0.06078,1
619.lbm_s-4268B,bingo_MTPS150,0.0608,1
619.lbm_s-4268B,mlop_MTPS150,0.06081,1
619.lbm_s-4268B,pythia_MTPS150,0.06079,1
619.lbm_s-4268B,nopref_MTPS300,0.11593,1
619.lbm_s-4268B,spp_MTPS300,0.11596,1
619.lbm_s-4268B,bingo_MTPS300,0.11597,1
619.lbm_s-4268B,mlop_MTPS300,0.11594,1
619.lbm_s-4268B,pythia_MTPS300,0.11608,1
619.lbm_s-4268B,nopref_MTPS600,0.19783,1
619.lbm_s-4268B,spp_MTPS600,0.20217,1
619.lbm_s-4268B,bingo_MTPS600,0.20207,1
619.lbm_s-4268B,mlop_MTPS600,0.20198,1
619.lbm_s-4268B,pythia_MTPS600,0.20203,1
619.lbm_s-4268B,nopref_MTPS1200,0.29126,1
619.lbm_s-4268B,spp_MTPS1200,0.32635,1
619.lbm_s-4268B,bingo_MTPS1200,0.32571,1
619.lbm_s-4268B,mlop_MTPS1200,0.32733,1
619.lbm_s-4268B,pythia_MTPS1200,0.32128,1
619.lbm_s-4268B,nopref_MTPS4800,0.37036,1
619.lbm_s-4268B,spp_MTPS4800,0.4476,1
619.lbm_s-4268B,bingo_MTPS4800,0.45593,1
619.lbm_s-4268B,mlop_MTPS4800,0.45264,1
619.lbm_s-4268B,pythia_MTPS4800,0.43485,1
619.lbm_s-4268B,nopref_MTPS9600,0.37877,1
619.lbm_s-4268B,spp_MTPS9600,0.46255,1
619.lbm_s-4268B,bingo_MTPS9600,0.47115,1
619.lbm_s-4268B,mlop_MTPS9600,0.46927,1
619.lbm_s-4268B,pythia_MTPS9600,0.44969,1
620.omnetpp_s-141B,nopref,0.22848,1
620.omnetpp_s-141B,spp,0.22924,1
620.omnetpp_s-141B,bingo,0.23875,1
620.omnetpp_s-141B,mlop,0.23292,1
620.omnetpp_s-141B,pythia,0.23552,1
620.omnetpp_s-141B,nopref_MTPS150,0.20253,1
620.omnetpp_s-141B,spp_MTPS150,0.19832,1
620.omnetpp_s-141B,bingo_MTPS150,0.1378,1
620.omnetpp_s-141B,mlop_MTPS150,0.16969,1
620.omnetpp_s-141B,pythia_MTPS150,0.18647,1
620.omnetpp_s-141B,nopref_MTPS300,0.22122,1
620.omnetpp_s-141B,spp_MTPS300,0.22139,1
620.omnetpp_s-141B,bingo_MTPS300,0.19561,1
620.omnetpp_s-141B,mlop_MTPS300,0.21699,1
620.omnetpp_s-141B,pythia_MTPS300,0.22511,1
620.omnetpp_s-141B,nopref_MTPS600,0.22621,1
620.omnetpp_s-141B,spp_MTPS600,0.22694,1
620.omnetpp_s-141B,bingo_MTPS600,0.22459,1
620.omnetpp_s-141B,mlop_MTPS600,0.22971,1
620.omnetpp_s-141B,pythia_MTPS600,0.23357,1
620.omnetpp_s-141B,nopref_MTPS1200,0.22788,1
620.omnetpp_s-141B,spp_MTPS1200,0.22866,1
620.omnetpp_s-141B,bingo_MTPS1200,0.23577,1
620.omnetpp_s-141B,mlop_MTPS1200,0.23227,1
620.omnetpp_s-141B,pythia_MTPS1200,0.2351,1
620.omnetpp_s-141B,nopref_MTPS4800,0.22875,1
620.omnetpp_s-141B,spp_MTPS4800,0.22951,1
620.omnetpp_s-141B,bingo_MTPS4800,0.23947,1
620.omnetpp_s-141B,mlop_MTPS4800,0.23324,1
620.omnetpp_s-141B,pythia_MTPS4800,0.23563,1
620.omnetpp_s-141B,nopref_MTPS9600,0.22884,1
620.omnetpp_s-141B,spp_MTPS9600,0.2296,1
620.omnetpp_s-141B,bingo_MTPS9600,0.23957,1
620.omnetpp_s-141B,mlop_MTPS9600,0.23334,1
620.omnetpp_s-141B,pythia_MTPS9600,0.23572,1
620.omnetpp_s-874B,nopref,0.23911,1
620.omnetpp_s-874B,spp,0.24029,1
620.omnetpp_s-874B,bingo,0.2503,1
620.omnetpp_s-874B,mlop,0.24417,1
620.omnetpp_s-874B,pythia,0.24616,1
620.omnetpp_s-874B,nopref_MTPS150,0.21414,1
620.omnetpp_s-874B,spp_MTPS150,0.21004,1
620.omnetpp_s-874B,bingo_MTPS150,0.15029,1
620.omnetpp_s-874B,mlop_MTPS150,0.17411,1
620.omnetpp_s-874B,pythia_MTPS150,0.1955,1
620.omnetpp_s-874B,nopref_MTPS300,0.23224,1
620.omnetpp_s-874B,spp_MTPS300,0.23281,1
620.omnetpp_s-874B,bingo_MTPS300,0.20799,1
620.omnetpp_s-874B,mlop_MTPS300,0.22624,1
620.omnetpp_s-874B,pythia_MTPS300,0.23556,1
620.omnetpp_s-874B,nopref_MTPS600,0.23702,1
620.omnetpp_s-874B,spp_MTPS600,0.23818,1
620.omnetpp_s-874B,bingo_MTPS600,0.23637,1
620.omnetpp_s-874B,mlop_MTPS600,0.24086,1
620.omnetpp_s-874B,pythia_MTPS600,0.24406,1
620.omnetpp_s-874B,nopref_MTPS1200,0.23857,1
620.omnetpp_s-874B,spp_MTPS1200,0.23975,1
620.omnetpp_s-874B,bingo_MTPS1200,0.2474,1
620.omnetpp_s-874B,mlop_MTPS1200,0.24356,1
620.omnetpp_s-874B,pythia_MTPS1200,0.24574,1
620.omnetpp_s-874B,nopref_MTPS4800,0.23936,1
620.omnetpp_s-874B,spp_MTPS4800,0.24053,1
620.omnetpp_s-874B,bingo_MTPS4800,0.25103,1
620.omnetpp_s-874B,mlop_MTPS4800,0.24448,1
620.omnetpp_s-874B,pythia_MTPS4800,0.24637,1
620.omnetpp_s-874B,nopref_MTPS9600,0.23944,1
620.omnetpp_s-874B,spp_MTPS9600,0.24061,1
620.omnetpp_s-874B,bingo_MTPS9600,0.25111,1
620.omnetpp_s-874B,mlop_MTPS9600,0.24455,1
620.omnetpp_s-874B,pythia_MTPS9600,0.24638,1
621.wrf_s-6673B,nopref,0.61175,1
621.wrf_s-6673B,spp,0.98458,1
621.wrf_s-6673B,bingo,0.96408,1
621.wrf_s-6673B,mlop,0.92277,1
621.wrf_s-6673B,pythia,0.99741,1
621.wrf_s-6673B,nopref_MTPS150,0.29138,1
621.wrf_s-6673B,spp_MTPS150,0.28304,1
621.wrf_s-6673B,bingo_MTPS150,0.29501,1
621.wrf_s-6673B,mlop_MTPS150,0.28186,1
621.wrf_s-6673B,pythia_MTPS150,0.30562,1
621.wrf_s-6673B,nopref_MTPS300,0.44295,1
621.wrf_s-6673B,spp_MTPS300,0.49949,1
621.wrf_s-6673B,bingo_MTPS300,0.50771,1
621.wrf_s-6673B,mlop_MTPS300,0.48404,1
621.wrf_s-6673B,pythia_MTPS300,0.52982,1
621.wrf_s-6673B,nopref_MTPS600,0.5473,1
621.wrf_s-6673B,spp_MTPS600,0.73368,1
621.wrf_s-6673B,bingo_MTPS600,0.72604,1
621.wrf_s-6673B,mlop_MTPS600,0.6912,1
621.wrf_s-6673B,pythia_MTPS600,0.76292,1
621.wrf_s-6673B,nopref_MTPS1200,0.59355,1
621.wrf_s-6673B,spp_MTPS1200,0.90816,1
621.wrf_s-6673B,bingo_MTPS1200,0.88667,1
621.wrf_s-6673B,mlop_MTPS1200,0.85044,1
621.wrf_s-6673B,pythia_MTPS1200,0.92793,1
621.wrf_s-6673B,nopref_MTPS4800,0.61942,1
621.wrf_s-6673B,spp_MTPS4800,1.01342,1
621.wrf_s-6673B,bingo_MTPS4800,0.9946,1
621.wrf_s-6673B,mlop_MTPS4800,0.95,1
621.wrf_s-6673B,pythia_MTPS4800,1.02519,1
621.wrf_s-6673B,nopref_MTPS9600,0.62147,1
621.wrf_s-6673B,spp_MTPS9600,1.01947,1
621.wrf_s-6673B,bingo_MTPS9600,0.99991,1
621.wrf_s-6673B,mlop_MTPS9600,0.95464,1
621.wrf_s-6673B,pythia_MTPS9600,1.03211,1
621.wrf_s-8065B,nopref,0.59716,1
621.wrf_s-8065B,spp,0.96124,1
621.wrf_s-8065B,bingo,0.92166,1
621.wrf_s-8065B,mlop,0.9045,1
621.wrf_s-8065B,pythia,0.96964,1
621.wrf_s-8065B,nopref_MTPS150,0.28703,1
621.wrf_s-8065B,spp_MTPS150,0.28633,1
621.wrf_s-8065B,bingo_MTPS150,0.29227,1
621.wrf_s-8065B,mlop_MTPS150,0.2866,1
621.wrf_s-8065B,pythia_MTPS150,0.30005,1
621.wrf_s-8065B,nopref_MTPS300,0.43318,1
621.wrf_s-8065B,spp_MTPS300,0.49279,1
621.wrf_s-8065B,bingo_MTPS300,0.49389,1
621.wrf_s-8065B,mlop_MTPS300,0.48176,1
621.wrf_s-8065B,pythia_MTPS300,0.51152,1
621.wrf_s-8065B,nopref_MTPS600,0.53246,1
621.wrf_s-8065B,spp_MTPS600,0.72029,1
621.wrf_s-8065B,bingo_MTPS600,0.70194,1
621.wrf_s-8065B,mlop_MTPS600,0.68227,1
621.wrf_s-8065B,pythia_MTPS600,0.73767,1
621.wrf_s-8065B,nopref_MTPS1200,0.57823,1
621.wrf_s-8065B,spp_MTPS1200,0.88825,1
621.wrf_s-8065B,bingo_MTPS1200,0.85101,1
621.wrf_s-8065B,mlop_MTPS1200,0.83732,1
621.wrf_s-8065B,pythia_MTPS1200,0.89978,1
621.wrf_s-8065B,nopref_MTPS4800,0.60515,1
621.wrf_s-8065B,spp_MTPS4800,0.98943,1
621.wrf_s-8065B,bingo_MTPS4800,0.95073,1
621.wrf_s-8065B,mlop_MTPS4800,0.93071,1
621.wrf_s-8065B,pythia_MTPS4800,0.99839,1
621.wrf_s-8065B,nopref_MTPS9600,0.60719,1
621.wrf_s-8065B,spp_MTPS9600,0.99515,1
621.wrf_s-8065B,bingo_MTPS9600,0.95638,1
621.wrf_s-8065B,mlop_MTPS9600,0.93607,1
621.wrf_s-8065B,pythia_MTPS9600,1.00547,1
623.xalancbmk_s-10B,nopref,0.31193,1
623.xalancbmk_s-10B,spp,0.31019,1
623.xalancbmk_s-10B,bingo,0.30829,1
623.xalancbmk_s-10B,mlop,0.302,1
623.xalancbmk_s-10B,pythia,0.33165,1
623.xalancbmk_s-10B,nopref_MTPS150,0.23782,1
623.xalancbmk_s-10B,spp_MTPS150,0.21256,1
623.xalancbmk_s-10B,bingo_MTPS150,0.05336,1
623.xalancbmk_s-10B,mlop_MTPS150,0.15173,1
623.xalancbmk_s-10B,pythia_MTPS150,0.1683,1
623.xalancbmk_s-10B,nopref_MTPS300,0.28639,1
623.xalancbmk_s-10B,spp_MTPS300,0.27462,1
623.xalancbmk_s-10B,bingo_MTPS300,0.10054,1
623.xalancbmk_s-10B,mlop_MTPS300,0.22947,1
623.xalancbmk_s-10B,pythia_MTPS300,0.25285,1
623.xalancbmk_s-10B,nopref_MTPS600,0.30517,1
623.xalancbmk_s-10B,spp_MTPS600,0.30041,1
623.xalancbmk_s-10B,bingo_MTPS600,0.17338,1
623.xalancbmk_s-10B,mlop_MTPS600,0.27928,1
623.xalancbmk_s-10B,pythia_MTPS600,0.30417,1
623.xalancbmk_s-10B,nopref_MTPS1200,0.31044,1
623.xalancbmk_s-10B,spp_MTPS1200,0.30816,1
623.xalancbmk_s-10B,bingo_MTPS1200,0.25715,1
623.xalancbmk_s-10B,mlop_MTPS1200,0.29745,1
623.xalancbmk_s-10B,pythia_MTPS1200,0.32532,1
623.xalancbmk_s-10B,nopref_MTPS4800,0.31252,1
623.xalancbmk_s-10B,spp_MTPS4800,0.31128,1
623.xalancbmk_s-10B,bingo_MTPS4800,0.3253,1
623.xalancbmk_s-10B,mlop_MTPS4800,0.3034,1
623.xalancbmk_s-10B,pythia_MTPS4800,0.33304,1
623.xalancbmk_s-10B,nopref_MTPS9600,0.31271,1
623.xalancbmk_s-10B,spp_MTPS9600,0.31149,1
623.xalancbmk_s-10B,bingo_MTPS9600,0.32689,1
623.xalancbmk_s-10B,mlop_MTPS9600,0.30382,1
623.xalancbmk_s-10B,pythia_MTPS9600,0.3335,1
623.xalancbmk_s-592B,nopref,0.41392,1
623.xalancbmk_s-592B,spp,0.41474,1
623.xalancbmk_s-592B,bingo,0.42341,1
623.xalancbmk_s-592B,mlop,0.41452,1
623.xalancbmk_s-592B,pythia,0.40725,1
623.xalancbmk_s-592B,nopref_MTPS150,0.34995,1
623.xalancbmk_s-592B,spp_MTPS150,0.35187,1
623.xalancbmk_s-592B,bingo_MTPS150,0.35649,1
623.xalancbmk_s-592B,mlop_MTPS150,0.34216,1
623.xalancbmk_s-592B,pythia_MTPS150,0.34522,1
623.xalancbmk_s-592B,nopref_MTPS300,0.38363,1
623.xalancbmk_s-592B,spp_MTPS300,0.38533,1
623.xalancbmk_s-592B,bingo_MTPS300,0.39181,1
623.xalancbmk_s-592B,mlop_MTPS300,0.3813,1
623.xalancbmk_s-592B,pythia_MTPS300,0.37817,1
623.xalancbmk_s-592B,nopref_MTPS600,0.40055,1
623.xalancbmk_s-592B,spp_MTPS600,0.4017,1
623.xalancbmk_s-592B,bingo_MTPS600,0.40953,1
623.xalancbmk_s-592B,mlop_MTPS600,0.40036,1
623.xalancbmk_s-592B,pythia_MTPS600,0.39444,1
623.xalancbmk_s-592B,nopref_MTPS1200,0.40942,1
623.xalancbmk_s-592B,spp_MTPS1200,0.41038,1
623.xalancbmk_s-592B,bingo_MTPS1200,0.41878,1
623.xalancbmk_s-592B,mlop_MTPS1200,0.40992,1
623.xalancbmk_s-592B,pythia_MTPS1200,0.40292,1
623.xalancbmk_s-592B,nopref_MTPS4800,0.41542,1
623.xalancbmk_s-592B,spp_MTPS4800,0.416,1
623.xalancbmk_s-592B,bingo_MTPS4800,0.42491,1
623.xalancbmk_s-592B,mlop_MTPS4800,0.41599,1
623.xalancbmk_s-592B,pythia_MTPS4800,0.40869,1
623.xalancbmk_s-592B,nopref_MTPS9600,0.41584,1
623.xalancbmk_s-592B,spp_MTPS9600,0.41629,1
623.xalancbmk_s-592B,bingo_MTPS9600,0.42532,1
623.xalancbmk_s-592B,mlop_MTPS9600,0.41634,1
623.xalancbmk_s-592B,pythia_MTPS9600,0.4091,1
627.cam4_s-573B,nopref,0.74474,1
627.cam4_s-573B,spp,0.75008,1
627.cam4_s-573B,bingo,0.7482,1
627.cam4_s-573B,mlop,0.75071,1
627.cam4_s-573B,pythia,0.75317,1
627.cam4_s-573B,nopref_MTPS150,0.32195,1
627.cam4_s-573B,spp_MTPS150,0.32176,1
627.cam4_s-573B,bingo_MTPS150,0.31928,1
627.cam4_s-573B,mlop_MTPS150,0.31789,1
627.cam4_s-573B,pythia_MTPS150,0.31837,1
627.cam4_s-573B,nopref_MTPS300,0.46681,1
627.cam4_s-573B,spp_MTPS300,0.468,1
627.cam4_s-573B,bingo_MTPS300,0.4648,1
627.cam4_s-573B,mlop_MTPS300,0.4644,1
627.cam4_s-573B,pythia_MTPS300,0.46498,1
627.cam4_s-573B,nopref_MTPS600,0.58866,1
627.cam4_s-573B,spp_MTPS600,0.59167,1
627.cam4_s-573B,bingo_MTPS600,0.58858,1
627.cam4_s-573B,mlop_MTPS600,0.58957,1
627.cam4_s-573B,pythia_MTPS600,0.59158,1
627.cam4_s-573B,nopref_MTPS1200,0.67865,1
627.cam4_s-573B,spp_MTPS1200,0.68317,1
627.cam4_s-573B,bingo_MTPS1200,0.68072,1
627.cam4_s-573B,mlop_MTPS1200,0.68289,1
627.cam4_s-573B,pythia_MTPS1200,0.68387,1
627.cam4_s-573B,nopref_MTPS4800,0.78814,1
627.cam4_s-573B,spp_MTPS4800,0.79415,1
627.cam4_s-573B,bingo_MTPS4800,0.79248,1
627.cam4_s-573B,mlop_MTPS4800,0.79494,1
627.cam4_s-573B,pythia_MTPS4800,0.79739,1
627.cam4_s-573B,nopref_MTPS9600,0.8033,1
627.cam4_s-573B,spp_MTPS9600,0.8093,1
627.cam4_s-573B,bingo_MTPS9600,0.80771,1
627.cam4_s-573B,mlop_MTPS9600,0.81007,1
627.cam4_s-573B,pythia_MTPS9600,0.8128,1
628.pop2_s-17B,nopref,0.95718,1
628.pop2_s-17B,spp,1.11506,1
628.pop2_s-17B,bingo,1.11638,1
628.pop2_s-17B,mlop,1.11471,1
628.pop2_s-17B,pythia,1.14381,1
628.pop2_s-17B,nopref_MTPS150,0.58754,1
628.pop2_s-17B,spp_MTPS150,0.59779,1
628.pop2_s-17B,bingo_MTPS150,0.60759,1
628.pop2_s-17B,mlop_MTPS150,0.59472,1
628.pop2_s-17B,pythia_MTPS150,0.6127,1
628.pop2_s-17B,nopref_MTPS300,0.7766,1
628.pop2_s-17B,spp_MTPS300,0.83788,1
628.pop2_s-17B,bingo_MTPS300,0.84021,1
628.pop2_s-17B,mlop_MTPS300,0.82932,1
628.pop2_s-17B,pythia_MTPS300,0.85817,1
628.pop2_s-17B,nopref_MTPS600,0.88759,1
628.pop2_s-17B,spp_MTPS600,1.00294,1
628.pop2_s-17B,bingo_MTPS600,0.99926,1
628.pop2_s-17B,mlop_MTPS600,0.99212,1
628.pop2_s-17B,pythia_MTPS600,1.0272,1
628.pop2_s-17B,nopref_MTPS1200,0.93733,1
628.pop2_s-17B,spp_MTPS1200,1.08436,1
628.pop2_s-17B,bingo_MTPS1200,1.08208,1
628.pop2_s-17B,mlop_MTPS1200,1.07977,1
628.pop2_s-17B,pythia_MTPS1200,1.11179,1
628.pop2_s-17B,nopref_MTPS4800,0.96511,1
628.pop2_s-17B,spp_MTPS4800,1.1264,1
628.pop2_s-17B,bingo_MTPS4800,1.12879,1
628.pop2_s-17B,mlop_MTPS4800,1.12631,1
628.pop2_s-17B,pythia_MTPS4800,1.15635,1
628.pop2_s-17B,nopref_MTPS9600,0.96691,1
628.pop2_s-17B,spp_MTPS9600,1.12853,1
628.pop2_s-17B,bingo_MTPS9600,1.13096,1
628.pop2_s-17B,mlop_MTPS9600,1.12832,1
628.pop2_s-17B,pythia_MTPS9600,1.15897,1
649.fotonik3d_s-10881B,nopref,0.38055,1
649.fotonik3d_s-10881B,spp,0.50853,1
649.fotonik3d_s-10881B,bingo,0.51093,1
649.fotonik3d_s-10881B,mlop,0.54273,1
649.fotonik3d_s-10881B,pythia,0.50923,1
649.fotonik3d_s-10881B,nopref_MTPS150,0.15661,1
649.fotonik3d_s-10881B,spp_MTPS150,0.14067,1
649.fotonik3d_s-10881B,bingo_MTPS150,0.14179,1
649.fotonik3d_s-10881B,mlop_MTPS150,0.12265,1
649.fotonik3d_s-10881B,pythia_MTPS150,0.11576,1
649.fotonik3d_s-10881B,nopref_MTPS300,0.26942,1
649.fotonik3d_s-10881B,spp_MTPS300,0.26879,1
649.fotonik3d_s-10881B,bingo_MTPS300,0.27073,1
649.fotonik3d_s-10881B,mlop_MTPS300,0.23738,1
649.fotonik3d_s-10881B,pythia_MTPS300,0.22363,1
649.fotonik3d_s-10881B,nopref_MTPS600,0.35493,1
649.fotonik3d_s-10881B,spp_MTPS600,0.42665,1
649.fotonik3d_s-10881B,bingo_MTPS600,0.40055,1
649.fotonik3d_s-10881B,mlop_MTPS600,0.40389,1
649.fotonik3d_s-10881B,pythia_MTPS600,0.37626,1
649.fotonik3d_s-10881B,nopref_MTPS1200,0.3759,1
649.fotonik3d_s-10881B,spp_MTPS1200,0.49293,1
649.fotonik3d_s-10881B,bingo_MTPS1200,0.48124,1
649.fotonik3d_s-10881B,mlop_MTPS1200,0.51595,1
649.fotonik3d_s-10881B,pythia_MTPS1200,0.47799,1
649.fotonik3d_s-10881B,nopref_MTPS4800,0.38182,1
649.fotonik3d_s-10881B,spp_MTPS4800,0.51237,1
649.fotonik3d_s-10881B,bingo_MTPS4800,0.51858,1
649.fotonik3d_s-10881B,mlop_MTPS4800,0.548,1
649.fotonik3d_s-10881B,pythia_MTPS4800,0.51723,1
649.fotonik3d_s-10881B,nopref_MTPS9600,0.38216,1
649.fotonik3d_s-10881B,spp_MTPS9600,0.51328,1
649.fotonik3d_s-10881B,bingo_MTPS9600,0.51952,1
649.fotonik3d_s-10881B,mlop_MTPS9600,0.54897,1
649.fotonik3d_s-10881B,pythia_MTPS9600,0.51904,1
654.roms_s-1007B,nopref,0.52933,1
654.roms_s-1007B,spp,0.6887,1
654.roms_s-1007B,bingo,0.64687,1
654.roms_s-1007B,mlop,0.69692,1
654.roms_s-1007B,pythia,0.71601,1
654.roms_s-1007B,nopref_MTPS150,0.36245,1
654.roms_s-1007B,spp_MTPS150,0.36899,1
654.roms_s-1007B,bingo_MTPS150,0.35116,1
654.roms_s-1007B,mlop_MTPS150,0.35613,1
654.roms_s-1007B,pythia_MTPS150,0.39551,1
654.roms_s-1007B,nopref_MTPS300,0.46019,1
654.roms_s-1007B,spp_MTPS300,0.51417,1
654.roms_s-1007B,bingo_MTPS300,0.47698,1
654.roms_s-1007B,mlop_MTPS300,0.5019,1
654.roms_s-1007B,pythia_MTPS300,0.54404,1
654.roms_s-1007B,nopref_MTPS600,0.50867,1
654.roms_s-1007B,spp_MTPS600,0.60907,1
654.roms_s-1007B,bingo_MTPS600,0.56888,1
654.roms_s-1007B,mlop_MTPS600,0.60628,1
654.roms_s-1007B,pythia_MTPS600,0.63861,1
654.roms_s-1007B,nopref_MTPS1200,0.52381,1
654.roms_s-1007B,spp_MTPS1200,0.66691,1
654.roms_s-1007B,bingo_MTPS1200,0.62461,1
654.roms_s-1007B,mlop_MTPS1200,0.66923,1
654.roms_s-1007B,pythia_MTPS1200,0.69397,1
654.roms_s-1007B,nopref_MTPS4800,0.53145,1
654.roms_s-1007B,spp_MTPS4800,0.68859,1
654.roms_s-1007B,bingo_MTPS4800,0.65305,1
654.roms_s-1007B,mlop_MTPS4800,0.70398,1
654.roms_s-1007B,pythia_MTPS4800,0.72228,1
654.roms_s-1007B,nopref_MTPS9600,0.53191,1
654.roms_s-1007B,spp_MTPS9600,0.69486,1
654.roms_s-1007B,bingo_MTPS9600,0.65436,1
654.roms_s-1007B,mlop_MTPS9600,0.70502,1
654.roms_s-1007B,pythia_MTPS9600,0.72362,1
ligra_BC.com-lj.ungraph.gcc_6.3.0_O3.drop_26750M.length_250M,nopref,0.20646,1
ligra_BC.com-lj.ungraph.gcc_6.3.0_O3.drop_26750M.length_250M,spp,0.21562,1
ligra_BC.com-lj.ungraph.gcc_6.3.0_O3.drop_26750M.length_250M,bingo,0.22349,1
ligra_BC.com-lj.ungraph.gcc_6.3.0_O3.drop_26750M.length_250M,mlop,0.20461,1
ligra_BC.com-lj.ungraph.gcc_6.3.0_O3.drop_26750M.length_250M,pythia,0.24371,1
ligra_BC.com-lj.ungraph.gcc_6.3.0_O3.drop_26750M.length_250M,nopref_MTPS150,0.12854,1
ligra_BC.com-lj.ungraph.gcc_6.3.0_O3.drop_26750M.length_250M,spp_MTPS150,0.107,1
ligra_BC.com-lj.ungraph.gcc_6.3.0_O3.drop_26750M.length_250M,bingo_MTPS150,0.04003,1
ligra_BC.com-lj.ungraph.gcc_6.3.0_O3.drop_26750M.length_250M,mlop_MTPS150,0.04559,1
ligra_BC.com-lj.ungraph.gcc_6.3.0_O3.drop_26750M.length_250M,pythia_MTPS150,0.10323,1
ligra_BC.com-lj.ungraph.gcc_6.3.0_O3.drop_26750M.length_250M,nopref_MTPS300,0.17421,1
ligra_BC.com-lj.ungraph.gcc_6.3.0_O3.drop_26750M.length_250M,spp_MTPS300,0.16392,1
ligra_BC.com-lj.ungraph.gcc_6.3.0_O3.drop_26750M.length_250M,bingo_MTPS300,0.07785,1
ligra_BC.com-lj.ungraph.gcc_6.3.0_O3.drop_26750M.length_250M,mlop_MTPS300,0.08662,1
ligra_BC.com-lj.ungraph.gcc_6.3.0_O3.drop_26750M.length_250M,pythia_MTPS300,0.17174,1
ligra_BC.com-lj.ungraph.gcc_6.3.0_O3.drop_26750M.length_250M,nopref_MTPS600,0.19507,1
ligra_BC.com-lj.ungraph.gcc_6.3.0_O3.drop_26750M.length_250M,spp_MTPS600,0.19721,1
ligra_BC.com-lj.ungraph.gcc_6.3.0_O3.drop_26750M.length_250M,bingo_MTPS600,0.13612,1
ligra_BC.com-lj.ungraph.gcc_6.3.0_O3.drop_26750M.length_250M,mlop_MTPS600,0.1414,1
ligra_BC.com-lj.ungraph.gcc_6.3.0_O3.drop_26750M.length_250M,pythia_MTPS600,0.21658,1
ligra_BC.com-lj.ungraph.gcc_6.3.0_O3.drop_26750M.length_250M,nopref_MTPS1200,0.20352,1
ligra_BC.com-lj.ungraph.gcc_6.3.0_O3.drop_26750M.length_250M,spp_MTPS1200,0.21101,1
ligra_BC.com-lj.ungraph.gcc_6.3.0_O3.drop_26750M.length_250M,bingo_MTPS1200,0.19665,1
ligra_BC.com-lj.ungraph.gcc_6.3.0_O3.drop_26750M.length_250M,mlop_MTPS1200,0.18729,1
ligra_BC.com-lj.ungraph.gcc_6.3.0_O3.drop_26750M.length_250M,pythia_MTPS1200,0.23652,1
ligra_BC.com-lj.ungraph.gcc_6.3.0_O3.drop_26750M.length_250M,nopref_MTPS4800,0.20752,1
ligra_BC.com-lj.ungraph.gcc_6.3.0_O3.drop_26750M.length_250M,spp_MTPS4800,0.21737,1
ligra_BC.com-lj.ungraph.gcc_6.3.0_O3.drop_26750M.length_250M,bingo_MTPS4800,0.23104,1
ligra_BC.com-lj.ungraph.gcc_6.3.0_O3.drop_26750M.length_250M,mlop_MTPS4800,0.20912,1
ligra_BC.com-lj.ungraph.gcc_6.3.0_O3.drop_26750M.length_250M,pythia_MTPS4800,0.24605,1
ligra_BC.com-lj.ungraph.gcc_6.3.0_O3.drop_26750M.length_250M,nopref_MTPS9600,0.20777,1
ligra_BC.com-lj.ungraph.gcc_6.3.0_O3.drop_26750M.length_250M,spp_MTPS9600,0.2177,1
ligra_BC.com-lj.ungraph.gcc_6.3.0_O3.drop_26750M.length_250M,bingo_MTPS9600,0.23181,1
ligra_BC.com-lj.ungraph.gcc_6.3.0_O3.drop_26750M.length_250M,mlop_MTPS9600,0.20973,1
ligra_BC.com-lj.ungraph.gcc_6.3.0_O3.drop_26750M.length_250M,pythia_MTPS9600,0.24654,1
ligra_BC.com-lj.ungraph.gcc_6.3.0_O3.drop_3500M.length_250M,nopref,0.96232,1
ligra_BC.com-lj.ungraph.gcc_6.3.0_O3.drop_3500M.length_250M,spp,1.36141,1
ligra_BC.com-lj.ungraph.gcc_6.3.0_O3.drop_3500M.length_250M,bingo,1.36712,1
ligra_BC.com-lj.ungraph.gcc_6.3.0_O3.drop_3500M.length_250M,mlop,1.37667,1
ligra_BC.com-lj.ungraph.gcc_6.3.0_O3.drop_3500M.length_250M,pythia,1.37657,1
ligra_BC.com-lj.ungraph.gcc_6.3.0_O3.drop_3500M.length_250M,nopref_MTPS150,0.76561,1
ligra_BC.com-lj.ungraph.gcc_6.3.0_O3.drop_3500M.length_250M,spp_MTPS150,0.8667,1
ligra_BC.com-lj.ungraph.gcc_6.3.0_O3.drop_3500M.length_250M,bingo_MTPS150,0.86355,1
ligra_BC.com-lj.ungraph.gcc_6.3.0_O3.drop_3500M.length_250M,mlop_MTPS150,0.86575,1
ligra_BC.com-lj.ungraph.gcc_6.3.0_O3.drop_3500M.length_250M,pythia_MTPS150,0.86539,1
ligra_BC.com-lj.ungraph.gcc_6.3.0_O3.drop_3500M.length_250M,nopref_MTPS300,0.94499,1
ligra_BC.com-lj.ungraph.gcc_6.3.0_O3.drop_3500M.length_250M,spp_MTPS300,1.33395,1
ligra_BC.com-lj.ungraph.gcc_6.3.0_O3.drop_3500M.length_250M,bingo_MTPS300,1.3436,1
ligra_BC.com-lj.ungraph.gcc_6.3.0_O3.drop_3500M.length_250M,mlop_MTPS300,1.36193,1
ligra_BC.com-lj.ungraph.gcc_6.3.0_O3.drop_3500M.length_250M,pythia_MTPS300,1.36451,1
ligra_BC.com-lj.ungraph.gcc_6.3.0_O3.drop_3500M.length_250M,nopref_MTPS600,0.95903,1
ligra_BC.com-lj.ungraph.gcc_6.3.0_O3.drop_3500M.length_250M,spp_MTPS600,1.36034,1
ligra_BC.com-lj.ungraph.gcc_6.3.0_O3.drop_3500M.length_250M,bingo_MTPS600,1.36491,1
ligra_BC.com-lj.ungraph.gcc_6.3.0_O3.drop_3500M.length_250M,mlop_MTPS600,1.37595,1
ligra_BC.com-lj.ungraph.gcc_6.3.0_O3.drop_3500M.length_250M,pythia_MTPS600,1.37636,1
ligra_BC.com-lj.ungraph.gcc_6.3.0_O3.drop_3500M.length_250M,nopref_MTPS1200,0.96197,1
ligra_BC.com-lj.ungraph.gcc_6.3.0_O3.drop_3500M.length_250M,spp_MTPS1200,1.36128,1
ligra_BC.com-lj.ungraph.gcc_6.3.0_O3.drop_3500M.length_250M,bingo_MTPS1200,1.36678,1
ligra_BC.com-lj.ungraph.gcc_6.3.0_O3.drop_3500M.length_250M,mlop_MTPS1200,1.37667,1
ligra_BC.com-lj.ungraph.gcc_6.3.0_O3.drop_3500M.length_250M,pythia_MTPS1200,1.37653,1
ligra_BC.com-lj.ungraph.gcc_6.3.0_O3.drop_3500M.length_250M,nopref_MTPS4800,0.96236,1
ligra_BC.com-lj.ungraph.gcc_6.3.0_O3.drop_3500M.length_250M,spp_MTPS4800,1.36142,1
ligra_BC.com-lj.ungraph.gcc_6.3.0_O3.drop_3500M.length_250M,bingo_MTPS4800,1.36727,1
ligra_BC.com-lj.ungraph.gcc_6.3.0_O3.drop_3500M.length_250M,mlop_MTPS4800,1.37667,1
ligra_BC.com-lj.ungraph.gcc_6.3.0_O3.drop_3500M.length_250M,pythia_MTPS4800,1.37657,1
ligra_BC.com-lj.ungraph.gcc_6.3.0_O3.drop_3500M.length_250M,nopref_MTPS9600,0.96237,1
ligra_BC.com-lj.ungraph.gcc_6.3.0_O3.drop_3500M.length_250M,spp_MTPS9600,1.36142,1
ligra_BC.com-lj.ungraph.gcc_6.3.0_O3.drop_3500M.length_250M,bingo_MTPS9600,1.36733,1
ligra_BC.com-lj.ungraph.gcc_6.3.0_O3.drop_3500M.length_250M,mlop_MTPS9600,1.37667,1
ligra_BC.com-lj.ungraph.gcc_6.3.0_O3.drop_3500M.length_250M,pythia_MTPS9600,1.37658,1
ligra_BC.com-lj.ungraph.gcc_6.3.0_O3.drop_500M.length_250M,nopref,0.90474,1
ligra_BC.com-lj.ungraph.gcc_6.3.0_O3.drop_500M.length_250M,spp,1.26045,1
ligra_BC.com-lj.ungraph.gcc_6.3.0_O3.drop_500M.length_250M,bingo,1.25475,1
ligra_BC.com-lj.ungraph.gcc_6.3.0_O3.drop_500M.length_250M,mlop,1.26264,1
ligra_BC.com-lj.ungraph.gcc_6.3.0_O3.drop_500M.length_250M,pythia,1.26258,1
ligra_BC.com-lj.ungraph.gcc_6.3.0_O3.drop_500M.length_250M,nopref_MTPS150,0.83886,1
ligra_BC.com-lj.ungraph.gcc_6.3.0_O3.drop_500M.length_250M,spp_MTPS150,0.98705,1
ligra_BC.com-lj.ungraph.gcc_6.3.0_O3.drop_500M.length_250M,bingo_MTPS150,0.97248,1
ligra_BC.com-lj.ungraph.gcc_6.3.0_O3.drop_500M.length_250M,mlop_MTPS150,0.97222,1
ligra_BC.com-lj.ungraph.gcc_6.3.0_O3.drop_500M.length_250M,pythia_MTPS150,0.96778,1
ligra_BC.com-lj.ungraph.gcc_6.3.0_O3.drop_500M.length_250M,nopref_MTPS300,0.90463,1
ligra_BC.com-lj.ungraph.gcc_6.3.0_O3.drop_500M.length_250M,spp_MTPS300,1.26006,1
ligra_BC.com-lj.ungraph.gcc_6.3.0_O3.drop_500M.length_250M,bingo_MTPS300,1.25466,1
ligra_BC.com-lj.ungraph.gcc_6.3.0_O3.drop_500M.length_250M,mlop_MTPS300,1.26184,1
ligra_BC.com-lj.ungraph.gcc_6.3.0_O3.drop_500M.length_250M,pythia_MTPS300,1.2604,1
ligra_BC.com-lj.ungraph.gcc_6.3.0_O3.drop_500M.length_250M,nopref_MTPS600,0.90474,1
ligra_BC.com-lj.ungraph.gcc_6.3.0_O3.drop_500M.length_250M,spp_MTPS600,1.26055,1
ligra_BC.com-lj.ungraph.gcc_6.3.0_O3.drop_500M.length_250M,bingo_MTPS600,1.25475,1
ligra_BC.com-lj.ungraph.gcc_6.3.0_O3.drop_500M.length_250M,mlop_MTPS600,1.26264,1
ligra_BC.com-lj.ungraph.gcc_6.3.0_O3.drop_500M.length_250M,pythia_MTPS600,1.26258,1
ligra_BC.com-lj.ungraph.gcc_6.3.0_O3.drop_500M.length_250M,nopref_MTPS1200,0.90474,1
ligra_BC.com-lj.ungraph.gcc_6.3.0_O3.drop_500M.length_250M,spp_MTPS1200,1.26046,1
ligra_BC.com-lj.ungraph.gcc_6.3.0_O3.drop_500M.length_250M,bingo_MTPS1200,1.25475,1
ligra_BC.com-lj.ungraph.gcc_6.3.0_O3.drop_500M.length_250M,mlop_MTPS1200,1.26264,1
ligra_BC.com-lj.ungraph.gcc_6.3.0_O3.drop_500M.length_250M,pythia_MTPS1200,1.26258,1
ligra_BC.com-lj.ungraph.gcc_6.3.0_O3.drop_500M.length_250M,nopref_MTPS4800,0.90474,1
ligra_BC.com-lj.ungraph.gcc_6.3.0_O3.drop_500M.length_250M,spp_MTPS4800,1.26045,1
ligra_BC.com-lj.ungraph.gcc_6.3.0_O3.drop_500M.length_250M,bingo_MTPS4800,1.25475,1
ligra_BC.com-lj.ungraph.gcc_6.3.0_O3.drop_500M.length_250M,mlop_MTPS4800,1.26264,1
ligra_BC.com-lj.ungraph.gcc_6.3.0_O3.drop_500M.length_250M,pythia_MTPS4800,1.26258,1
ligra_BC.com-lj.ungraph.gcc_6.3.0_O3.drop_500M.length_250M,nopref_MTPS9600,0.90474,1
ligra_BC.com-lj.ungraph.gcc_6.3.0_O3.drop_500M.length_250M,spp_MTPS9600,1.26045,1
ligra_BC.com-lj.ungraph.gcc_6.3.0_O3.drop_500M.length_250M,bingo_MTPS9600,1.25475,1
ligra_BC.com-lj.ungraph.gcc_6.3.0_O3.drop_500M.length_250M,mlop_MTPS9600,1.26264,1
ligra_BC.com-lj.ungraph.gcc_6.3.0_O3.drop_500M.length_250M,pythia_MTPS9600,1.26258,1
ligra_BellmanFord.com-lj.ungraph.gcc_6.3.0_O3.drop_1750M.length_250M,nopref,0.82743,1
ligra_BellmanFord.com-lj.ungraph.gcc_6.3.0_O3.drop_1750M.length_250M,spp,1.08355,1
ligra_BellmanFord.com-lj.ungraph.gcc_6.3.0_O3.drop_1750M.length_250M,bingo,1.07975,1
ligra_BellmanFord.com-lj.ungraph.gcc_6.3.0_O3.drop_1750M.length_250M,mlop,1.08528,1
ligra_BellmanFord.com-lj.ungraph.gcc_6.3.0_O3.drop_1750M.length_250M,pythia,1.08524,1
ligra_BellmanFord.com-lj.ungraph.gcc_6.3.0_O3.drop_1750M.length_250M,nopref_MTPS150,0.76924,1
ligra_BellmanFord.com-lj.ungraph.gcc_6.3.0_O3.drop_1750M.length_250M,spp_MTPS150,0.87187,1
ligra_BellmanFord.com-lj.ungraph.gcc_6.3.0_O3.drop_1750M.length_250M,bingo_MTPS150,0.86504,1
ligra_BellmanFord.com-lj.ungraph.gcc_6.3.0_O3.drop_1750M.length_250M,mlop_MTPS150,0.86724,1
ligra_BellmanFord.com-lj.ungraph.gcc_6.3.0_O3.drop_1750M.length_250M,pythia_MTPS150,0.86418,1
ligra_BellmanFord.com-lj.ungraph.gcc_6.3.0_O3.drop_1750M.length_250M,nopref_MTPS300,0.82683,1
ligra_BellmanFord.com-lj.ungraph.gcc_6.3.0_O3.drop_1750M.length_250M,spp_MTPS300,1.08324,1
ligra_BellmanFord.com-lj.ungraph.gcc_6.3.0_O3.drop_1750M.length_250M,bingo_MTPS300,1.07669,1
ligra_BellmanFord.com-lj.ungraph.gcc_6.3.0_O3.drop_1750M.length_250M,mlop_MTPS300,1.08094,1
ligra_BellmanFord.com-lj.ungraph.gcc_6.3.0_O3.drop_1750M.length_250M,pythia_MTPS300,1.07922,1
ligra_BellmanFord.com-lj.ungraph.gcc_6.3.0_O3.drop_1750M.length_250M,nopref_MTPS600,0.82743,1
ligra_BellmanFord.com-lj.ungraph.gcc_6.3.0_O3.drop_1750M.length_250M,spp_MTPS600,1.08361,1
ligra_BellmanFord.com-lj.ungraph.gcc_6.3.0_O3.drop_1750M.length_250M,bingo_MTPS600,1.07975,1
ligra_BellmanFord.com-lj.ungraph.gcc_6.3.0_O3.drop_1750M.length_250M,mlop_MTPS600,1.08528,1
ligra_BellmanFord.com-lj.ungraph.gcc_6.3.0_O3.drop_1750M.length_250M,pythia_MTPS600,1.08524,1
ligra_BellmanFord.com-lj.ungraph.gcc_6.3.0_O3.drop_1750M.length_250M,nopref_MTPS1200,0.82743,1
ligra_BellmanFord.com-lj.ungraph.gcc_6.3.0_O3.drop_1750M.length_250M,spp_MTPS1200,1.08357,1
ligra_BellmanFord.com-lj.ungraph.gcc_6.3.0_O3.drop_1750M.length_250M,bingo_MTPS1200,1.07975,1
ligra_BellmanFord.com-lj.ungraph.gcc_6.3.0_O3.drop_1750M.length_250M,mlop_MTPS1200,1.08528,1
ligra_BellmanFord.com-lj.ungraph.gcc_6.3.0_O3.drop_1750M.length_250M,pythia_MTPS1200,1.08524,1
ligra_BellmanFord.com-lj.ungraph.gcc_6.3.0_O3.drop_1750M.length_250M,nopref_MTPS4800,0.82743,1
ligra_BellmanFord.com-lj.ungraph.gcc_6.3.0_O3.drop_1750M.length_250M,spp_MTPS4800,1.08355,1
ligra_BellmanFord.com-lj.ungraph.gcc_6.3.0_O3.drop_1750M.length_250M,bingo_MTPS4800,1.07975,1
ligra_BellmanFord.com-lj.ungraph.gcc_6.3.0_O3.drop_1750M.length_250M,mlop_MTPS4800,1.08528,1
ligra_BellmanFord.com-lj.ungraph.gcc_6.3.0_O3.drop_1750M.length_250M,pythia_MTPS4800,1.08524,1
ligra_BellmanFord.com-lj.ungraph.gcc_6.3.0_O3.drop_1750M.length_250M,nopref_MTPS9600,0.82743,1
ligra_BellmanFord.com-lj.ungraph.gcc_6.3.0_O3.drop_1750M.length_250M,spp_MTPS9600,1.08355,1
ligra_BellmanFord.com-lj.ungraph.gcc_6.3.0_O3.drop_1750M.length_250M,bingo_MTPS9600,1.07975,1
ligra_BellmanFord.com-lj.ungraph.gcc_6.3.0_O3.drop_1750M.length_250M,mlop_MTPS9600,1.08528,1
ligra_BellmanFord.com-lj.ungraph.gcc_6.3.0_O3.drop_1750M.length_250M,pythia_MTPS9600,1.08524,1
ligra_BellmanFord.com-lj.ungraph.gcc_6.3.0_O3.drop_4000M.length_250M,nopref,0.96085,1
ligra_BellmanFord.com-lj.ungraph.gcc_6.3.0_O3.drop_4000M.length_250M,spp,1.36207,1
ligra_BellmanFord.com-lj.ungraph.gcc_6.3.0_O3.drop_4000M.length_250M,bingo,1.36771,1
ligra_BellmanFord.com-lj.ungraph.gcc_6.3.0_O3.drop_4000M.length_250M,mlop,1.37704,1
ligra_BellmanFord.com-lj.ungraph.gcc_6.3.0_O3.drop_4000M.length_250M,pythia,1.37699,1
ligra_BellmanFord.com-lj.ungraph.gcc_6.3.0_O3.drop_4000M.length_250M,nopref_MTPS150,0.74197,1
ligra_BellmanFord.com-lj.ungraph.gcc_6.3.0_O3.drop_4000M.length_250M,spp_MTPS150,0.86647,1
ligra_BellmanFord.com-lj.ungraph.gcc_6.3.0_O3.drop_4000M.length_250M,bingo_MTPS150,0.86311,1
ligra_BellmanFord.com-lj.ungraph.gcc_6.3.0_O3.drop_4000M.length_250M,mlop_MTPS150,0.86533,1
ligra_BellmanFord.com-lj.ungraph.gcc_6.3.0_O3.drop_4000M.length_250M,pythia_MTPS150,0.86569,1
ligra_BellmanFord.com-lj.ungraph.gcc_6.3.0_O3.drop_4000M.length_250M,nopref_MTPS300,0.9339,1
ligra_BellmanFord.com-lj.ungraph.gcc_6.3.0_O3.drop_4000M.length_250M,spp_MTPS300,1.33601,1
ligra_BellmanFord.com-lj.ungraph.gcc_6.3.0_O3.drop_4000M.length_250M,bingo_MTPS300,1.3505,1
ligra_BellmanFord.com-lj.ungraph.gcc_6.3.0_O3.drop_4000M.length_250M,mlop_MTPS300,1.36397,1
ligra_BellmanFord.com-lj.ungraph.gcc_6.3.0_O3.drop_4000M.length_250M,pythia_MTPS300,1.36446,1
ligra_BellmanFord.com-lj.ungraph.gcc_6.3.0_O3.drop_4000M.length_250M,nopref_MTPS600,0.95681,1
ligra_BellmanFord.com-lj.ungraph.gcc_6.3.0_O3.drop_4000M.length_250M,spp_MTPS600,1.36161,1
ligra_BellmanFord.com-lj.ungraph.gcc_6.3.0_O3.drop_4000M.length_250M,bingo_MTPS600,1.36769,1
ligra_BellmanFord.com-lj.ungraph.gcc_6.3.0_O3.drop_4000M.length_250M,mlop_MTPS600,1.37699,1
ligra_BellmanFord.com-lj.ungraph.gcc_6.3.0_O3.drop_4000M.length_250M,pythia_MTPS600,1.37687,1
ligra_BellmanFord.com-lj.ungraph.gcc_6.3.0_O3.drop_4000M.length_250M,nopref_MTPS1200,0.96017,1
ligra_BellmanFord.com-lj.ungraph.gcc_6.3.0_O3.drop_4000M.length_250M,spp_MTPS1200,1.36203,1
ligra_BellmanFord.com-lj.ungraph.gcc_6.3.0_O3.drop_4000M.length_250M,bingo_MTPS1200,1.3677,1
ligra_BellmanFord.com-lj.ungraph.gcc_6.3.0_O3.drop_4000M.length_250M,mlop_MTPS1200,1.37704,1
ligra_BellmanFord.com-lj.ungraph.gcc_6.3.0_O3.drop_4000M.length_250M,pythia_MTPS1200,1.37697,1
ligra_BellmanFord.com-lj.ungraph.gcc_6.3.0_O3.drop_4000M.length_250M,nopref_MTPS4800,0.96127,1
ligra_BellmanFord.com-lj.ungraph.gcc_6.3.0_O3.drop_4000M.length_250M,spp_MTPS4800,1.36207,1
ligra_BellmanFord.com-lj.ungraph.gcc_6.3.0_O3.drop_4000M.length_250M,bingo_MTPS4800,1.36771,1
ligra_BellmanFord.com-lj.ungraph.gcc_6.3.0_O3.drop_4000M.length_250M,mlop_MTPS4800,1.37704,1
ligra_BellmanFord.com-lj.ungraph.gcc_6.3.0_O3.drop_4000M.length_250M,pythia_MTPS4800,1.37699,1
ligra_BellmanFord.com-lj.ungraph.gcc_6.3.0_O3.drop_4000M.length_250M,nopref_MTPS9600,0.96133,1
ligra_BellmanFord.com-lj.ungraph.gcc_6.3.0_O3.drop_4000M.length_250M,spp_MTPS9600,1.36207,1
ligra_BellmanFord.com-lj.ungraph.gcc_6.3.0_O3.drop_4000M.length_250M,bingo_MTPS9600,1.36771,1
ligra_BellmanFord.com-lj.ungraph.gcc_6.3.0_O3.drop_4000M.length_250M,mlop_MTPS9600,1.37705,1
ligra_BellmanFord.com-lj.ungraph.gcc_6.3.0_O3.drop_4000M.length_250M,pythia_MTPS9600,1.37699,1
ligra_BellmanFord.com-lj.ungraph.gcc_6.3.0_O3.drop_7500M.length_250M,nopref,0.52728,1
ligra_BellmanFord.com-lj.ungraph.gcc_6.3.0_O3.drop_7500M.length_250M,spp,0.68804,1
ligra_BellmanFord.com-lj.ungraph.gcc_6.3.0_O3.drop_7500M.length_250M,bingo,0.69178,1
ligra_BellmanFord.com-lj.ungraph.gcc_6.3.0_O3.drop_7500M.length_250M,mlop,0.69472,1
ligra_BellmanFord.com-lj.ungraph.gcc_6.3.0_O3.drop_7500M.length_250M,pythia,0.69547,1
ligra_BellmanFord.com-lj.ungraph.gcc_6.3.0_O3.drop_7500M.length_250M,nopref_MTPS150,0.32991,1
ligra_BellmanFord.com-lj.ungraph.gcc_6.3.0_O3.drop_7500M.length_250M,spp_MTPS150,0.35097,1
ligra_BellmanFord.com-lj.ungraph.gcc_6.3.0_O3.drop_7500M.length_250M,bingo_MTPS150,0.34916,1
ligra_BellmanFord.com-lj.ungraph.gcc_6.3.0_O3.drop_7500M.length_250M,mlop_MTPS150,0.34953,1
ligra_BellmanFord.com-lj.ungraph.gcc_6.3.0_O3.drop_7500M.length_250M,pythia_MTPS150,0.34993,1
ligra_BellmanFord.com-lj.ungraph.gcc_6.3.0_O3.drop_7500M.length_250M,nopref_MTPS300,0.47643,1
ligra_BellmanFord.com-lj.ungraph.gcc_6.3.0_O3.drop_7500M.length_250M,spp_MTPS300,0.63075,1
ligra_BellmanFord.com-lj.ungraph.gcc_6.3.0_O3.drop_7500M.length_250M,bingo_MTPS300,0.61138,1
ligra_BellmanFord.com-lj.ungraph.gcc_6.3.0_O3.drop_7500M.length_250M,mlop_MTPS300,0.6325,1
ligra_BellmanFord.com-lj.ungraph.gcc_6.3.0_O3.drop_7500M.length_250M,pythia_MTPS300,0.63537,1
ligra_BellmanFord.com-lj.ungraph.gcc_6.3.0_O3.drop_7500M.length_250M,nopref_MTPS600,0.52045,1
ligra_BellmanFord.com-lj.ungraph.gcc_6.3.0_O3.drop_7500M.length_250M,spp_MTPS600,0.68601,1
ligra_BellmanFord.com-lj.ungraph.gcc_6.3.0_O3.drop_7500M.length_250M,bingo_MTPS600,0.68749,1
ligra_BellmanFord.com-lj.ungraph.gcc_6.3.0_O3.drop_7500M.length_250M,mlop_MTPS600,0.69332,1
ligra_BellmanFord.com-lj.ungraph.gcc_6.3.0_O3.drop_7500M.length_250M,pythia_MTPS600,0.6947,1
ligra_BellmanFord.com-lj.ungraph.gcc_6.3.0_O3.drop_7500M.length_250M,nopref_MTPS1200,0.52638,1
ligra_BellmanFord.com-lj.ungraph.gcc_6.3.0_O3.drop_7500M.length_250M,spp_MTPS1200,0.68766,1
ligra_BellmanFord.com-lj.ungraph.gcc_6.3.0_O3.drop_7500M.length_250M,bingo_MTPS1200,0.69157,1
ligra_BellmanFord.com-lj.ungraph.gcc_6.3.0_O3.drop_7500M.length_250M,mlop_MTPS1200,0.69429,1
ligra_BellmanFord.com-lj.ungraph.gcc_6.3.0_O3.drop_7500M.length_250M,pythia_MTPS1200,0.69519,1
ligra_BellmanFord.com-lj.ungraph.gcc_6.3.0_O3.drop_7500M.length_250M,nopref_MTPS4800,0.52747,1
ligra_BellmanFord.com-lj.ungraph.gcc_6.3.0_O3.drop_7500M.length_250M,spp_MTPS4800,0.68809,1
ligra_BellmanFord.com-lj.ungraph.gcc_6.3.0_O3.drop_7500M.length_250M,bingo_MTPS4800,0.69183,1
ligra_BellmanFord.com-lj.ungraph.gcc_6.3.0_O3.drop_7500M.length_250M,mlop_MTPS4800,0.69474,1
ligra_BellmanFord.com-lj.ungraph.gcc_6.3.0_O3.drop_7500M.length_250M,pythia_MTPS4800,0.69551,1
ligra_BellmanFord.com-lj.ungraph.gcc_6.3.0_O3.drop_7500M.length_250M,nopref_MTPS9600,0.52752,1
ligra_BellmanFord.com-lj.ungraph.gcc_6.3.0_O3.drop_7500M.length_250M,spp_MTPS9600,0.68811,1
ligra_BellmanFord.com-lj.ungraph.gcc_6.3.0_O3.drop_7500M.length_250M,bingo_MTPS9600,0.69184,1
ligra_BellmanFord.com-lj.ungraph.gcc_6.3.0_O3.drop_7500M.length_250M,mlop_MTPS9600,0.69475,1
ligra_BellmanFord.com-lj.ungraph.gcc_6.3.0_O3.drop_7500M.length_250M,pythia_MTPS9600,0.69553,1
ligra_BFS-Bitvector.com-lj.ungraph.gcc_6.3.0_O3.drop_23000M.length_250M,nopref,0.46292,0
ligra_BFS-Bitvector.com-lj.ungraph.gcc_6.3.0_O3.drop_23000M.length_250M,spp,0.45694,0
ligra_BFS-Bitvector.com-lj.ungraph.gcc_6.3.0_O3.drop_23000M.length_250M,bingo,0.51979,0
ligra_BFS-Bitvector.com-lj.ungraph.gcc_6.3.0_O3.drop_23000M.length_250M,mlop,0.47851,0
ligra_BFS-Bitvector.com-lj.ungraph.gcc_6.3.0_O3.drop_23000M.length_250M,pythia,0.55636,0
ligra_BFS-Bitvector.com-lj.ungraph.gcc_6.3.0_O3.drop_23000M.length_250M,nopref_MTPS150,0.34341,0
ligra_BFS-Bitvector.com-lj.ungraph.gcc_6.3.0_O3.drop_23000M.length_250M,spp_MTPS150,0.27826,0
ligra_BFS-Bitvector.com-lj.ungraph.gcc_6.3.0_O3.drop_23000M.length_250M,bingo_MTPS150,0.1057,0
ligra_BFS-Bitvector.com-lj.ungraph.gcc_6.3.0_O3.drop_23000M.length_250M,mlop_MTPS150,0.26862,0
ligra_BFS-Bitvector.com-lj.ungraph.gcc_6.3.0_O3.drop_23000M.length_250M,pythia_MTPS150,0,0
ligra_BFS-Bitvector.com-lj.ungraph.gcc_6.3.0_O3.drop_23000M.length_250M,nopref_MTPS300,0,0
ligra_BFS-Bitvector.com-lj.ungraph.gcc_6.3.0_O3.drop_23000M.length_250M,spp_MTPS300,0,0
ligra_BFS-Bitvector.com-lj.ungraph.gcc_6.3.0_O3.drop_23000M.length_250M,bingo_MTPS300,0,0
ligra_BFS-Bitvector.com-lj.ungraph.gcc_6.3.0_O3.drop_23000M.length_250M,mlop_MTPS300,0,0
ligra_BFS-Bitvector.com-lj.ungraph.gcc_6.3.0_O3.drop_23000M.length_250M,pythia_MTPS300,0,0
ligra_BFS-Bitvector.com-lj.ungraph.gcc_6.3.0_O3.drop_23000M.length_250M,nopref_MTPS600,0,0
ligra_BFS-Bitvector.com-lj.ungraph.gcc_6.3.0_O3.drop_23000M.length_250M,spp_MTPS600,0,0
ligra_BFS-Bitvector.com-lj.ungraph.gcc_6.3.0_O3.drop_23000M.length_250M,bingo_MTPS600,0,0
ligra_BFS-Bitvector.com-lj.ungraph.gcc_6.3.0_O3.drop_23000M.length_250M,mlop_MTPS600,0,0
ligra_BFS-Bitvector.com-lj.ungraph.gcc_6.3.0_O3.drop_23000M.length_250M,pythia_MTPS600,0,0
ligra_BFS-Bitvector.com-lj.ungraph.gcc_6.3.0_O3.drop_23000M.length_250M,nopref_MTPS1200,0,0
ligra_BFS-Bitvector.com-lj.ungraph.gcc_6.3.0_O3.drop_23000M.length_250M,spp_MTPS1200,0,0
ligra_BFS-Bitvector.com-lj.ungraph.gcc_6.3.0_O3.drop_23000M.length_250M,bingo_MTPS1200,0,0
ligra_BFS-Bitvector.com-lj.ungraph.gcc_6.3.0_O3.drop_23000M.length_250M,mlop_MTPS1200,0,0
ligra_BFS-Bitvector.com-lj.ungraph.gcc_6.3.0_O3.drop_23000M.length_250M,pythia_MTPS1200,0,0
ligra_BFS-Bitvector.com-lj.ungraph.gcc_6.3.0_O3.drop_23000M.length_250M,nopref_MTPS4800,0,0
ligra_BFS-Bitvector.com-lj.ungraph.gcc_6.3.0_O3.drop_23000M.length_250M,spp_MTPS4800,0,0
ligra_BFS-Bitvector.com-lj.ungraph.gcc_6.3.0_O3.drop_23000M.length_250M,bingo_MTPS4800,0,0
ligra_BFS-Bitvector.com-lj.ungraph.gcc_6.3.0_O3.drop_23000M.length_250M,mlop_MTPS4800,0,0
ligra_BFS-Bitvector.com-lj.ungraph.gcc_6.3.0_O3.drop_23000M.length_250M,pythia_MTPS4800,0,0
ligra_BFS-Bitvector.com-lj.ungraph.gcc_6.3.0_O3.drop_23000M.length_250M,nopref_MTPS9600,0,0
ligra_BFS-Bitvector.com-lj.ungraph.gcc_6.3.0_O3.drop_23000M.length_250M,spp_MTPS9600,0,0
ligra_BFS-Bitvector.com-lj.ungraph.gcc_6.3.0_O3.drop_23000M.length_250M,bingo_MTPS9600,0,0
ligra_BFS-Bitvector.com-lj.ungraph.gcc_6.3.0_O3.drop_23000M.length_250M,mlop_MTPS9600,0,0
ligra_BFS-Bitvector.com-lj.ungraph.gcc_6.3.0_O3.drop_23000M.length_250M,pythia_MTPS9600,0,0
ligra_BFS-Bitvector.com-lj.ungraph.gcc_6.3.0_O3.drop_2500M.length_250M,nopref,0,0
ligra_BFS-Bitvector.com-lj.ungraph.gcc_6.3.0_O3.drop_2500M.length_250M,spp,0,0
ligra_BFS-Bitvector.com-lj.ungraph.gcc_6.3.0_O3.drop_2500M.length_250M,bingo,0,0
ligra_BFS-Bitvector.com-lj.ungraph.gcc_6.3.0_O3.drop_2500M.length_250M,mlop,0,0
ligra_BFS-Bitvector.com-lj.ungraph.gcc_6.3.0_O3.drop_2500M.length_250M,pythia,0,0
ligra_BFS-Bitvector.com-lj.ungraph.gcc_6.3.0_O3.drop_2500M.length_250M,nopref_MTPS150,0,0
ligra_BFS-Bitvector.com-lj.ungraph.gcc_6.3.0_O3.drop_2500M.length_250M,spp_MTPS150,0,0
ligra_BFS-Bitvector.com-lj.ungraph.gcc_6.3.0_O3.drop_2500M.length_250M,bingo_MTPS150,0,0
ligra_BFS-Bitvector.com-lj.ungraph.gcc_6.3.0_O3.drop_2500M.length_250M,mlop_MTPS150,0,0
ligra_BFS-Bitvector.com-lj.ungraph.gcc_6.3.0_O3.drop_2500M.length_250M,pythia_MTPS150,0,0
ligra_BFS-Bitvector.com-lj.ungraph.gcc_6.3.0_O3.drop_2500M.length_250M,nopref_MTPS300,0,0
ligra_BFS-Bitvector.com-lj.ungraph.gcc_6.3.0_O3.drop_2500M.length_250M,spp_MTPS300,0,0
ligra_BFS-Bitvector.com-lj.ungraph.gcc_6.3.0_O3.drop_2500M.length_250M,bingo_MTPS300,0,0
ligra_BFS-Bitvector.com-lj.ungraph.gcc_6.3.0_O3.drop_2500M.length_250M,mlop_MTPS300,0,0
ligra_BFS-Bitvector.com-lj.ungraph.gcc_6.3.0_O3.drop_2500M.length_250M,pythia_MTPS300,0,0
ligra_BFS-Bitvector.com-lj.ungraph.gcc_6.3.0_O3.drop_2500M.length_250M,nopref_MTPS600,0,0
ligra_BFS-Bitvector.com-lj.ungraph.gcc_6.3.0_O3.drop_2500M.length_250M,spp_MTPS600,0,0
ligra_BFS-Bitvector.com-lj.ungraph.gcc_6.3.0_O3.drop_2500M.length_250M,bingo_MTPS600,0,0
ligra_BFS-Bitvector.com-lj.ungraph.gcc_6.3.0_O3.drop_2500M.length_250M,mlop_MTPS600,0,0
ligra_BFS-Bitvector.com-lj.ungraph.gcc_6.3.0_O3.drop_2500M.length_250M,pythia_MTPS600,0,0
ligra_BFS-Bitvector.com-lj.ungraph.gcc_6.3.0_O3.drop_2500M.length_250M,nopref_MTPS1200,0,0
ligra_BFS-Bitvector.com-lj.ungraph.gcc_6.3.0_O3.drop_2500M.length_250M,spp_MTPS1200,0,0
ligra_BFS-Bitvector.com-lj.ungraph.gcc_6.3.0_O3.drop_2500M.length_250M,bingo_MTPS1200,0,0
ligra_BFS-Bitvector.com-lj.ungraph.gcc_6.3.0_O3.drop_2500M.length_250M,mlop_MTPS1200,0,0
ligra_BFS-Bitvector.com-lj.ungraph.gcc_6.3.0_O3.drop_2500M.length_250M,pythia_MTPS1200,0,0
ligra_BFS-Bitvector.com-lj.ungraph.gcc_6.3.0_O3.drop_2500M.length_250M,nopref_MTPS4800,0,0
ligra_BFS-Bitvector.com-lj.ungraph.gcc_6.3.0_O3.drop_2500M.length_250M,spp_MTPS4800,0,0
ligra_BFS-Bitvector.com-lj.ungraph.gcc_6.3.0_O3.drop_2500M.length_250M,bingo_MTPS4800,0,0
ligra_BFS-Bitvector.com-lj.ungraph.gcc_6.3.0_O3.drop_2500M.length_250M,mlop_MTPS4800,0,0
ligra_BFS-Bitvector.com-lj.ungraph.gcc_6.3.0_O3.drop_2500M.length_250M,pythia_MTPS4800,0,0
ligra_BFS-Bitvector.com-lj.ungraph.gcc_6.3.0_O3.drop_2500M.length_250M,nopref_MTPS9600,0,0
ligra_BFS-Bitvector.com-lj.ungraph.gcc_6.3.0_O3.drop_2500M.length_250M,spp_MTPS9600,0,0
ligra_BFS-Bitvector.com-lj.ungraph.gcc_6.3.0_O3.drop_2500M.length_250M,bingo_MTPS9600,0,0
ligra_BFS-Bitvector.com-lj.ungraph.gcc_6.3.0_O3.drop_2500M.length_250M,mlop_MTPS9600,0,0
ligra_BFS-Bitvector.com-lj.ungraph.gcc_6.3.0_O3.drop_2500M.length_250M,pythia_MTPS9600,0,0
ligra_BFSCC.com-lj.ungraph.gcc_6.3.0_O3.drop_22000M.length_250M,nopref,0,0
ligra_BFSCC.com-lj.ungraph.gcc_6.3.0_O3.drop_22000M.length_250M,spp,0,0
ligra_BFSCC.com-lj.ungraph.gcc_6.3.0_O3.drop_22000M.length_250M,bingo,0,0
ligra_BFSCC.com-lj.ungraph.gcc_6.3.0_O3.drop_22000M.length_250M,mlop,0,0
ligra_BFSCC.com-lj.ungraph.gcc_6.3.0_O3.drop_22000M.length_250M,pythia,0,0
ligra_BFSCC.com-lj.ungraph.gcc_6.3.0_O3.drop_22000M.length_250M,nopref_MTPS150,0,0
ligra_BFSCC.com-lj.ungraph.gcc_6.3.0_O3.drop_22000M.length_250M,spp_MTPS150,0,0
ligra_BFSCC.com-lj.ungraph.gcc_6.3.0_O3.drop_22000M.length_250M,bingo_MTPS150,0,0
ligra_BFSCC.com-lj.ungraph.gcc_6.3.0_O3.drop_22000M.length_250M,mlop_MTPS150,0,0
ligra_BFSCC.com-lj.ungraph.gcc_6.3.0_O3.drop_22000M.length_250M,pythia_MTPS150,0,0
ligra_BFSCC.com-lj.ungraph.gcc_6.3.0_O3.drop_22000M.length_250M,nopref_MTPS300,0,0
ligra_BFSCC.com-lj.ungraph.gcc_6.3.0_O3.drop_22000M.length_250M,spp_MTPS300,0,0
ligra_BFSCC.com-lj.ungraph.gcc_6.3.0_O3.drop_22000M.length_250M,bingo_MTPS300,0,0
ligra_BFSCC.com-lj.ungraph.gcc_6.3.0_O3.drop_22000M.length_250M,mlop_MTPS300,0,0
ligra_BFSCC.com-lj.ungraph.gcc_6.3.0_O3.drop_22000M.length_250M,pythia_MTPS300,0,0
ligra_BFSCC.com-lj.ungraph.gcc_6.3.0_O3.drop_22000M.length_250M,nopref_MTPS600,0,0
ligra_BFSCC.com-lj.ungraph.gcc_6.3.0_O3.drop_22000M.length_250M,spp_MTPS600,0,0
ligra_BFSCC.com-lj.ungraph.gcc_6.3.0_O3.drop_22000M.length_250M,bingo_MTPS600,0,0
ligra_BFSCC.com-lj.ungraph.gcc_6.3.0_O3.drop_22000M.length_250M,mlop_MTPS600,0,0
ligra_BFSCC.com-lj.ungraph.gcc_6.3.0_O3.drop_22000M.length_250M,pythia_MTPS600,0,0
ligra_BFSCC.com-lj.ungraph.gcc_6.3.0_O3.drop_22000M.length_250M,nopref_MTPS1200,0,0
ligra_BFSCC.com-lj.ungraph.gcc_6.3.0_O3.drop_22000M.length_250M,spp_MTPS1200,0,0
ligra_BFSCC.com-lj.ungraph.gcc_6.3.0_O3.drop_22000M.length_250M,bingo_MTPS1200,0,0
ligra_BFSCC.com-lj.ungraph.gcc_6.3.0_O3.drop_22000M.length_250M,mlop_MTPS1200,0,0
ligra_BFSCC.com-lj.ungraph.gcc_6.3.0_O3.drop_22000M.length_250M,pythia_MTPS1200,0,0
ligra_BFSCC.com-lj.ungraph.gcc_6.3.0_O3.drop_22000M.length_250M,nopref_MTPS4800,0,0
ligra_BFSCC.com-lj.ungraph.gcc_6.3.0_O3.drop_22000M.length_250M,spp_MTPS4800,0,0
ligra_BFSCC.com-lj.ungraph.gcc_6.3.0_O3.drop_22000M.length_250M,bingo_MTPS4800,0,0
ligra_BFSCC.com-lj.ungraph.gcc_6.3.0_O3.drop_22000M.length_250M,mlop_MTPS4800,0,0
ligra_BFSCC.com-lj.ungraph.gcc_6.3.0_O3.drop_22000M.length_250M,pythia_MTPS4800,0,0
ligra_BFSCC.com-lj.ungraph.gcc_6.3.0_O3.drop_22000M.length_250M,nopref_MTPS9600,0,0
ligra_BFSCC.com-lj.ungraph.gcc_6.3.0_O3.drop_22000M.length_250M,spp_MTPS9600,0,0
ligra_BFSCC.com-lj.ungraph.gcc_6.3.0_O3.drop_22000M.length_250M,bingo_MTPS9600,0,0
ligra_BFSCC.com-lj.ungraph.gcc_6.3.0_O3.drop_22000M.length_250M,mlop_MTPS9600,0,0
ligra_BFSCC.com-lj.ungraph.gcc_6.3.0_O3.drop_22000M.length_250M,pythia_MTPS9600,0,0
ligra_BFSCC.com-lj.ungraph.gcc_6.3.0_O3.drop_3500M.length_250M,nopref,0,0
ligra_BFSCC.com-lj.ungraph.gcc_6.3.0_O3.drop_3500M.length_250M,spp,0,0
ligra_BFSCC.com-lj.ungraph.gcc_6.3.0_O3.drop_3500M.length_250M,bingo,0,0
ligra_BFSCC.com-lj.ungraph.gcc_6.3.0_O3.drop_3500M.length_250M,mlop,0,0
ligra_BFSCC.com-lj.ungraph.gcc_6.3.0_O3.drop_3500M.length_250M,pythia,0,0
ligra_BFSCC.com-lj.ungraph.gcc_6.3.0_O3.drop_3500M.length_250M,nopref_MTPS150,0,0
ligra_BFSCC.com-lj.ungraph.gcc_6.3.0_O3.drop_3500M.length_250M,spp_MTPS150,0,0
ligra_BFSCC.com-lj.ungraph.gcc_6.3.0_O3.drop_3500M.length_250M,bingo_MTPS150,0,0
ligra_BFSCC.com-lj.ungraph.gcc_6.3.0_O3.drop_3500M.length_250M,mlop_MTPS150,0,0
ligra_BFSCC.com-lj.ungraph.gcc_6.3.0_O3.drop_3500M.length_250M,pythia_MTPS150,0,0
ligra_BFSCC.com-lj.ungraph.gcc_6.3.0_O3.drop_3500M.length_250M,nopref_MTPS300,0,0
ligra_BFSCC.com-lj.ungraph.gcc_6.3.0_O3.drop_3500M.length_250M,spp_MTPS300,0,0
ligra_BFSCC.com-lj.ungraph.gcc_6.3.0_O3.drop_3500M.length_250M,bingo_MTPS300,0,0
ligra_BFSCC.com-lj.ungraph.gcc_6.3.0_O3.drop_3500M.length_250M,mlop_MTPS300,0,0
ligra_BFSCC.com-lj.ungraph.gcc_6.3.0_O3.drop_3500M.length_250M,pythia_MTPS300,0,0
ligra_BFSCC.com-lj.ungraph.gcc_6.3.0_O3.drop_3500M.length_250M,nopref_MTPS600,0,0
ligra_BFSCC.com-lj.ungraph.gcc_6.3.0_O3.drop_3500M.length_250M,spp_MTPS600,0,0
ligra_BFSCC.com-lj.ungraph.gcc_6.3.0_O3.drop_3500M.length_250M,bingo_MTPS600,0,0
ligra_BFSCC.com-lj.ungraph.gcc_6.3.0_O3.drop_3500M.length_250M,mlop_MTPS600,0,0
ligra_BFSCC.com-lj.ungraph.gcc_6.3.0_O3.drop_3500M.length_250M,pythia_MTPS600,0,0
ligra_BFSCC.com-lj.ungraph.gcc_6.3.0_O3.drop_3500M.length_250M,nopref_MTPS1200,0,0
ligra_BFSCC.com-lj.ungraph.gcc_6.3.0_O3.drop_3500M.length_250M,spp_MTPS1200,0,0
ligra_BFSCC.com-lj.ungraph.gcc_6.3.0_O3.drop_3500M.length_250M,bingo_MTPS1200,0,0
ligra_BFSCC.com-lj.ungraph.gcc_6.3.0_O3.drop_3500M.length_250M,mlop_MTPS1200,0,0
ligra_BFSCC.com-lj.ungraph.gcc_6.3.0_O3.drop_3500M.length_250M,pythia_MTPS1200,0,0
ligra_BFSCC.com-lj.ungraph.gcc_6.3.0_O3.drop_3500M.length_250M,nopref_MTPS4800,0,0
ligra_BFSCC.com-lj.ungraph.gcc_6.3.0_O3.drop_3500M.length_250M,spp_MTPS4800,0,0
ligra_BFSCC.com-lj.ungraph.gcc_6.3.0_O3.drop_3500M.length_250M,bingo_MTPS4800,0,0
ligra_BFSCC.com-lj.ungraph.gcc_6.3.0_O3.drop_3500M.length_250M,mlop_MTPS4800,0,0
ligra_BFSCC.com-lj.ungraph.gcc_6.3.0_O3.drop_3500M.length_250M,pythia_MTPS4800,0,0
ligra_BFSCC.com-lj.ungraph.gcc_6.3.0_O3.drop_3500M.length_250M,nopref_MTPS9600,0,0
ligra_BFSCC.com-lj.ungraph.gcc_6.3.0_O3.drop_3500M.length_250M,spp_MTPS9600,0,0
ligra_BFSCC.com-lj.ungraph.gcc_6.3.0_O3.drop_3500M.length_250M,bingo_MTPS9600,0,0
ligra_BFSCC.com-lj.ungraph.gcc_6.3.0_O3.drop_3500M.length_250M,mlop_MTPS9600,0,0
ligra_BFSCC.com-lj.ungraph.gcc_6.3.0_O3.drop_3500M.length_250M,pythia_MTPS9600,0,0
ligra_BFSCC.com-lj.ungraph.gcc_6.3.0_O3.drop_5000M.length_250M,nopref,0,0
ligra_BFSCC.com-lj.ungraph.gcc_6.3.0_O3.drop_5000M.length_250M,spp,0,0
ligra_BFSCC.com-lj.ungraph.gcc_6.3.0_O3.drop_5000M.length_250M,bingo,0,0
ligra_BFSCC.com-lj.ungraph.gcc_6.3.0_O3.drop_5000M.length_250M,mlop,0,0
ligra_BFSCC.com-lj.ungraph.gcc_6.3.0_O3.drop_5000M.length_250M,pythia,0,0
ligra_BFSCC.com-lj.ungraph.gcc_6.3.0_O3.drop_5000M.length_250M,nopref_MTPS150,0,0
ligra_BFSCC.com-lj.ungraph.gcc_6.3.0_O3.drop_5000M.length_250M,spp_MTPS150,0,0
ligra_BFSCC.com-lj.ungraph.gcc_6.3.0_O3.drop_5000M.length_250M,bingo_MTPS150,0,0
ligra_BFSCC.com-lj.ungraph.gcc_6.3.0_O3.drop_5000M.length_250M,mlop_MTPS150,0,0
ligra_BFSCC.com-lj.ungraph.gcc_6.3.0_O3.drop_5000M.length_250M,pythia_MTPS150,0,0
ligra_BFSCC.com-lj.ungraph.gcc_6.3.0_O3.drop_5000M.length_250M,nopref_MTPS300,0,0
ligra_BFSCC.com-lj.ungraph.gcc_6.3.0_O3.drop_5000M.length_250M,spp_MTPS300,0,0
ligra_BFSCC.com-lj.ungraph.gcc_6.3.0_O3.drop_5000M.length_250M,bingo_MTPS300,0,0
ligra_BFSCC.com-lj.ungraph.gcc_6.3.0_O3.drop_5000M.length_250M,mlop_MTPS300,0,0
ligra_BFSCC.com-lj.ungraph.gcc_6.3.0_O3.drop_5000M.length_250M,pythia_MTPS300,0,0
ligra_BFSCC.com-lj.ungraph.gcc_6.3.0_O3.drop_5000M.length_250M,nopref_MTPS600,0,0
ligra_BFSCC.com-lj.ungraph.gcc_6.3.0_O3.drop_5000M.length_250M,spp_MTPS600,0,0
ligra_BFSCC.com-lj.ungraph.gcc_6.3.0_O3.drop_5000M.length_250M,bingo_MTPS600,0,0
ligra_BFSCC.com-lj.ungraph.gcc_6.3.0_O3.drop_5000M.length_250M,mlop_MTPS600,0,0
ligra_BFSCC.com-lj.ungraph.gcc_6.3.0_O3.drop_5000M.length_250M,pythia_MTPS600,0,0
ligra_BFSCC.com-lj.ungraph.gcc_6.3.0_O3.drop_5000M.length_250M,nopref_MTPS1200,0,0
ligra_BFSCC.com-lj.ungraph.gcc_6.3.0_O3.drop_5000M.length_250M,spp_MTPS1200,0,0
ligra_BFSCC.com-lj.ungraph.gcc_6.3.0_O3.drop_5000M.length_250M,bingo_MTPS1200,0,0
ligra_BFSCC.com-lj.ungraph.gcc_6.3.0_O3.drop_5000M.length_250M,mlop_MTPS1200,0,0
ligra_BFSCC.com-lj.ungraph.gcc_6.3.0_O3.drop_5000M.length_250M,pythia_MTPS1200,0,0
ligra_BFSCC.com-lj.ungraph.gcc_6.3.0_O3.drop_5000M.length_250M,nopref_MTPS4800,0,0
ligra_BFSCC.com-lj.ungraph.gcc_6.3.0_O3.drop_5000M.length_250M,spp_MTPS4800,0,0
ligra_BFSCC.com-lj.ungraph.gcc_6.3.0_O3.drop_5000M.length_250M,bingo_MTPS4800,0,0
ligra_BFSCC.com-lj.ungraph.gcc_6.3.0_O3.drop_5000M.length_250M,mlop_MTPS4800,0,0
ligra_BFSCC.com-lj.ungraph.gcc_6.3.0_O3.drop_5000M.length_250M,pythia_MTPS4800,0,0
ligra_BFSCC.com-lj.ungraph.gcc_6.3.0_O3.drop_5000M.length_250M,nopref_MTPS9600,0,0
ligra_BFSCC.com-lj.ungraph.gcc_6.3.0_O3.drop_5000M.length_250M,spp_MTPS9600,0,0
ligra_BFSCC.com-lj.ungraph.gcc_6.3.0_O3.drop_5000M.length_250M,bingo_MTPS9600,0,0
ligra_BFSCC.com-lj.ungraph.gcc_6.3.0_O3.drop_5000M.length_250M,mlop_MTPS9600,0,0
ligra_BFSCC.com-lj.ungraph.gcc_6.3.0_O3.drop_5000M.length_250M,pythia_MTPS9600,0,0
ligra_BFSCC.com-lj.ungraph.gcc_6.3.0_O3.drop_750M.length_250M,nopref,0,0
ligra_BFSCC.com-lj.ungraph.gcc_6.3.0_O3.drop_750M.length_250M,spp,0,0
ligra_BFSCC.com-lj.ungraph.gcc_6.3.0_O3.drop_750M.length_250M,bingo,0,0
ligra_BFSCC.com-lj.ungraph.gcc_6.3.0_O3.drop_750M.length_250M,mlop,0,0
ligra_BFSCC.com-lj.ungraph.gcc_6.3.0_O3.drop_750M.length_250M,pythia,0,0
ligra_BFSCC.com-lj.ungraph.gcc_6.3.0_O3.drop_750M.length_250M,nopref_MTPS150,0,0
ligra_BFSCC.com-lj.ungraph.gcc_6.3.0_O3.drop_750M.length_250M,spp_MTPS150,0,0
ligra_BFSCC.com-lj.ungraph.gcc_6.3.0_O3.drop_750M.length_250M,bingo_MTPS150,0,0
ligra_BFSCC.com-lj.ungraph.gcc_6.3.0_O3.drop_750M.length_250M,mlop_MTPS150,0,0
ligra_BFSCC.com-lj.ungraph.gcc_6.3.0_O3.drop_750M.length_250M,pythia_MTPS150,0,0
ligra_BFSCC.com-lj.ungraph.gcc_6.3.0_O3.drop_750M.length_250M,nopref_MTPS300,0,0
ligra_BFSCC.com-lj.ungraph.gcc_6.3.0_O3.drop_750M.length_250M,spp_MTPS300,0,0
ligra_BFSCC.com-lj.ungraph.gcc_6.3.0_O3.drop_750M.length_250M,bingo_MTPS300,0,0
ligra_BFSCC.com-lj.ungraph.gcc_6.3.0_O3.drop_750M.length_250M,mlop_MTPS300,0,0
ligra_BFSCC.com-lj.ungraph.gcc_6.3.0_O3.drop_750M.length_250M,pythia_MTPS300,0,0
ligra_BFSCC.com-lj.ungraph.gcc_6.3.0_O3.drop_750M.length_250M,nopref_MTPS600,0,0
ligra_BFSCC.com-lj.ungraph.gcc_6.3.0_O3.drop_750M.length_250M,spp_MTPS600,0,0
ligra_BFSCC.com-lj.ungraph.gcc_6.3.0_O3.drop_750M.length_250M,bingo_MTPS600,0,0
ligra_BFSCC.com-lj.ungraph.gcc_6.3.0_O3.drop_750M.length_250M,mlop_MTPS600,1.21707,0
ligra_BFSCC.com-lj.ungraph.gcc_6.3.0_O3.drop_750M.length_250M,pythia_MTPS600,1.21702,0
ligra_BFSCC.com-lj.ungraph.gcc_6.3.0_O3.drop_750M.length_250M,nopref_MTPS1200,0.88154,0
ligra_BFSCC.com-lj.ungraph.gcc_6.3.0_O3.drop_750M.length_250M,spp_MTPS1200,1.21457,0
ligra_BFSCC.com-lj.ungraph.gcc_6.3.0_O3.drop_750M.length_250M,bingo_MTPS1200,1.20979,0
ligra_BFSCC.com-lj.ungraph.gcc_6.3.0_O3.drop_750M.length_250M,mlop_MTPS1200,1.21707,0
ligra_BFSCC.com-lj.ungraph.gcc_6.3.0_O3.drop_750M.length_250M,pythia_MTPS1200,1.21702,0
ligra_BFSCC.com-lj.ungraph.gcc_6.3.0_O3.drop_750M.length_250M,nopref_MTPS4800,0.88154,0
ligra_BFSCC.com-lj.ungraph.gcc_6.3.0_O3.drop_750M.length_250M,spp_MTPS4800,1.21456,0
ligra_BFSCC.com-lj.ungraph.gcc_6.3.0_O3.drop_750M.length_250M,bingo_MTPS4800,1.20979,0
ligra_BFSCC.com-lj.ungraph.gcc_6.3.0_O3.drop_750M.length_250M,mlop_MTPS4800,1.21707,0
ligra_BFSCC.com-lj.ungraph.gcc_6.3.0_O3.drop_750M.length_250M,pythia_MTPS4800,1.21702,0
ligra_BFSCC.com-lj.ungraph.gcc_6.3.0_O3.drop_750M.length_250M,nopref_MTPS9600,0.88154,0
ligra_BFSCC.com-lj.ungraph.gcc_6.3.0_O3.drop_750M.length_250M,spp_MTPS9600,1.21456,0
ligra_BFSCC.com-lj.ungraph.gcc_6.3.0_O3.drop_750M.length_250M,bingo_MTPS9600,1.20979,0
ligra_BFSCC.com-lj.ungraph.gcc_6.3.0_O3.drop_750M.length_250M,mlop_MTPS9600,1.21707,0
ligra_BFSCC.com-lj.ungraph.gcc_6.3.0_O3.drop_750M.length_250M,pythia_MTPS9600,1.21702,0
ligra_BFS.com-lj.ungraph.gcc_6.3.0_O3.drop_21500M.length_250M,nopref,0.34857,1
ligra_BFS.com-lj.ungraph.gcc_6.3.0_O3.drop_21500M.length_250M,spp,0.39626,1
ligra_BFS.com-lj.ungraph.gcc_6.3.0_O3.drop_21500M.length_250M,bingo,0.51071,1
ligra_BFS.com-lj.ungraph.gcc_6.3.0_O3.drop_21500M.length_250M,mlop,0.4293,1
ligra_BFS.com-lj.ungraph.gcc_6.3.0_O3.drop_21500M.length_250M,pythia,0.52382,1
ligra_BFS.com-lj.ungraph.gcc_6.3.0_O3.drop_21500M.length_250M,nopref_MTPS150,0.23786,1
ligra_BFS.com-lj.ungraph.gcc_6.3.0_O3.drop_21500M.length_250M,spp_MTPS150,0.20539,1
ligra_BFS.com-lj.ungraph.gcc_6.3.0_O3.drop_21500M.length_250M,bingo_MTPS150,0.21631,1
ligra_BFS.com-lj.ungraph.gcc_6.3.0_O3.drop_21500M.length_250M,mlop_MTPS150,0.20534,1
ligra_BFS.com-lj.ungraph.gcc_6.3.0_O3.drop_21500M.length_250M,pythia_MTPS150,0.25321,1
ligra_BFS.com-lj.ungraph.gcc_6.3.0_O3.drop_21500M.length_250M,nopref_MTPS300,0.32276,1
ligra_BFS.com-lj.ungraph.gcc_6.3.0_O3.drop_21500M.length_250M,spp_MTPS300,0.32756,1
ligra_BFS.com-lj.ungraph.gcc_6.3.0_O3.drop_21500M.length_250M,bingo_MTPS300,0.36345,1
ligra_BFS.com-lj.ungraph.gcc_6.3.0_O3.drop_21500M.length_250M,mlop_MTPS300,0.33168,1
ligra_BFS.com-lj.ungraph.gcc_6.3.0_O3.drop_21500M.length_250M,pythia_MTPS300,0.45247,1
ligra_BFS.com-lj.ungraph.gcc_6.3.0_O3.drop_21500M.length_250M,nopref_MTPS600,0.34276,1
ligra_BFS.com-lj.ungraph.gcc_6.3.0_O3.drop_21500M.length_250M,spp_MTPS600,0.38022,1
ligra_BFS.com-lj.ungraph.gcc_6.3.0_O3.drop_21500M.length_250M,bingo_MTPS600,0.46343,1
ligra_BFS.com-lj.ungraph.gcc_6.3.0_O3.drop_21500M.length_250M,mlop_MTPS600,0.39993,1
ligra_BFS.com-lj.ungraph.gcc_6.3.0_O3.drop_21500M.length_250M,pythia_MTPS600,0.51359,1
ligra_BFS.com-lj.ungraph.gcc_6.3.0_O3.drop_21500M.length_250M,nopref_MTPS1200,0.34731,1
ligra_BFS.com-lj.ungraph.gcc_6.3.0_O3.drop_21500M.length_250M,spp_MTPS1200,0.39289,1
ligra_BFS.com-lj.ungraph.gcc_6.3.0_O3.drop_21500M.length_250M,bingo_MTPS1200,0.50145,1
ligra_BFS.com-lj.ungraph.gcc_6.3.0_O3.drop_21500M.length_250M,mlop_MTPS1200,0.42363,1
ligra_BFS.com-lj.ungraph.gcc_6.3.0_O3.drop_21500M.length_250M,pythia_MTPS1200,0.52222,1
ligra_BFS.com-lj.ungraph.gcc_6.3.0_O3.drop_21500M.length_250M,nopref_MTPS4800,0.3489,1
ligra_BFS.com-lj.ungraph.gcc_6.3.0_O3.drop_21500M.length_250M,spp_MTPS4800,0.39748,1
ligra_BFS.com-lj.ungraph.gcc_6.3.0_O3.drop_21500M.length_250M,bingo_MTPS4800,0.51298,1
ligra_BFS.com-lj.ungraph.gcc_6.3.0_O3.drop_21500M.length_250M,mlop_MTPS4800,0.43034,1
ligra_BFS.com-lj.ungraph.gcc_6.3.0_O3.drop_21500M.length_250M,pythia_MTPS4800,0.52422,1
ligra_BFS.com-lj.ungraph.gcc_6.3.0_O3.drop_21500M.length_250M,nopref_MTPS9600,0.34899,1
ligra_BFS.com-lj.ungraph.gcc_6.3.0_O3.drop_21500M.length_250M,spp_MTPS9600,0.39763,1
ligra_BFS.com-lj.ungraph.gcc_6.3.0_O3.drop_21500M.length_250M,bingo_MTPS9600,0.5132,1
ligra_BFS.com-lj.ungraph.gcc_6.3.0_O3.drop_21500M.length_250M,mlop_MTPS9600,0.43066,1
ligra_BFS.com-lj.ungraph.gcc_6.3.0_O3.drop_21500M.length_250M,pythia_MTPS9600,0.5244,1
ligra_BFS.com-lj.ungraph.gcc_6.3.0_O3.drop_3500M.length_250M,nopref,0.96196,1
ligra_BFS.com-lj.ungraph.gcc_6.3.0_O3.drop_3500M.length_250M,spp,1.36111,1
ligra_BFS.com-lj.ungraph.gcc_6.3.0_O3.drop_3500M.length_250M,bingo,1.36693,1
ligra_BFS.com-lj.ungraph.gcc_6.3.0_O3.drop_3500M.length_250M,mlop,1.37649,1
ligra_BFS.com-lj.ungraph.gcc_6.3.0_O3.drop_3500M.length_250M,pythia,1.37638,1
ligra_BFS.com-lj.ungraph.gcc_6.3.0_O3.drop_3500M.length_250M,nopref_MTPS150,0.76556,1
ligra_BFS.com-lj.ungraph.gcc_6.3.0_O3.drop_3500M.length_250M,spp_MTPS150,0.86671,1
ligra_BFS.com-lj.ungraph.gcc_6.3.0_O3.drop_3500M.length_250M,bingo_MTPS150,0.8636,1
ligra_BFS.com-lj.ungraph.gcc_6.3.0_O3.drop_3500M.length_250M,mlop_MTPS150,0.86571,1
ligra_BFS.com-lj.ungraph.gcc_6.3.0_O3.drop_3500M.length_250M,pythia_MTPS150,0.86541,1
ligra_BFS.com-lj.ungraph.gcc_6.3.0_O3.drop_3500M.length_250M,nopref_MTPS300,0.94471,1
ligra_BFS.com-lj.ungraph.gcc_6.3.0_O3.drop_3500M.length_250M,spp_MTPS300,1.33403,1
ligra_BFS.com-lj.ungraph.gcc_6.3.0_O3.drop_3500M.length_250M,bingo_MTPS300,1.34367,1
ligra_BFS.com-lj.ungraph.gcc_6.3.0_O3.drop_3500M.length_250M,mlop_MTPS300,1.36168,1
ligra_BFS.com-lj.ungraph.gcc_6.3.0_O3.drop_3500M.length_250M,pythia_MTPS300,1.36441,1
ligra_BFS.com-lj.ungraph.gcc_6.3.0_O3.drop_3500M.length_250M,nopref_MTPS600,0.95867,1
ligra_BFS.com-lj.ungraph.gcc_6.3.0_O3.drop_3500M.length_250M,spp_MTPS600,1.36006,1
ligra_BFS.com-lj.ungraph.gcc_6.3.0_O3.drop_3500M.length_250M,bingo_MTPS600,1.36467,1
ligra_BFS.com-lj.ungraph.gcc_6.3.0_O3.drop_3500M.length_250M,mlop_MTPS600,1.37575,1
ligra_BFS.com-lj.ungraph.gcc_6.3.0_O3.drop_3500M.length_250M,pythia_MTPS600,1.37617,1
ligra_BFS.com-lj.ungraph.gcc_6.3.0_O3.drop_3500M.length_250M,nopref_MTPS1200,0.9616,1
ligra_BFS.com-lj.ungraph.gcc_6.3.0_O3.drop_3500M.length_250M,spp_MTPS1200,1.36099,1
ligra_BFS.com-lj.ungraph.gcc_6.3.0_O3.drop_3500M.length_250M,bingo_MTPS1200,1.36659,1
ligra_BFS.com-lj.ungraph.gcc_6.3.0_O3.drop_3500M.length_250M,mlop_MTPS1200,1.37649,1
ligra_BFS.com-lj.ungraph.gcc_6.3.0_O3.drop_3500M.length_250M,pythia_MTPS1200,1.37633,1
ligra_BFS.com-lj.ungraph.gcc_6.3.0_O3.drop_3500M.length_250M,nopref_MTPS4800,0.96199,1
ligra_BFS.com-lj.ungraph.gcc_6.3.0_O3.drop_3500M.length_250M,spp_MTPS4800,1.36113,1
ligra_BFS.com-lj.ungraph.gcc_6.3.0_O3.drop_3500M.length_250M,bingo_MTPS4800,1.36708,1
ligra_BFS.com-lj.ungraph.gcc_6.3.0_O3.drop_3500M.length_250M,mlop_MTPS4800,1.37649,1
ligra_BFS.com-lj.ungraph.gcc_6.3.0_O3.drop_3500M.length_250M,pythia_MTPS4800,1.37639,1
ligra_BFS.com-lj.ungraph.gcc_6.3.0_O3.drop_3500M.length_250M,nopref_MTPS9600,0.96201,1
ligra_BFS.com-lj.ungraph.gcc_6.3.0_O3.drop_3500M.length_250M,spp_MTPS9600,1.36113,1
ligra_BFS.com-lj.ungraph.gcc_6.3.0_O3.drop_3500M.length_250M,bingo_MTPS9600,1.36714,1
ligra_BFS.com-lj.ungraph.gcc_6.3.0_O3.drop_3500M.length_250M,mlop_MTPS9600,1.37649,1
ligra_BFS.com-lj.ungraph.gcc_6.3.0_O3.drop_3500M.length_250M,pythia_MTPS9600,1.37639,1
ligra_BFS.com-lj.ungraph.gcc_6.3.0_O3.drop_5000M.length_250M,nopref,0.70873,1
ligra_BFS.com-lj.ungraph.gcc_6.3.0_O3.drop_5000M.length_250M,spp,0.99087,1
ligra_BFS.com-lj.ungraph.gcc_6.3.0_O3.drop_5000M.length_250M,bingo,0.99781,1
ligra_BFS.com-lj.ungraph.gcc_6.3.0_O3.drop_5000M.length_250M,mlop,1.00335,1
ligra_BFS.com-lj.ungraph.gcc_6.3.0_O3.drop_5000M.length_250M,pythia,1.00435,1
ligra_BFS.com-lj.ungraph.gcc_6.3.0_O3.drop_5000M.length_250M,nopref_MTPS150,0.44469,1
ligra_BFS.com-lj.ungraph.gcc_6.3.0_O3.drop_5000M.length_250M,spp_MTPS150,0.48511,1
ligra_BFS.com-lj.ungraph.gcc_6.3.0_O3.drop_5000M.length_250M,bingo_MTPS150,0.48391,1
ligra_BFS.com-lj.ungraph.gcc_6.3.0_O3.drop_5000M.length_250M,mlop_MTPS150,0.48426,1
ligra_BFS.com-lj.ungraph.gcc_6.3.0_O3.drop_5000M.length_250M,pythia_MTPS150,0.48523,1
ligra_BFS.com-lj.ungraph.gcc_6.3.0_O3.drop_5000M.length_250M,nopref_MTPS300,0.63406,1
ligra_BFS.com-lj.ungraph.gcc_6.3.0_O3.drop_5000M.length_250M,spp_MTPS300,0.88637,1
ligra_BFS.com-lj.ungraph.gcc_6.3.0_O3.drop_5000M.length_250M,bingo_MTPS300,0.85526,1
ligra_BFS.com-lj.ungraph.gcc_6.3.0_O3.drop_5000M.length_250M,mlop_MTPS300,0.88919,1
ligra_BFS.com-lj.ungraph.gcc_6.3.0_O3.drop_5000M.length_250M,pythia_MTPS300,0.90121,1
ligra_BFS.com-lj.ungraph.gcc_6.3.0_O3.drop_5000M.length_250M,nopref_MTPS600,0.69895,1
ligra_BFS.com-lj.ungraph.gcc_6.3.0_O3.drop_5000M.length_250M,spp_MTPS600,0.9871,1
ligra_BFS.com-lj.ungraph.gcc_6.3.0_O3.drop_5000M.length_250M,bingo_MTPS600,0.98845,1
ligra_BFS.com-lj.ungraph.gcc_6.3.0_O3.drop_5000M.length_250M,mlop_MTPS600,0.9996,1
ligra_BFS.com-lj.ungraph.gcc_6.3.0_O3.drop_5000M.length_250M,pythia_MTPS600,1.00209,1
ligra_BFS.com-lj.ungraph.gcc_6.3.0_O3.drop_5000M.length_250M,nopref_MTPS1200,0.70689,1
ligra_BFS.com-lj.ungraph.gcc_6.3.0_O3.drop_5000M.length_250M,spp_MTPS1200,0.99015,1
ligra_BFS.com-lj.ungraph.gcc_6.3.0_O3.drop_5000M.length_250M,bingo_MTPS1200,0.9971,1
ligra_BFS.com-lj.ungraph.gcc_6.3.0_O3.drop_5000M.length_250M,mlop_MTPS1200,1.00265,1
ligra_BFS.com-lj.ungraph.gcc_6.3.0_O3.drop_5000M.length_250M,pythia_MTPS1200,1.00372,1
ligra_BFS.com-lj.ungraph.gcc_6.3.0_O3.drop_5000M.length_250M,nopref_MTPS4800,0.70935,1
ligra_BFS.com-lj.ungraph.gcc_6.3.0_O3.drop_5000M.length_250M,spp_MTPS4800,0.99104,1
ligra_BFS.com-lj.ungraph.gcc_6.3.0_O3.drop_5000M.length_250M,bingo_MTPS4800,0.99799,1
ligra_BFS.com-lj.ungraph.gcc_6.3.0_O3.drop_5000M.length_250M,mlop_MTPS4800,1.00352,1
ligra_BFS.com-lj.ungraph.gcc_6.3.0_O3.drop_5000M.length_250M,pythia_MTPS4800,1.00455,1
ligra_BFS.com-lj.ungraph.gcc_6.3.0_O3.drop_5000M.length_250M,nopref_MTPS9600,0.70954,1
ligra_BFS.com-lj.ungraph.gcc_6.3.0_O3.drop_5000M.length_250M,spp_MTPS9600,0.99108,1
ligra_BFS.com-lj.ungraph.gcc_6.3.0_O3.drop_5000M.length_250M,bingo_MTPS9600,0.99805,1
ligra_BFS.com-lj.ungraph.gcc_6.3.0_O3.drop_5000M.length_250M,mlop_MTPS9600,1.00355,1
ligra_BFS.com-lj.ungraph.gcc_6.3.0_O3.drop_5000M.length_250M,pythia_MTPS9600,1.0046,1
ligra_BFS.com-lj.ungraph.gcc_6.3.0_O3.drop_500M.length_250M,nopref,0.90899,1
ligra_BFS.com-lj.ungraph.gcc_6.3.0_O3.drop_500M.length_250M,spp,1.26983,1
ligra_BFS.com-lj.ungraph.gcc_6.3.0_O3.drop_500M.length_250M,bingo,1.26404,1
ligra_BFS.com-lj.ungraph.gcc_6.3.0_O3.drop_500M.length_250M,mlop,1.27208,1
ligra_BFS.com-lj.ungraph.gcc_6.3.0_O3.drop_500M.length_250M,pythia,1.27202,1
ligra_BFS.com-lj.ungraph.gcc_6.3.0_O3.drop_500M.length_250M,nopref_MTPS150,0.84117,1
ligra_BFS.com-lj.ungraph.gcc_6.3.0_O3.drop_500M.length_250M,spp_MTPS150,0.98708,1
ligra_BFS.com-lj.ungraph.gcc_6.3.0_O3.drop_500M.length_250M,bingo_MTPS150,0.97302,1
ligra_BFS.com-lj.ungraph.gcc_6.3.0_O3.drop_500M.length_250M,mlop_MTPS150,0.97272,1
ligra_BFS.com-lj.ungraph.gcc_6.3.0_O3.drop_500M.length_250M,pythia_MTPS150,0.96827,1
ligra_BFS.com-lj.ungraph.gcc_6.3.0_O3.drop_500M.length_250M,nopref_MTPS300,0.90885,1
ligra_BFS.com-lj.ungraph.gcc_6.3.0_O3.drop_500M.length_250M,spp_MTPS300,1.26942,1
ligra_BFS.com-lj.ungraph.gcc_6.3.0_O3.drop_500M.length_250M,bingo_MTPS300,1.2638,1
ligra_BFS.com-lj.ungraph.gcc_6.3.0_O3.drop_500M.length_250M,mlop_MTPS300,1.27086,1
ligra_BFS.com-lj.ungraph.gcc_6.3.0_O3.drop_500M.length_250M,pythia_MTPS300,1.26941,1
ligra_BFS.com-lj.ungraph.gcc_6.3.0_O3.drop_500M.length_250M,nopref_MTPS600,0.90898,1
ligra_BFS.com-lj.ungraph.gcc_6.3.0_O3.drop_500M.length_250M,spp_MTPS600,1.26992,1
ligra_BFS.com-lj.ungraph.gcc_6.3.0_O3.drop_500M.length_250M,bingo_MTPS600,1.26404,1
ligra_BFS.com-lj.ungraph.gcc_6.3.0_O3.drop_500M.length_250M,mlop_MTPS600,1.27208,1
ligra_BFS.com-lj.ungraph.gcc_6.3.0_O3.drop_500M.length_250M,pythia_MTPS600,1.27202,1
ligra_BFS.com-lj.ungraph.gcc_6.3.0_O3.drop_500M.length_250M,nopref_MTPS1200,0.90899,1
ligra_BFS.com-lj.ungraph.gcc_6.3.0_O3.drop_500M.length_250M,spp_MTPS1200,1.26984,1
ligra_BFS.com-lj.ungraph.gcc_6.3.0_O3.drop_500M.length_250M,bingo_MTPS1200,1.26404,1
ligra_BFS.com-lj.ungraph.gcc_6.3.0_O3.drop_500M.length_250M,mlop_MTPS1200,1.27208,1
ligra_BFS.com-lj.ungraph.gcc_6.3.0_O3.drop_500M.length_250M,pythia_MTPS1200,1.27202,1
ligra_BFS.com-lj.ungraph.gcc_6.3.0_O3.drop_500M.length_250M,nopref_MTPS4800,0.90899,1
ligra_BFS.com-lj.ungraph.gcc_6.3.0_O3.drop_500M.length_250M,spp_MTPS4800,1.26983,1
ligra_BFS.com-lj.ungraph.gcc_6.3.0_O3.drop_500M.length_250M,bingo_MTPS4800,1.26404,1
ligra_BFS.com-lj.ungraph.gcc_6.3.0_O3.drop_500M.length_250M,mlop_MTPS4800,1.27208,1
ligra_BFS.com-lj.ungraph.gcc_6.3.0_O3.drop_500M.length_250M,pythia_MTPS4800,1.27202,1
ligra_BFS.com-lj.ungraph.gcc_6.3.0_O3.drop_500M.length_250M,nopref_MTPS9600,0.90899,1
ligra_BFS.com-lj.ungraph.gcc_6.3.0_O3.drop_500M.length_250M,spp_MTPS9600,1.26983,1
ligra_BFS.com-lj.ungraph.gcc_6.3.0_O3.drop_500M.length_250M,bingo_MTPS9600,1.26404,1
ligra_BFS.com-lj.ungraph.gcc_6.3.0_O3.drop_500M.length_250M,mlop_MTPS9600,1.27208,1
ligra_BFS.com-lj.ungraph.gcc_6.3.0_O3.drop_500M.length_250M,pythia_MTPS9600,1.27202,1
ligra_CF.com-lj.ungraph.gcc_6.3.0_O3.drop_184750M.length_250M,nopref,0.6306,1
ligra_CF.com-lj.ungraph.gcc_6.3.0_O3.drop_184750M.length_250M,spp,0.80081,1
ligra_CF.com-lj.ungraph.gcc_6.3.0_O3.drop_184750M.length_250M,bingo,0.77778,1
ligra_CF.com-lj.ungraph.gcc_6.3.0_O3.drop_184750M.length_250M,mlop,0.78588,1
ligra_CF.com-lj.ungraph.gcc_6.3.0_O3.drop_184750M.length_250M,pythia,0.80816,1
ligra_CF.com-lj.ungraph.gcc_6.3.0_O3.drop_184750M.length_250M,nopref_MTPS150,0.37026,1
ligra_CF.com-lj.ungraph.gcc_6.3.0_O3.drop_184750M.length_250M,spp_MTPS150,0.32553,1
ligra_CF.com-lj.ungraph.gcc_6.3.0_O3.drop_184750M.length_250M,bingo_MTPS150,0.17336,1
ligra_CF.com-lj.ungraph.gcc_6.3.0_O3.drop_184750M.length_250M,mlop_MTPS150,0.14158,1
ligra_CF.com-lj.ungraph.gcc_6.3.0_O3.drop_184750M.length_250M,pythia_MTPS150,0.34688,1
ligra_CF.com-lj.ungraph.gcc_6.3.0_O3.drop_184750M.length_250M,nopref_MTPS300,0.52185,1
ligra_CF.com-lj.ungraph.gcc_6.3.0_O3.drop_184750M.length_250M,spp_MTPS300,0.5457,1
ligra_CF.com-lj.ungraph.gcc_6.3.0_O3.drop_184750M.length_250M,bingo_MTPS300,0.32275,1
ligra_CF.com-lj.ungraph.gcc_6.3.0_O3.drop_184750M.length_250M,mlop_MTPS300,0.27471,1
ligra_CF.com-lj.ungraph.gcc_6.3.0_O3.drop_184750M.length_250M,pythia_MTPS300,0.57891,1
ligra_CF.com-lj.ungraph.gcc_6.3.0_O3.drop_184750M.length_250M,nopref_MTPS600,0.59124,1
ligra_CF.com-lj.ungraph.gcc_6.3.0_O3.drop_184750M.length_250M,spp_MTPS600,0.71646,1
ligra_CF.com-lj.ungraph.gcc_6.3.0_O3.drop_184750M.length_250M,bingo_MTPS600,0.51956,1
ligra_CF.com-lj.ungraph.gcc_6.3.0_O3.drop_184750M.length_250M,mlop_MTPS600,0.48489,1
ligra_CF.com-lj.ungraph.gcc_6.3.0_O3.drop_184750M.length_250M,pythia_MTPS600,0.73124,1
ligra_CF.com-lj.ungraph.gcc_6.3.0_O3.drop_184750M.length_250M,nopref_MTPS1200,0.6216,1
ligra_CF.com-lj.ungraph.gcc_6.3.0_O3.drop_184750M.length_250M,spp_MTPS1200,0.78192,1
ligra_CF.com-lj.ungraph.gcc_6.3.0_O3.drop_184750M.length_250M,bingo_MTPS1200,0.69643,1
ligra_CF.com-lj.ungraph.gcc_6.3.0_O3.drop_184750M.length_250M,mlop_MTPS1200,0.69629,1
ligra_CF.com-lj.ungraph.gcc_6.3.0_O3.drop_184750M.length_250M,pythia_MTPS1200,0.79084,1
ligra_CF.com-lj.ungraph.gcc_6.3.0_O3.drop_184750M.length_250M,nopref_MTPS4800,0.63214,1
ligra_CF.com-lj.ungraph.gcc_6.3.0_O3.drop_184750M.length_250M,spp_MTPS4800,0.80568,1
ligra_CF.com-lj.ungraph.gcc_6.3.0_O3.drop_184750M.length_250M,bingo_MTPS4800,0.79997,1
ligra_CF.com-lj.ungraph.gcc_6.3.0_O3.drop_184750M.length_250M,mlop_MTPS4800,0.80876,1
ligra_CF.com-lj.ungraph.gcc_6.3.0_O3.drop_184750M.length_250M,pythia_MTPS4800,0.81176,1
ligra_CF.com-lj.ungraph.gcc_6.3.0_O3.drop_184750M.length_250M,nopref_MTPS9600,0.63225,1
ligra_CF.com-lj.ungraph.gcc_6.3.0_O3.drop_184750M.length_250M,spp_MTPS9600,0.80639,1
ligra_CF.com-lj.ungraph.gcc_6.3.0_O3.drop_184750M.length_250M,bingo_MTPS9600,0.80214,1
ligra_CF.com-lj.ungraph.gcc_6.3.0_O3.drop_184750M.length_250M,mlop_MTPS9600,0.81131,1
ligra_CF.com-lj.ungraph.gcc_6.3.0_O3.drop_184750M.length_250M,pythia_MTPS9600,0.81204,1
ligra_CF.com-lj.ungraph.gcc_6.3.0_O3.drop_2500M.length_250M,nopref,0.78019,1
ligra_CF.com-lj.ungraph.gcc_6.3.0_O3.drop_2500M.length_250M,spp,0.9632,1
ligra_CF.com-lj.ungraph.gcc_6.3.0_O3.drop_2500M.length_250M,bingo,0.95934,1
ligra_CF.com-lj.ungraph.gcc_6.3.0_O3.drop_2500M.length_250M,mlop,0.96757,1
ligra_CF.com-lj.ungraph.gcc_6.3.0_O3.drop_2500M.length_250M,pythia,0.96753,1
ligra_CF.com-lj.ungraph.gcc_6.3.0_O3.drop_2500M.length_250M,nopref_MTPS150,0.66536,1
ligra_CF.com-lj.ungraph.gcc_6.3.0_O3.drop_2500M.length_250M,spp_MTPS150,0.74611,1
ligra_CF.com-lj.ungraph.gcc_6.3.0_O3.drop_2500M.length_250M,bingo_MTPS150,0.75576,1
ligra_CF.com-lj.ungraph.gcc_6.3.0_O3.drop_2500M.length_250M,mlop_MTPS150,0.75804,1
ligra_CF.com-lj.ungraph.gcc_6.3.0_O3.drop_2500M.length_250M,pythia_MTPS150,0.75837,1
ligra_CF.com-lj.ungraph.gcc_6.3.0_O3.drop_2500M.length_250M,nopref_MTPS300,0.76338,1
ligra_CF.com-lj.ungraph.gcc_6.3.0_O3.drop_2500M.length_250M,spp_MTPS300,0.93647,1
ligra_CF.com-lj.ungraph.gcc_6.3.0_O3.drop_2500M.length_250M,bingo_MTPS300,0.94489,1
ligra_CF.com-lj.ungraph.gcc_6.3.0_O3.drop_2500M.length_250M,mlop_MTPS300,0.95552,1
ligra_CF.com-lj.ungraph.gcc_6.3.0_O3.drop_2500M.length_250M,pythia_MTPS300,0.94817,1
ligra_CF.com-lj.ungraph.gcc_6.3.0_O3.drop_2500M.length_250M,nopref_MTPS600,0.77552,1
ligra_CF.com-lj.ungraph.gcc_6.3.0_O3.drop_2500M.length_250M,spp_MTPS600,0.9628,1
ligra_CF.com-lj.ungraph.gcc_6.3.0_O3.drop_2500M.length_250M,bingo_MTPS600,0.95824,1
ligra_CF.com-lj.ungraph.gcc_6.3.0_O3.drop_2500M.length_250M,mlop_MTPS600,0.967,1
ligra_CF.com-lj.ungraph.gcc_6.3.0_O3.drop_2500M.length_250M,pythia_MTPS600,0.96711,1
ligra_CF.com-lj.ungraph.gcc_6.3.0_O3.drop_2500M.length_250M,nopref_MTPS1200,0.77922,1
ligra_CF.com-lj.ungraph.gcc_6.3.0_O3.drop_2500M.length_250M,spp_MTPS1200,0.96319,1
ligra_CF.com-lj.ungraph.gcc_6.3.0_O3.drop_2500M.length_250M,bingo_MTPS1200,0.95927,1
ligra_CF.com-lj.ungraph.gcc_6.3.0_O3.drop_2500M.length_250M,mlop_MTPS1200,0.96752,1
ligra_CF.com-lj.ungraph.gcc_6.3.0_O3.drop_2500M.length_250M,pythia_MTPS1200,0.9675,1
ligra_CF.com-lj.ungraph.gcc_6.3.0_O3.drop_2500M.length_250M,nopref_MTPS4800,0.78074,1
ligra_CF.com-lj.ungraph.gcc_6.3.0_O3.drop_2500M.length_250M,spp_MTPS4800,0.9632,1
ligra_CF.com-lj.ungraph.gcc_6.3.0_O3.drop_2500M.length_250M,bingo_MTPS4800,0.95935,1
ligra_CF.com-lj.ungraph.gcc_6.3.0_O3.drop_2500M.length_250M,mlop_MTPS4800,0.96761,1
ligra_CF.com-lj.ungraph.gcc_6.3.0_O3.drop_2500M.length_250M,pythia_MTPS4800,0.96754,1
ligra_CF.com-lj.ungraph.gcc_6.3.0_O3.drop_2500M.length_250M,nopref_MTPS9600,0.78092,1
ligra_CF.com-lj.ungraph.gcc_6.3.0_O3.drop_2500M.length_250M,spp_MTPS9600,0.9632,1
ligra_CF.com-lj.ungraph.gcc_6.3.0_O3.drop_2500M.length_250M,bingo_MTPS9600,0.95936,1
ligra_CF.com-lj.ungraph.gcc_6.3.0_O3.drop_2500M.length_250M,mlop_MTPS9600,0.9676,1
ligra_CF.com-lj.ungraph.gcc_6.3.0_O3.drop_2500M.length_250M,pythia_MTPS9600,0.96754,1
ligra_Components.com-lj.ungraph.gcc_6.3.0_O3.drop_22750M.length_250M,nopref,0.18722,1
ligra_Components.com-lj.ungraph.gcc_6.3.0_O3.drop_22750M.length_250M,spp,0.19325,1
ligra_Components.com-lj.ungraph.gcc_6.3.0_O3.drop_22750M.length_250M,bingo,0.18447,1
ligra_Components.com-lj.ungraph.gcc_6.3.0_O3.drop_22750M.length_250M,mlop,0.18092,1
ligra_Components.com-lj.ungraph.gcc_6.3.0_O3.drop_22750M.length_250M,pythia,0.20095,1
ligra_Components.com-lj.ungraph.gcc_6.3.0_O3.drop_22750M.length_250M,nopref_MTPS150,0.10433,1
ligra_Components.com-lj.ungraph.gcc_6.3.0_O3.drop_22750M.length_250M,spp_MTPS150,0.08582,1
ligra_Components.com-lj.ungraph.gcc_6.3.0_O3.drop_22750M.length_250M,bingo_MTPS150,0.03098,1
ligra_Components.com-lj.ungraph.gcc_6.3.0_O3.drop_22750M.length_250M,mlop_MTPS150,0.04518,1
ligra_Components.com-lj.ungraph.gcc_6.3.0_O3.drop_22750M.length_250M,pythia_MTPS150,0.07765,1
ligra_Components.com-lj.ungraph.gcc_6.3.0_O3.drop_22750M.length_250M,nopref_MTPS300,0.14577,1
ligra_Components.com-lj.ungraph.gcc_6.3.0_O3.drop_22750M.length_250M,spp_MTPS300,0.13307,1
ligra_Components.com-lj.ungraph.gcc_6.3.0_O3.drop_22750M.length_250M,bingo_MTPS300,0.05971,1
ligra_Components.com-lj.ungraph.gcc_6.3.0_O3.drop_22750M.length_250M,mlop_MTPS300,0.08347,1
ligra_Components.com-lj.ungraph.gcc_6.3.0_O3.drop_22750M.length_250M,pythia_MTPS300,0.13148,1
ligra_Components.com-lj.ungraph.gcc_6.3.0_O3.drop_22750M.length_250M,nopref_MTPS600,0.17281,1
ligra_Components.com-lj.ungraph.gcc_6.3.0_O3.drop_22750M.length_250M,spp_MTPS600,0.17041,1
ligra_Components.com-lj.ungraph.gcc_6.3.0_O3.drop_22750M.length_250M,bingo_MTPS600,0.10572,1
ligra_Components.com-lj.ungraph.gcc_6.3.0_O3.drop_22750M.length_250M,mlop_MTPS600,0.13182,1
ligra_Components.com-lj.ungraph.gcc_6.3.0_O3.drop_22750M.length_250M,pythia_MTPS600,0.17336,1
ligra_Components.com-lj.ungraph.gcc_6.3.0_O3.drop_22750M.length_250M,nopref_MTPS1200,0.18373,1
ligra_Components.com-lj.ungraph.gcc_6.3.0_O3.drop_22750M.length_250M,spp_MTPS1200,0.1882,1
ligra_Components.com-lj.ungraph.gcc_6.3.0_O3.drop_22750M.length_250M,bingo_MTPS1200,0.1583,1
ligra_Components.com-lj.ungraph.gcc_6.3.0_O3.drop_22750M.length_250M,mlop_MTPS1200,0.16976,1
ligra_Components.com-lj.ungraph.gcc_6.3.0_O3.drop_22750M.length_250M,pythia_MTPS1200,0.19565,1
ligra_Components.com-lj.ungraph.gcc_6.3.0_O3.drop_22750M.length_250M,nopref_MTPS4800,0.18849,1
ligra_Components.com-lj.ungraph.gcc_6.3.0_O3.drop_22750M.length_250M,spp_MTPS4800,0.1951,1
ligra_Components.com-lj.ungraph.gcc_6.3.0_O3.drop_22750M.length_250M,bingo_MTPS4800,0.19104,1
ligra_Components.com-lj.ungraph.gcc_6.3.0_O3.drop_22750M.length_250M,mlop_MTPS4800,0.18352,1
ligra_Components.com-lj.ungraph.gcc_6.3.0_O3.drop_22750M.length_250M,pythia_MTPS4800,0.2022,1
ligra_Components.com-lj.ungraph.gcc_6.3.0_O3.drop_22750M.length_250M,nopref_MTPS9600,0.18874,1
ligra_Components.com-lj.ungraph.gcc_6.3.0_O3.drop_22750M.length_250M,spp_MTPS9600,0.19552,1
ligra_Components.com-lj.ungraph.gcc_6.3.0_O3.drop_22750M.length_250M,bingo_MTPS9600,0.19174,1
ligra_Components.com-lj.ungraph.gcc_6.3.0_O3.drop_22750M.length_250M,mlop_MTPS9600,0.1841,1
ligra_Components.com-lj.ungraph.gcc_6.3.0_O3.drop_22750M.length_250M,pythia_MTPS9600,0.20229,1
ligra_Components.com-lj.ungraph.gcc_6.3.0_O3.drop_3500M.length_250M,nopref,0.962,1
ligra_Components.com-lj.ungraph.gcc_6.3.0_O3.drop_3500M.length_250M,spp,1.3611,1
ligra_Components.com-lj.ungraph.gcc_6.3.0_O3.drop_3500M.length_250M,bingo,1.36691,1
ligra_Components.com-lj.ungraph.gcc_6.3.0_O3.drop_3500M.length_250M,mlop,1.37648,1
ligra_Components.com-lj.ungraph.gcc_6.3.0_O3.drop_3500M.length_250M,pythia,1.37634,1
ligra_Components.com-lj.ungraph.gcc_6.3.0_O3.drop_3500M.length_250M,nopref_MTPS150,0.7656,1
ligra_Components.com-lj.ungraph.gcc_6.3.0_O3.drop_3500M.length_250M,spp_MTPS150,0.8667,1
ligra_Components.com-lj.ungraph.gcc_6.3.0_O3.drop_3500M.length_250M,bingo_MTPS150,0.86356,1
ligra_Components.com-lj.ungraph.gcc_6.3.0_O3.drop_3500M.length_250M,mlop_MTPS150,0.86573,1
ligra_Components.com-lj.ungraph.gcc_6.3.0_O3.drop_3500M.length_250M,pythia_MTPS150,0.86541,1
ligra_Components.com-lj.ungraph.gcc_6.3.0_O3.drop_3500M.length_250M,nopref_MTPS300,0.94474,1
ligra_Components.com-lj.ungraph.gcc_6.3.0_O3.drop_3500M.length_250M,spp_MTPS300,1.3339,1
ligra_Components.com-lj.ungraph.gcc_6.3.0_O3.drop_3500M.length_250M,bingo_MTPS300,1.34358,1
ligra_Components.com-lj.ungraph.gcc_6.3.0_O3.drop_3500M.length_250M,mlop_MTPS300,1.36196,1
ligra_Components.com-lj.ungraph.gcc_6.3.0_O3.drop_3500M.length_250M,pythia_MTPS300,1.36429,1
ligra_Components.com-lj.ungraph.gcc_6.3.0_O3.drop_3500M.length_250M,nopref_MTPS600,0.95871,1
ligra_Components.com-lj.ungraph.gcc_6.3.0_O3.drop_3500M.length_250M,spp_MTPS600,1.36001,1
ligra_Components.com-lj.ungraph.gcc_6.3.0_O3.drop_3500M.length_250M,bingo_MTPS600,1.36466,1
ligra_Components.com-lj.ungraph.gcc_6.3.0_O3.drop_3500M.length_250M,mlop_MTPS600,1.37569,1
ligra_Components.com-lj.ungraph.gcc_6.3.0_O3.drop_3500M.length_250M,pythia_MTPS600,1.37612,1
ligra_Components.com-lj.ungraph.gcc_6.3.0_O3.drop_3500M.length_250M,nopref_MTPS1200,0.96165,1
ligra_Components.com-lj.ungraph.gcc_6.3.0_O3.drop_3500M.length_250M,spp_MTPS1200,1.36098,1
ligra_Components.com-lj.ungraph.gcc_6.3.0_O3.drop_3500M.length_250M,bingo_MTPS1200,1.36659,1
ligra_Components.com-lj.ungraph.gcc_6.3.0_O3.drop_3500M.length_250M,mlop_MTPS1200,1.37648,1
ligra_Components.com-lj.ungraph.gcc_6.3.0_O3.drop_3500M.length_250M,pythia_MTPS1200,1.37629,1
ligra_Components.com-lj.ungraph.gcc_6.3.0_O3.drop_3500M.length_250M,nopref_MTPS4800,0.96204,1
ligra_Components.com-lj.ungraph.gcc_6.3.0_O3.drop_3500M.length_250M,spp_MTPS4800,1.36111,1
ligra_Components.com-lj.ungraph.gcc_6.3.0_O3.drop_3500M.length_250M,bingo_MTPS4800,1.36706,1
ligra_Components.com-lj.ungraph.gcc_6.3.0_O3.drop_3500M.length_250M,mlop_MTPS4800,1.37648,1
ligra_Components.com-lj.ungraph.gcc_6.3.0_O3.drop_3500M.length_250M,pythia_MTPS4800,1.37634,1
ligra_Components.com-lj.ungraph.gcc_6.3.0_O3.drop_3500M.length_250M,nopref_MTPS9600,0.96205,1
ligra_Components.com-lj.ungraph.gcc_6.3.0_O3.drop_3500M.length_250M,spp_MTPS9600,1.36112,1
ligra_Components.com-lj.ungraph.gcc_6.3.0_O3.drop_3500M.length_250M,bingo_MTPS9600,1.36711,1
ligra_Components.com-lj.ungraph.gcc_6.3.0_O3.drop_3500M.length_250M,mlop_MTPS9600,1.37648,1
ligra_Components.com-lj.ungraph.gcc_6.3.0_O3.drop_3500M.length_250M,pythia_MTPS9600,1.37635,1
ligra_Components.com-lj.ungraph.gcc_6.3.0_O3.drop_750M.length_250M,nopref,0.88892,1
ligra_Components.com-lj.ungraph.gcc_6.3.0_O3.drop_750M.length_250M,spp,1.23052,1
ligra_Components.com-lj.ungraph.gcc_6.3.0_O3.drop_750M.length_250M,bingo,1.22553,1
ligra_Components.com-lj.ungraph.gcc_6.3.0_O3.drop_750M.length_250M,mlop,1.23302,1
ligra_Components.com-lj.ungraph.gcc_6.3.0_O3.drop_750M.length_250M,pythia,1.23296,1
ligra_Components.com-lj.ungraph.gcc_6.3.0_O3.drop_750M.length_250M,nopref_MTPS150,0.82806,1
ligra_Components.com-lj.ungraph.gcc_6.3.0_O3.drop_750M.length_250M,spp_MTPS150,0.98471,1
ligra_Components.com-lj.ungraph.gcc_6.3.0_O3.drop_750M.length_250M,bingo_MTPS150,0.96907,1
ligra_Components.com-lj.ungraph.gcc_6.3.0_O3.drop_750M.length_250M,mlop_MTPS150,0.96847,1
ligra_Components.com-lj.ungraph.gcc_6.3.0_O3.drop_750M.length_250M,pythia_MTPS150,0.96401,1
ligra_Components.com-lj.ungraph.gcc_6.3.0_O3.drop_750M.length_250M,nopref_MTPS300,0.88882,1
ligra_Components.com-lj.ungraph.gcc_6.3.0_O3.drop_750M.length_250M,spp_MTPS300,1.23017,1
ligra_Components.com-lj.ungraph.gcc_6.3.0_O3.drop_750M.length_250M,bingo_MTPS300,1.22532,1
ligra_Components.com-lj.ungraph.gcc_6.3.0_O3.drop_750M.length_250M,mlop_MTPS300,1.23254,1
ligra_Components.com-lj.ungraph.gcc_6.3.0_O3.drop_750M.length_250M,pythia_MTPS300,1.23168,1
ligra_Components.com-lj.ungraph.gcc_6.3.0_O3.drop_750M.length_250M,nopref_MTPS600,0.88892,1
ligra_Components.com-lj.ungraph.gcc_6.3.0_O3.drop_750M.length_250M,spp_MTPS600,1.23059,1
ligra_Components.com-lj.ungraph.gcc_6.3.0_O3.drop_750M.length_250M,bingo_MTPS600,1.22553,1
ligra_Components.com-lj.ungraph.gcc_6.3.0_O3.drop_750M.length_250M,mlop_MTPS600,1.23302,1
ligra_Components.com-lj.ungraph.gcc_6.3.0_O3.drop_750M.length_250M,pythia_MTPS600,1.23296,1
ligra_Components.com-lj.ungraph.gcc_6.3.0_O3.drop_750M.length_250M,nopref_MTPS1200,0.88892,1
ligra_Components.com-lj.ungraph.gcc_6.3.0_O3.drop_750M.length_250M,spp_MTPS1200,1.23053,1
ligra_Components.com-lj.ungraph.gcc_6.3.0_O3.drop_750M.length_250M,bingo_MTPS1200,1.22553,1
ligra_Components.com-lj.ungraph.gcc_6.3.0_O3.drop_750M.length_250M,mlop_MTPS1200,1.23302,1
ligra_Components.com-lj.ungraph.gcc_6.3.0_O3.drop_750M.length_250M,pythia_MTPS1200,1.23296,1
ligra_Components.com-lj.ungraph.gcc_6.3.0_O3.drop_750M.length_250M,nopref_MTPS4800,0.88892,1
ligra_Components.com-lj.ungraph.gcc_6.3.0_O3.drop_750M.length_250M,spp_MTPS4800,1.23052,1
ligra_Components.com-lj.ungraph.gcc_6.3.0_O3.drop_750M.length_250M,bingo_MTPS4800,1.22553,1
ligra_Components.com-lj.ungraph.gcc_6.3.0_O3.drop_750M.length_250M,mlop_MTPS4800,1.23302,1
ligra_Components.com-lj.ungraph.gcc_6.3.0_O3.drop_750M.length_250M,pythia_MTPS4800,1.23296,1
ligra_Components.com-lj.ungraph.gcc_6.3.0_O3.drop_750M.length_250M,nopref_MTPS9600,0.88892,1
ligra_Components.com-lj.ungraph.gcc_6.3.0_O3.drop_750M.length_250M,spp_MTPS9600,1.23052,1
ligra_Components.com-lj.ungraph.gcc_6.3.0_O3.drop_750M.length_250M,bingo_MTPS9600,1.22553,1
ligra_Components.com-lj.ungraph.gcc_6.3.0_O3.drop_750M.length_250M,mlop_MTPS9600,1.23302,1
ligra_Components.com-lj.ungraph.gcc_6.3.0_O3.drop_750M.length_250M,pythia_MTPS9600,1.23296,1
ligra_Components-Shortcut.com-lj.ungraph.gcc_6.3.0_O3.drop_22000M.length_250M,nopref,0.19292,1
ligra_Components-Shortcut.com-lj.ungraph.gcc_6.3.0_O3.drop_22000M.length_250M,spp,0.19783,1
ligra_Components-Shortcut.com-lj.ungraph.gcc_6.3.0_O3.drop_22000M.length_250M,bingo,0.18912,1
ligra_Components-Shortcut.com-lj.ungraph.gcc_6.3.0_O3.drop_22000M.length_250M,mlop,0.18759,1
ligra_Components-Shortcut.com-lj.ungraph.gcc_6.3.0_O3.drop_22000M.length_250M,pythia,0.20627,1
ligra_Components-Shortcut.com-lj.ungraph.gcc_6.3.0_O3.drop_22000M.length_250M,nopref_MTPS150,0.10329,1
ligra_Components-Shortcut.com-lj.ungraph.gcc_6.3.0_O3.drop_22000M.length_250M,spp_MTPS150,0.08444,1
ligra_Components-Shortcut.com-lj.ungraph.gcc_6.3.0_O3.drop_22000M.length_250M,bingo_MTPS150,0.03242,1
ligra_Components-Shortcut.com-lj.ungraph.gcc_6.3.0_O3.drop_22000M.length_250M,mlop_MTPS150,0.04892,1
ligra_Components-Shortcut.com-lj.ungraph.gcc_6.3.0_O3.drop_22000M.length_250M,pythia_MTPS150,0.07601,1
ligra_Components-Shortcut.com-lj.ungraph.gcc_6.3.0_O3.drop_22000M.length_250M,nopref_MTPS300,0.14746,1
ligra_Components-Shortcut.com-lj.ungraph.gcc_6.3.0_O3.drop_22000M.length_250M,spp_MTPS300,0.1332,1
ligra_Components-Shortcut.com-lj.ungraph.gcc_6.3.0_O3.drop_22000M.length_250M,bingo_MTPS300,0.06234,1
ligra_Components-Shortcut.com-lj.ungraph.gcc_6.3.0_O3.drop_22000M.length_250M,mlop_MTPS300,0.0894,1
ligra_Components-Shortcut.com-lj.ungraph.gcc_6.3.0_O3.drop_22000M.length_250M,pythia_MTPS300,0.13129,1
ligra_Components-Shortcut.com-lj.ungraph.gcc_6.3.0_O3.drop_22000M.length_250M,nopref_MTPS600,0.17722,1
ligra_Components-Shortcut.com-lj.ungraph.gcc_6.3.0_O3.drop_22000M.length_250M,spp_MTPS600,0.17325,1
ligra_Components-Shortcut.com-lj.ungraph.gcc_6.3.0_O3.drop_22000M.length_250M,bingo_MTPS600,0.10963,1
ligra_Components-Shortcut.com-lj.ungraph.gcc_6.3.0_O3.drop_22000M.length_250M,mlop_MTPS600,0.13909,1
ligra_Components-Shortcut.com-lj.ungraph.gcc_6.3.0_O3.drop_22000M.length_250M,pythia_MTPS600,0.17622,1
ligra_Components-Shortcut.com-lj.ungraph.gcc_6.3.0_O3.drop_22000M.length_250M,nopref_MTPS1200,0.18928,1
ligra_Components-Shortcut.com-lj.ungraph.gcc_6.3.0_O3.drop_22000M.length_250M,spp_MTPS1200,0.19252,1
ligra_Components-Shortcut.com-lj.ungraph.gcc_6.3.0_O3.drop_22000M.length_250M,bingo_MTPS1200,0.16346,1
ligra_Components-Shortcut.com-lj.ungraph.gcc_6.3.0_O3.drop_22000M.length_250M,mlop_MTPS1200,0.17676,1
ligra_Components-Shortcut.com-lj.ungraph.gcc_6.3.0_O3.drop_22000M.length_250M,pythia_MTPS1200,0.20073,1
ligra_Components-Shortcut.com-lj.ungraph.gcc_6.3.0_O3.drop_22000M.length_250M,nopref_MTPS4800,0.19418,1
ligra_Components-Shortcut.com-lj.ungraph.gcc_6.3.0_O3.drop_22000M.length_250M,spp_MTPS4800,0.19963,1
ligra_Components-Shortcut.com-lj.ungraph.gcc_6.3.0_O3.drop_22000M.length_250M,bingo_MTPS4800,0.19555,1
ligra_Components-Shortcut.com-lj.ungraph.gcc_6.3.0_O3.drop_22000M.length_250M,mlop_MTPS4800,0.19012,1
ligra_Components-Shortcut.com-lj.ungraph.gcc_6.3.0_O3.drop_22000M.length_250M,pythia_MTPS4800,0.20715,1
ligra_Components-Shortcut.com-lj.ungraph.gcc_6.3.0_O3.drop_22000M.length_250M,nopref_MTPS9600,0.19445,1
ligra_Components-Shortcut.com-lj.ungraph.gcc_6.3.0_O3.drop_22000M.length_250M,spp_MTPS9600,0.20011,1
ligra_Components-Shortcut.com-lj.ungraph.gcc_6.3.0_O3.drop_22000M.length_250M,bingo_MTPS9600,0.19628,1
ligra_Components-Shortcut.com-lj.ungraph.gcc_6.3.0_O3.drop_22000M.length_250M,mlop_MTPS9600,0.19066,1
ligra_Components-Shortcut.com-lj.ungraph.gcc_6.3.0_O3.drop_22000M.length_250M,pythia_MTPS9600,0.20706,1
ligra_Components-Shortcut.com-lj.ungraph.gcc_6.3.0_O3.drop_750M.length_250M,nopref,0.88153,1
ligra_Components-Shortcut.com-lj.ungraph.gcc_6.3.0_O3.drop_750M.length_250M,spp,1.21453,1
ligra_Components-Shortcut.com-lj.ungraph.gcc_6.3.0_O3.drop_750M.length_250M,bingo,1.20977,1
ligra_Components-Shortcut.com-lj.ungraph.gcc_6.3.0_O3.drop_750M.length_250M,mlop,1.21705,1
ligra_Components-Shortcut.com-lj.ungraph.gcc_6.3.0_O3.drop_750M.length_250M,pythia,1.217,1
ligra_Components-Shortcut.com-lj.ungraph.gcc_6.3.0_O3.drop_750M.length_250M,nopref_MTPS150,0.82369,1
ligra_Components-Shortcut.com-lj.ungraph.gcc_6.3.0_O3.drop_750M.length_250M,spp_MTPS150,0.98474,1
ligra_Components-Shortcut.com-lj.ungraph.gcc_6.3.0_O3.drop_750M.length_250M,bingo_MTPS150,0.96816,1
ligra_Components-Shortcut.com-lj.ungraph.gcc_6.3.0_O3.drop_750M.length_250M,mlop_MTPS150,0.96762,1
ligra_Components-Shortcut.com-lj.ungraph.gcc_6.3.0_O3.drop_750M.length_250M,pythia_MTPS150,0.963,1
ligra_Components-Shortcut.com-lj.ungraph.gcc_6.3.0_O3.drop_750M.length_250M,nopref_MTPS300,0.88144,1
ligra_Components-Shortcut.com-lj.ungraph.gcc_6.3.0_O3.drop_750M.length_250M,spp_MTPS300,1.2142,1
ligra_Components-Shortcut.com-lj.ungraph.gcc_6.3.0_O3.drop_750M.length_250M,bingo_MTPS300,1.20959,1
ligra_Components-Shortcut.com-lj.ungraph.gcc_6.3.0_O3.drop_750M.length_250M,mlop_MTPS300,1.21665,1
ligra_Components-Shortcut.com-lj.ungraph.gcc_6.3.0_O3.drop_750M.length_250M,pythia_MTPS300,1.21603,1
ligra_Components-Shortcut.com-lj.ungraph.gcc_6.3.0_O3.drop_750M.length_250M,nopref_MTPS600,0.88153,1
ligra_Components-Shortcut.com-lj.ungraph.gcc_6.3.0_O3.drop_750M.length_250M,spp_MTPS600,1.2146,1
ligra_Components-Shortcut.com-lj.ungraph.gcc_6.3.0_O3.drop_750M.length_250M,bingo_MTPS600,1.20977,1
ligra_Components-Shortcut.com-lj.ungraph.gcc_6.3.0_O3.drop_750M.length_250M,mlop_MTPS600,1.21705,1
ligra_Components-Shortcut.com-lj.ungraph.gcc_6.3.0_O3.drop_750M.length_250M,pythia_MTPS600,1.217,1
ligra_Components-Shortcut.com-lj.ungraph.gcc_6.3.0_O3.drop_750M.length_250M,nopref_MTPS1200,0.88153,1
ligra_Components-Shortcut.com-lj.ungraph.gcc_6.3.0_O3.drop_750M.length_250M,spp_MTPS1200,1.21454,1
ligra_Components-Shortcut.com-lj.ungraph.gcc_6.3.0_O3.drop_750M.length_250M,bingo_MTPS1200,1.20977,1
ligra_Components-Shortcut.com-lj.ungraph.gcc_6.3.0_O3.drop_750M.length_250M,mlop_MTPS1200,1.21705,1
ligra_Components-Shortcut.com-lj.ungraph.gcc_6.3.0_O3.drop_750M.length_250M,pythia_MTPS1200,1.217,1
ligra_Components-Shortcut.com-lj.ungraph.gcc_6.3.0_O3.drop_750M.length_250M,nopref_MTPS4800,0.88153,1
ligra_Components-Shortcut.com-lj.ungraph.gcc_6.3.0_O3.drop_750M.length_250M,spp_MTPS4800,1.21453,1
ligra_Components-Shortcut.com-lj.ungraph.gcc_6.3.0_O3.drop_750M.length_250M,bingo_MTPS4800,1.20977,1
ligra_Components-Shortcut.com-lj.ungraph.gcc_6.3.0_O3.drop_750M.length_250M,mlop_MTPS4800,1.21705,1
ligra_Components-Shortcut.com-lj.ungraph.gcc_6.3.0_O3.drop_750M.length_250M,pythia_MTPS4800,1.217,1
ligra_Components-Shortcut.com-lj.ungraph.gcc_6.3.0_O3.drop_750M.length_250M,nopref_MTPS9600,0.88153,1
ligra_Components-Shortcut.com-lj.ungraph.gcc_6.3.0_O3.drop_750M.length_250M,spp_MTPS9600,1.21453,1
ligra_Components-Shortcut.com-lj.ungraph.gcc_6.3.0_O3.drop_750M.length_250M,bingo_MTPS9600,1.20977,1
ligra_Components-Shortcut.com-lj.ungraph.gcc_6.3.0_O3.drop_750M.length_250M,mlop_MTPS9600,1.21705,1
ligra_Components-Shortcut.com-lj.ungraph.gcc_6.3.0_O3.drop_750M.length_250M,pythia_MTPS9600,1.217,1
ligra_MIS.com-lj.ungraph.gcc_6.3.0_O3.drop_21250M.length_250M,nopref,0.55258,1
ligra_MIS.com-lj.ungraph.gcc_6.3.0_O3.drop_21250M.length_250M,spp,0.7351,1
ligra_MIS.com-lj.ungraph.gcc_6.3.0_O3.drop_21250M.length_250M,bingo,0.78836,1
ligra_MIS.com-lj.ungraph.gcc_6.3.0_O3.drop_21250M.length_250M,mlop,0.7703,1
ligra_MIS.com-lj.ungraph.gcc_6.3.0_O3.drop_21250M.length_250M,pythia,0.79952,1
ligra_MIS.com-lj.ungraph.gcc_6.3.0_O3.drop_21250M.length_250M,nopref_MTPS150,0.5088,1
ligra_MIS.com-lj.ungraph.gcc_6.3.0_O3.drop_21250M.length_250M,spp_MTPS150,0.55698,1
ligra_MIS.com-lj.ungraph.gcc_6.3.0_O3.drop_21250M.length_250M,bingo_MTPS150,0.57177,1
ligra_MIS.com-lj.ungraph.gcc_6.3.0_O3.drop_21250M.length_250M,mlop_MTPS150,0.57553,1
ligra_MIS.com-lj.ungraph.gcc_6.3.0_O3.drop_21250M.length_250M,pythia_MTPS150,0.63088,1
ligra_MIS.com-lj.ungraph.gcc_6.3.0_O3.drop_21250M.length_250M,nopref_MTPS300,0.54372,1
ligra_MIS.com-lj.ungraph.gcc_6.3.0_O3.drop_21250M.length_250M,spp_MTPS300,0.70473,1
ligra_MIS.com-lj.ungraph.gcc_6.3.0_O3.drop_21250M.length_250M,bingo_MTPS300,0.7217,1
ligra_MIS.com-lj.ungraph.gcc_6.3.0_O3.drop_21250M.length_250M,mlop_MTPS300,0.72117,1
ligra_MIS.com-lj.ungraph.gcc_6.3.0_O3.drop_21250M.length_250M,pythia_MTPS300,0.79701,1
ligra_MIS.com-lj.ungraph.gcc_6.3.0_O3.drop_21250M.length_250M,nopref_MTPS600,0.55047,1
ligra_MIS.com-lj.ungraph.gcc_6.3.0_O3.drop_21250M.length_250M,spp_MTPS600,0.72948,1
ligra_MIS.com-lj.ungraph.gcc_6.3.0_O3.drop_21250M.length_250M,bingo_MTPS600,0.77297,1
ligra_MIS.com-lj.ungraph.gcc_6.3.0_O3.drop_21250M.length_250M,mlop_MTPS600,0.75903,1
ligra_MIS.com-lj.ungraph.gcc_6.3.0_O3.drop_21250M.length_250M,pythia_MTPS600,0.79906,1
ligra_MIS.com-lj.ungraph.gcc_6.3.0_O3.drop_21250M.length_250M,nopref_MTPS1200,0.55233,1
ligra_MIS.com-lj.ungraph.gcc_6.3.0_O3.drop_21250M.length_250M,spp_MTPS1200,0.7342,1
ligra_MIS.com-lj.ungraph.gcc_6.3.0_O3.drop_21250M.length_250M,bingo_MTPS1200,0.78581,1
ligra_MIS.com-lj.ungraph.gcc_6.3.0_O3.drop_21250M.length_250M,mlop_MTPS1200,0.76885,1
ligra_MIS.com-lj.ungraph.gcc_6.3.0_O3.drop_21250M.length_250M,pythia_MTPS1200,0.7994,1
ligra_MIS.com-lj.ungraph.gcc_6.3.0_O3.drop_21250M.length_250M,nopref_MTPS4800,0.55262,1
ligra_MIS.com-lj.ungraph.gcc_6.3.0_O3.drop_21250M.length_250M,spp_MTPS4800,0.73527,1
ligra_MIS.com-lj.ungraph.gcc_6.3.0_O3.drop_21250M.length_250M,bingo_MTPS4800,0.78883,1
ligra_MIS.com-lj.ungraph.gcc_6.3.0_O3.drop_21250M.length_250M,mlop_MTPS4800,0.77042,1
ligra_MIS.com-lj.ungraph.gcc_6.3.0_O3.drop_21250M.length_250M,pythia_MTPS4800,0.79963,1
ligra_MIS.com-lj.ungraph.gcc_6.3.0_O3.drop_21250M.length_250M,nopref_MTPS9600,0.55263,1
ligra_MIS.com-lj.ungraph.gcc_6.3.0_O3.drop_21250M.length_250M,spp_MTPS9600,0.73531,1
ligra_MIS.com-lj.ungraph.gcc_6.3.0_O3.drop_21250M.length_250M,bingo_MTPS9600,0.78878,1
ligra_MIS.com-lj.ungraph.gcc_6.3.0_O3.drop_21250M.length_250M,mlop_MTPS9600,0.77044,1
ligra_MIS.com-lj.ungraph.gcc_6.3.0_O3.drop_21250M.length_250M,pythia_MTPS9600,0.7996,1
ligra_MIS.com-lj.ungraph.gcc_6.3.0_O3.drop_3500M.length_250M,nopref,0.96195,1
ligra_MIS.com-lj.ungraph.gcc_6.3.0_O3.drop_3500M.length_250M,spp,1.36105,1
ligra_MIS.com-lj.ungraph.gcc_6.3.0_O3.drop_3500M.length_250M,bingo,1.36686,1
ligra_MIS.com-lj.ungraph.gcc_6.3.0_O3.drop_3500M.length_250M,mlop,1.37643,1
ligra_MIS.com-lj.ungraph.gcc_6.3.0_O3.drop_3500M.length_250M,pythia,1.3763,1
ligra_MIS.com-lj.ungraph.gcc_6.3.0_O3.drop_3500M.length_250M,nopref_MTPS150,0.76558,1
ligra_MIS.com-lj.ungraph.gcc_6.3.0_O3.drop_3500M.length_250M,spp_MTPS150,0.8667,1
ligra_MIS.com-lj.ungraph.gcc_6.3.0_O3.drop_3500M.length_250M,bingo_MTPS150,0.86367,1
ligra_MIS.com-lj.ungraph.gcc_6.3.0_O3.drop_3500M.length_250M,mlop_MTPS150,0.86575,1
ligra_MIS.com-lj.ungraph.gcc_6.3.0_O3.drop_3500M.length_250M,pythia_MTPS150,0.8654,1
ligra_MIS.com-lj.ungraph.gcc_6.3.0_O3.drop_3500M.length_250M,nopref_MTPS300,0.94472,1
ligra_MIS.com-lj.ungraph.gcc_6.3.0_O3.drop_3500M.length_250M,spp_MTPS300,1.33397,1
ligra_MIS.com-lj.ungraph.gcc_6.3.0_O3.drop_3500M.length_250M,bingo_MTPS300,1.34364,1
ligra_MIS.com-lj.ungraph.gcc_6.3.0_O3.drop_3500M.length_250M,mlop_MTPS300,1.36185,1
ligra_MIS.com-lj.ungraph.gcc_6.3.0_O3.drop_3500M.length_250M,pythia_MTPS300,1.3643,1
ligra_MIS.com-lj.ungraph.gcc_6.3.0_O3.drop_3500M.length_250M,nopref_MTPS600,0.95866,1
ligra_MIS.com-lj.ungraph.gcc_6.3.0_O3.drop_3500M.length_250M,spp_MTPS600,1.35998,1
ligra_MIS.com-lj.ungraph.gcc_6.3.0_O3.drop_3500M.length_250M,bingo_MTPS600,1.36464,1
ligra_MIS.com-lj.ungraph.gcc_6.3.0_O3.drop_3500M.length_250M,mlop_MTPS600,1.37566,1
ligra_MIS.com-lj.ungraph.gcc_6.3.0_O3.drop_3500M.length_250M,pythia_MTPS600,1.37609,1
ligra_MIS.com-lj.ungraph.gcc_6.3.0_O3.drop_3500M.length_250M,nopref_MTPS1200,0.9616,1
ligra_MIS.com-lj.ungraph.gcc_6.3.0_O3.drop_3500M.length_250M,spp_MTPS1200,1.36092,1
ligra_MIS.com-lj.ungraph.gcc_6.3.0_O3.drop_3500M.length_250M,bingo_MTPS1200,1.36653,1
ligra_MIS.com-lj.ungraph.gcc_6.3.0_O3.drop_3500M.length_250M,mlop_MTPS1200,1.37643,1
ligra_MIS.com-lj.ungraph.gcc_6.3.0_O3.drop_3500M.length_250M,pythia_MTPS1200,1.37625,1
ligra_MIS.com-lj.ungraph.gcc_6.3.0_O3.drop_3500M.length_250M,nopref_MTPS4800,0.96199,1
ligra_MIS.com-lj.ungraph.gcc_6.3.0_O3.drop_3500M.length_250M,spp_MTPS4800,1.36106,1
ligra_MIS.com-lj.ungraph.gcc_6.3.0_O3.drop_3500M.length_250M,bingo_MTPS4800,1.36701,1
ligra_MIS.com-lj.ungraph.gcc_6.3.0_O3.drop_3500M.length_250M,mlop_MTPS4800,1.37643,1
ligra_MIS.com-lj.ungraph.gcc_6.3.0_O3.drop_3500M.length_250M,pythia_MTPS4800,1.3763,1
ligra_MIS.com-lj.ungraph.gcc_6.3.0_O3.drop_3500M.length_250M,nopref_MTPS9600,0.962,1
ligra_MIS.com-lj.ungraph.gcc_6.3.0_O3.drop_3500M.length_250M,spp_MTPS9600,1.36107,1
ligra_MIS.com-lj.ungraph.gcc_6.3.0_O3.drop_3500M.length_250M,bingo_MTPS9600,1.36706,1
ligra_MIS.com-lj.ungraph.gcc_6.3.0_O3.drop_3500M.length_250M,mlop_MTPS9600,1.37643,1
ligra_MIS.com-lj.ungraph.gcc_6.3.0_O3.drop_3500M.length_250M,pythia_MTPS9600,1.3763,1
ligra_MIS.com-lj.ungraph.gcc_6.3.0_O3.drop_750M.length_250M,nopref,0.88155,1
ligra_MIS.com-lj.ungraph.gcc_6.3.0_O3.drop_750M.length_250M,spp,1.21455,1
ligra_MIS.com-lj.ungraph.gcc_6.3.0_O3.drop_750M.length_250M,bingo,1.20978,1
ligra_MIS.com-lj.ungraph.gcc_6.3.0_O3.drop_750M.length_250M,mlop,1.21706,1
ligra_MIS.com-lj.ungraph.gcc_6.3.0_O3.drop_750M.length_250M,pythia,1.21701,1
ligra_MIS.com-lj.ungraph.gcc_6.3.0_O3.drop_750M.length_250M,nopref_MTPS150,0.82371,1
ligra_MIS.com-lj.ungraph.gcc_6.3.0_O3.drop_750M.length_250M,spp_MTPS150,0.98474,1
ligra_MIS.com-lj.ungraph.gcc_6.3.0_O3.drop_750M.length_250M,bingo_MTPS150,0.96818,1
ligra_MIS.com-lj.ungraph.gcc_6.3.0_O3.drop_750M.length_250M,mlop_MTPS150,0.96768,1
ligra_MIS.com-lj.ungraph.gcc_6.3.0_O3.drop_750M.length_250M,pythia_MTPS150,0.96301,1
ligra_MIS.com-lj.ungraph.gcc_6.3.0_O3.drop_750M.length_250M,nopref_MTPS300,0.88146,1
ligra_MIS.com-lj.ungraph.gcc_6.3.0_O3.drop_750M.length_250M,spp_MTPS300,1.21422,1
ligra_MIS.com-lj.ungraph.gcc_6.3.0_O3.drop_750M.length_250M,bingo_MTPS300,1.20961,1
ligra_MIS.com-lj.ungraph.gcc_6.3.0_O3.drop_750M.length_250M,mlop_MTPS300,1.21668,1
ligra_MIS.com-lj.ungraph.gcc_6.3.0_O3.drop_750M.length_250M,pythia_MTPS300,1.21606,1
ligra_MIS.com-lj.ungraph.gcc_6.3.0_O3.drop_750M.length_250M,nopref_MTPS600,0.88154,1
ligra_MIS.com-lj.ungraph.gcc_6.3.0_O3.drop_750M.length_250M,spp_MTPS600,1.21462,1
ligra_MIS.com-lj.ungraph.gcc_6.3.0_O3.drop_750M.length_250M,bingo_MTPS600,1.20978,1
ligra_MIS.com-lj.ungraph.gcc_6.3.0_O3.drop_750M.length_250M,mlop_MTPS600,1.21706,1
ligra_MIS.com-lj.ungraph.gcc_6.3.0_O3.drop_750M.length_250M,pythia_MTPS600,1.21701,1
ligra_MIS.com-lj.ungraph.gcc_6.3.0_O3.drop_750M.length_250M,nopref_MTPS1200,0.88155,1
ligra_MIS.com-lj.ungraph.gcc_6.3.0_O3.drop_750M.length_250M,spp_MTPS1200,1.21456,1
ligra_MIS.com-lj.ungraph.gcc_6.3.0_O3.drop_750M.length_250M,bingo_MTPS1200,1.20978,1
ligra_MIS.com-lj.ungraph.gcc_6.3.0_O3.drop_750M.length_250M,mlop_MTPS1200,1.21706,1
ligra_MIS.com-lj.ungraph.gcc_6.3.0_O3.drop_750M.length_250M,pythia_MTPS1200,1.21701,1
ligra_MIS.com-lj.ungraph.gcc_6.3.0_O3.drop_750M.length_250M,nopref_MTPS4800,0.88155,1
ligra_MIS.com-lj.ungraph.gcc_6.3.0_O3.drop_750M.length_250M,spp_MTPS4800,1.21455,1
ligra_MIS.com-lj.ungraph.gcc_6.3.0_O3.drop_750M.length_250M,bingo_MTPS4800,1.20978,1
ligra_MIS.com-lj.ungraph.gcc_6.3.0_O3.drop_750M.length_250M,mlop_MTPS4800,1.21706,1
ligra_MIS.com-lj.ungraph.gcc_6.3.0_O3.drop_750M.length_250M,pythia_MTPS4800,1.21701,1
ligra_MIS.com-lj.ungraph.gcc_6.3.0_O3.drop_750M.length_250M,nopref_MTPS9600,0.88155,1
ligra_MIS.com-lj.ungraph.gcc_6.3.0_O3.drop_750M.length_250M,spp_MTPS9600,1.21455,1
ligra_MIS.com-lj.ungraph.gcc_6.3.0_O3.drop_750M.length_250M,bingo_MTPS9600,1.20978,1
ligra_MIS.com-lj.ungraph.gcc_6.3.0_O3.drop_750M.length_250M,mlop_MTPS9600,1.21706,1
ligra_MIS.com-lj.ungraph.gcc_6.3.0_O3.drop_750M.length_250M,pythia_MTPS9600,1.21701,1
ligra_PageRank.com-lj.ungraph.gcc_6.3.0_O3.drop_21750M.length_250M,nopref,0.16786,1
ligra_PageRank.com-lj.ungraph.gcc_6.3.0_O3.drop_21750M.length_250M,spp,0.17048,1
ligra_PageRank.com-lj.ungraph.gcc_6.3.0_O3.drop_21750M.length_250M,bingo,0.14738,1
ligra_PageRank.com-lj.ungraph.gcc_6.3.0_O3.drop_21750M.length_250M,mlop,0.1617,1
ligra_PageRank.com-lj.ungraph.gcc_6.3.0_O3.drop_21750M.length_250M,pythia,0.16846,1
ligra_PageRank.com-lj.ungraph.gcc_6.3.0_O3.drop_21750M.length_250M,nopref_MTPS150,0.08081,1
ligra_PageRank.com-lj.ungraph.gcc_6.3.0_O3.drop_21750M.length_250M,spp_MTPS150,0.07213,1
ligra_PageRank.com-lj.ungraph.gcc_6.3.0_O3.drop_21750M.length_250M,bingo_MTPS150,0.01939,1
ligra_PageRank.com-lj.ungraph.gcc_6.3.0_O3.drop_21750M.length_250M,mlop_MTPS150,0.04633,1
ligra_PageRank.com-lj.ungraph.gcc_6.3.0_O3.drop_21750M.length_250M,pythia_MTPS150,0.06052,1
ligra_PageRank.com-lj.ungraph.gcc_6.3.0_O3.drop_21750M.length_250M,nopref_MTPS300,0.12693,1
ligra_PageRank.com-lj.ungraph.gcc_6.3.0_O3.drop_21750M.length_250M,spp_MTPS300,0.11929,1
ligra_PageRank.com-lj.ungraph.gcc_6.3.0_O3.drop_21750M.length_250M,bingo_MTPS300,0.03818,1
ligra_PageRank.com-lj.ungraph.gcc_6.3.0_O3.drop_21750M.length_250M,mlop_MTPS300,0.08395,1
ligra_PageRank.com-lj.ungraph.gcc_6.3.0_O3.drop_21750M.length_250M,pythia_MTPS300,0.10548,1
ligra_PageRank.com-lj.ungraph.gcc_6.3.0_O3.drop_21750M.length_250M,nopref_MTPS600,0.15638,1
ligra_PageRank.com-lj.ungraph.gcc_6.3.0_O3.drop_21750M.length_250M,spp_MTPS600,0.15527,1
ligra_PageRank.com-lj.ungraph.gcc_6.3.0_O3.drop_21750M.length_250M,bingo_MTPS600,0.07124,1
ligra_PageRank.com-lj.ungraph.gcc_6.3.0_O3.drop_21750M.length_250M,mlop_MTPS600,0.12712,1
ligra_PageRank.com-lj.ungraph.gcc_6.3.0_O3.drop_21750M.length_250M,pythia_MTPS600,0.14555,1
ligra_PageRank.com-lj.ungraph.gcc_6.3.0_O3.drop_21750M.length_250M,nopref_MTPS1200,0.16562,1
ligra_PageRank.com-lj.ungraph.gcc_6.3.0_O3.drop_21750M.length_250M,spp_MTPS1200,0.16763,1
ligra_PageRank.com-lj.ungraph.gcc_6.3.0_O3.drop_21750M.length_250M,bingo_MTPS1200,0.11864,1
ligra_PageRank.com-lj.ungraph.gcc_6.3.0_O3.drop_21750M.length_250M,mlop_MTPS1200,0.15503,1
ligra_PageRank.com-lj.ungraph.gcc_6.3.0_O3.drop_21750M.length_250M,pythia_MTPS1200,0.16515,1
ligra_PageRank.com-lj.ungraph.gcc_6.3.0_O3.drop_21750M.length_250M,nopref_MTPS4800,0.16852,1
ligra_PageRank.com-lj.ungraph.gcc_6.3.0_O3.drop_21750M.length_250M,spp_MTPS4800,0.17127,1
ligra_PageRank.com-lj.ungraph.gcc_6.3.0_O3.drop_21750M.length_250M,bingo_MTPS4800,0.15274,1
ligra_PageRank.com-lj.ungraph.gcc_6.3.0_O3.drop_21750M.length_250M,mlop_MTPS4800,0.16303,1
ligra_PageRank.com-lj.ungraph.gcc_6.3.0_O3.drop_21750M.length_250M,pythia_MTPS4800,0.16826,1
ligra_PageRank.com-lj.ungraph.gcc_6.3.0_O3.drop_21750M.length_250M,nopref_MTPS9600,0.16871,1
ligra_PageRank.com-lj.ungraph.gcc_6.3.0_O3.drop_21750M.length_250M,spp_MTPS9600,0.17149,1
ligra_PageRank.com-lj.ungraph.gcc_6.3.0_O3.drop_21750M.length_250M,bingo_MTPS9600,0.15332,1
ligra_PageRank.com-lj.ungraph.gcc_6.3.0_O3.drop_21750M.length_250M,mlop_MTPS9600,0.16336,1
ligra_PageRank.com-lj.ungraph.gcc_6.3.0_O3.drop_21750M.length_250M,pythia_MTPS9600,0.16803,1
ligra_PageRank.com-lj.ungraph.gcc_6.3.0_O3.drop_500M.length_250M,nopref,0.90899,1
ligra_PageRank.com-lj.ungraph.gcc_6.3.0_O3.drop_500M.length_250M,spp,1.26975,1
ligra_PageRank.com-lj.ungraph.gcc_6.3.0_O3.drop_500M.length_250M,bingo,1.26405,1
ligra_PageRank.com-lj.ungraph.gcc_6.3.0_O3.drop_500M.length_250M,mlop,1.2721,1
ligra_PageRank.com-lj.ungraph.gcc_6.3.0_O3.drop_500M.length_250M,pythia,1.27204,1
ligra_PageRank.com-lj.ungraph.gcc_6.3.0_O3.drop_500M.length_250M,nopref_MTPS150,0.84126,1
ligra_PageRank.com-lj.ungraph.gcc_6.3.0_O3.drop_500M.length_250M,spp_MTPS150,0.98708,1
ligra_PageRank.com-lj.ungraph.gcc_6.3.0_O3.drop_500M.length_250M,bingo_MTPS150,0.97302,1
ligra_PageRank.com-lj.ungraph.gcc_6.3.0_O3.drop_500M.length_250M,mlop_MTPS150,0.97279,1
ligra_PageRank.com-lj.ungraph.gcc_6.3.0_O3.drop_500M.length_250M,pythia_MTPS150,0.96828,1
ligra_PageRank.com-lj.ungraph.gcc_6.3.0_O3.drop_500M.length_250M,nopref_MTPS300,0.90886,1
ligra_PageRank.com-lj.ungraph.gcc_6.3.0_O3.drop_500M.length_250M,spp_MTPS300,1.26932,1
ligra_PageRank.com-lj.ungraph.gcc_6.3.0_O3.drop_500M.length_250M,bingo_MTPS300,1.26382,1
ligra_PageRank.com-lj.ungraph.gcc_6.3.0_O3.drop_500M.length_250M,mlop_MTPS300,1.27096,1
ligra_PageRank.com-lj.ungraph.gcc_6.3.0_O3.drop_500M.length_250M,pythia_MTPS300,1.26942,1
ligra_PageRank.com-lj.ungraph.gcc_6.3.0_O3.drop_500M.length_250M,nopref_MTPS600,0.90899,1
ligra_PageRank.com-lj.ungraph.gcc_6.3.0_O3.drop_500M.length_250M,spp_MTPS600,1.26987,1
ligra_PageRank.com-lj.ungraph.gcc_6.3.0_O3.drop_500M.length_250M,bingo_MTPS600,1.26405,1
ligra_PageRank.com-lj.ungraph.gcc_6.3.0_O3.drop_500M.length_250M,mlop_MTPS600,1.2721,1
ligra_PageRank.com-lj.ungraph.gcc_6.3.0_O3.drop_500M.length_250M,pythia_MTPS600,1.27204,1
ligra_PageRank.com-lj.ungraph.gcc_6.3.0_O3.drop_500M.length_250M,nopref_MTPS1200,0.90899,1
ligra_PageRank.com-lj.ungraph.gcc_6.3.0_O3.drop_500M.length_250M,spp_MTPS1200,1.26977,1
ligra_PageRank.com-lj.ungraph.gcc_6.3.0_O3.drop_500M.length_250M,bingo_MTPS1200,1.26405,1
ligra_PageRank.com-lj.ungraph.gcc_6.3.0_O3.drop_500M.length_250M,mlop_MTPS1200,1.2721,1
ligra_PageRank.com-lj.ungraph.gcc_6.3.0_O3.drop_500M.length_250M,pythia_MTPS1200,1.27204,1
ligra_PageRank.com-lj.ungraph.gcc_6.3.0_O3.drop_500M.length_250M,nopref_MTPS4800,0.90899,1
ligra_PageRank.com-lj.ungraph.gcc_6.3.0_O3.drop_500M.length_250M,spp_MTPS4800,1.26975,1
ligra_PageRank.com-lj.ungraph.gcc_6.3.0_O3.drop_500M.length_250M,bingo_MTPS4800,1.26405,1
ligra_PageRank.com-lj.ungraph.gcc_6.3.0_O3.drop_500M.length_250M,mlop_MTPS4800,1.2721,1
ligra_PageRank.com-lj.ungraph.gcc_6.3.0_O3.drop_500M.length_250M,pythia_MTPS4800,1.27204,1
ligra_PageRank.com-lj.ungraph.gcc_6.3.0_O3.drop_500M.length_250M,nopref_MTPS9600,0.90899,1
ligra_PageRank.com-lj.ungraph.gcc_6.3.0_O3.drop_500M.length_250M,spp_MTPS9600,1.26975,1
ligra_PageRank.com-lj.ungraph.gcc_6.3.0_O3.drop_500M.length_250M,bingo_MTPS9600,1.26405,1
ligra_PageRank.com-lj.ungraph.gcc_6.3.0_O3.drop_500M.length_250M,mlop_MTPS9600,1.2721,1
ligra_PageRank.com-lj.ungraph.gcc_6.3.0_O3.drop_500M.length_250M,pythia_MTPS9600,1.27204,1
ligra_PageRank.com-lj.ungraph.gcc_6.3.0_O3.drop_51000M.length_250M,nopref,0.3947,1
ligra_PageRank.com-lj.ungraph.gcc_6.3.0_O3.drop_51000M.length_250M,spp,0.39939,1
ligra_PageRank.com-lj.ungraph.gcc_6.3.0_O3.drop_51000M.length_250M,bingo,0.32517,1
ligra_PageRank.com-lj.ungraph.gcc_6.3.0_O3.drop_51000M.length_250M,mlop,0.38319,1
ligra_PageRank.com-lj.ungraph.gcc_6.3.0_O3.drop_51000M.length_250M,pythia,0.41792,1
ligra_PageRank.com-lj.ungraph.gcc_6.3.0_O3.drop_51000M.length_250M,nopref_MTPS150,0.20884,1
ligra_PageRank.com-lj.ungraph.gcc_6.3.0_O3.drop_51000M.length_250M,spp_MTPS150,0.17724,1
ligra_PageRank.com-lj.ungraph.gcc_6.3.0_O3.drop_51000M.length_250M,bingo_MTPS150,0.04362,1
ligra_PageRank.com-lj.ungraph.gcc_6.3.0_O3.drop_51000M.length_250M,mlop_MTPS150,0.11722,1
ligra_PageRank.com-lj.ungraph.gcc_6.3.0_O3.drop_51000M.length_250M,pythia_MTPS150,0.14675,1
ligra_PageRank.com-lj.ungraph.gcc_6.3.0_O3.drop_51000M.length_250M,nopref_MTPS300,0.30677,1
ligra_PageRank.com-lj.ungraph.gcc_6.3.0_O3.drop_51000M.length_250M,spp_MTPS300,0.28225,1
ligra_PageRank.com-lj.ungraph.gcc_6.3.0_O3.drop_51000M.length_250M,bingo_MTPS300,0.0855,1
ligra_PageRank.com-lj.ungraph.gcc_6.3.0_O3.drop_51000M.length_250M,mlop_MTPS300,0.20555,1
ligra_PageRank.com-lj.ungraph.gcc_6.3.0_O3.drop_51000M.length_250M,pythia_MTPS300,0.25921,1
ligra_PageRank.com-lj.ungraph.gcc_6.3.0_O3.drop_51000M.length_250M,nopref_MTPS600,0.36786,1
ligra_PageRank.com-lj.ungraph.gcc_6.3.0_O3.drop_51000M.length_250M,spp_MTPS600,0.35983,1
ligra_PageRank.com-lj.ungraph.gcc_6.3.0_O3.drop_51000M.length_250M,bingo_MTPS600,0.158,1
ligra_PageRank.com-lj.ungraph.gcc_6.3.0_O3.drop_51000M.length_250M,mlop_MTPS600,0.30208,1
ligra_PageRank.com-lj.ungraph.gcc_6.3.0_O3.drop_51000M.length_250M,pythia_MTPS600,0.35708,1
ligra_PageRank.com-lj.ungraph.gcc_6.3.0_O3.drop_51000M.length_250M,nopref_MTPS1200,0.38916,1
ligra_PageRank.com-lj.ungraph.gcc_6.3.0_O3.drop_51000M.length_250M,spp_MTPS1200,0.39127,1
ligra_PageRank.com-lj.ungraph.gcc_6.3.0_O3.drop_51000M.length_250M,bingo_MTPS1200,0.25905,1
ligra_PageRank.com-lj.ungraph.gcc_6.3.0_O3.drop_51000M.length_250M,mlop_MTPS1200,0.3649,1
ligra_PageRank.com-lj.ungraph.gcc_6.3.0_O3.drop_51000M.length_250M,pythia_MTPS1200,0.40636,1
ligra_PageRank.com-lj.ungraph.gcc_6.3.0_O3.drop_51000M.length_250M,nopref_MTPS4800,0.39633,1
ligra_PageRank.com-lj.ungraph.gcc_6.3.0_O3.drop_51000M.length_250M,spp_MTPS4800,0.40176,1
ligra_PageRank.com-lj.ungraph.gcc_6.3.0_O3.drop_51000M.length_250M,bingo_MTPS4800,0.34126,1
ligra_PageRank.com-lj.ungraph.gcc_6.3.0_O3.drop_51000M.length_250M,mlop_MTPS4800,0.3874,1
ligra_PageRank.com-lj.ungraph.gcc_6.3.0_O3.drop_51000M.length_250M,pythia_MTPS4800,0.41691,1
ligra_PageRank.com-lj.ungraph.gcc_6.3.0_O3.drop_51000M.length_250M,nopref_MTPS9600,0.39671,1
ligra_PageRank.com-lj.ungraph.gcc_6.3.0_O3.drop_51000M.length_250M,spp_MTPS9600,0.40239,1
ligra_PageRank.com-lj.ungraph.gcc_6.3.0_O3.drop_51000M.length_250M,bingo_MTPS9600,0.34277,1
ligra_PageRank.com-lj.ungraph.gcc_6.3.0_O3.drop_51000M.length_250M,mlop_MTPS9600,0.38834,1
ligra_PageRank.com-lj.ungraph.gcc_6.3.0_O3.drop_51000M.length_250M,pythia_MTPS9600,0.41531,1
ligra_PageRank.com-lj.ungraph.gcc_6.3.0_O3.drop_60750M.length_250M,nopref,0.40522,1
ligra_PageRank.com-lj.ungraph.gcc_6.3.0_O3.drop_60750M.length_250M,spp,0.57791,1
ligra_PageRank.com-lj.ungraph.gcc_6.3.0_O3.drop_60750M.length_250M,bingo,0.60431,1
ligra_PageRank.com-lj.ungraph.gcc_6.3.0_O3.drop_60750M.length_250M,mlop,0.61706,1
ligra_PageRank.com-lj.ungraph.gcc_6.3.0_O3.drop_60750M.length_250M,pythia,0.61262,1
ligra_PageRank.com-lj.ungraph.gcc_6.3.0_O3.drop_60750M.length_250M,nopref_MTPS150,0.17308,1
ligra_PageRank.com-lj.ungraph.gcc_6.3.0_O3.drop_60750M.length_250M,spp_MTPS150,0.17217,1
ligra_PageRank.com-lj.ungraph.gcc_6.3.0_O3.drop_60750M.length_250M,bingo_MTPS150,0.13469,1
ligra_PageRank.com-lj.ungraph.gcc_6.3.0_O3.drop_60750M.length_250M,mlop_MTPS150,0.17334,1
ligra_PageRank.com-lj.ungraph.gcc_6.3.0_O3.drop_60750M.length_250M,pythia_MTPS150,0.1757,1
ligra_PageRank.com-lj.ungraph.gcc_6.3.0_O3.drop_60750M.length_250M,nopref_MTPS300,0.2667,1
ligra_PageRank.com-lj.ungraph.gcc_6.3.0_O3.drop_60750M.length_250M,spp_MTPS300,0.29761,1
ligra_PageRank.com-lj.ungraph.gcc_6.3.0_O3.drop_60750M.length_250M,bingo_MTPS300,0.24766,1
ligra_PageRank.com-lj.ungraph.gcc_6.3.0_O3.drop_60750M.length_250M,mlop_MTPS300,0.30262,1
ligra_PageRank.com-lj.ungraph.gcc_6.3.0_O3.drop_60750M.length_250M,pythia_MTPS300,0.30987,1
ligra_PageRank.com-lj.ungraph.gcc_6.3.0_O3.drop_60750M.length_250M,nopref_MTPS600,0.34593,1
ligra_PageRank.com-lj.ungraph.gcc_6.3.0_O3.drop_60750M.length_250M,spp_MTPS600,0.41781,1
ligra_PageRank.com-lj.ungraph.gcc_6.3.0_O3.drop_60750M.length_250M,bingo_MTPS600,0.38172,1
ligra_PageRank.com-lj.ungraph.gcc_6.3.0_O3.drop_60750M.length_250M,mlop_MTPS600,0.43222,1
ligra_PageRank.com-lj.ungraph.gcc_6.3.0_O3.drop_60750M.length_250M,pythia_MTPS600,0.44091,1
ligra_PageRank.com-lj.ungraph.gcc_6.3.0_O3.drop_60750M.length_250M,nopref_MTPS1200,0.38568,1
ligra_PageRank.com-lj.ungraph.gcc_6.3.0_O3.drop_60750M.length_250M,spp_MTPS1200,0.51753,1
ligra_PageRank.com-lj.ungraph.gcc_6.3.0_O3.drop_60750M.length_250M,bingo_MTPS1200,0.51219,1
ligra_PageRank.com-lj.ungraph.gcc_6.3.0_O3.drop_60750M.length_250M,mlop_MTPS1200,0.54241,1
ligra_PageRank.com-lj.ungraph.gcc_6.3.0_O3.drop_60750M.length_250M,pythia_MTPS1200,0.54989,1
ligra_PageRank.com-lj.ungraph.gcc_6.3.0_O3.drop_60750M.length_250M,nopref_MTPS4800,0.41268,1
ligra_PageRank.com-lj.ungraph.gcc_6.3.0_O3.drop_60750M.length_250M,spp_MTPS4800,0.60582,1
ligra_PageRank.com-lj.ungraph.gcc_6.3.0_O3.drop_60750M.length_250M,bingo_MTPS4800,0.65646,1
ligra_PageRank.com-lj.ungraph.gcc_6.3.0_O3.drop_60750M.length_250M,mlop_MTPS4800,0.65955,1
ligra_PageRank.com-lj.ungraph.gcc_6.3.0_O3.drop_60750M.length_250M,pythia_MTPS4800,0.64487,1
ligra_PageRank.com-lj.ungraph.gcc_6.3.0_O3.drop_60750M.length_250M,nopref_MTPS9600,0.41441,1
ligra_PageRank.com-lj.ungraph.gcc_6.3.0_O3.drop_60750M.length_250M,spp_MTPS9600,0.61055,1
ligra_PageRank.com-lj.ungraph.gcc_6.3.0_O3.drop_60750M.length_250M,bingo_MTPS9600,0.661,1
ligra_PageRank.com-lj.ungraph.gcc_6.3.0_O3.drop_60750M.length_250M,mlop_MTPS9600,0.66627,1
ligra_PageRank.com-lj.ungraph.gcc_6.3.0_O3.drop_60750M.length_250M,pythia_MTPS9600,0.65125,1
ligra_PageRank.com-lj.ungraph.gcc_6.3.0_O3.drop_79500M.length_250M,nopref,0.18435,1
ligra_PageRank.com-lj.ungraph.gcc_6.3.0_O3.drop_79500M.length_250M,spp,0.20049,1
ligra_PageRank.com-lj.ungraph.gcc_6.3.0_O3.drop_79500M.length_250M,bingo,0.17455,1
ligra_PageRank.com-lj.ungraph.gcc_6.3.0_O3.drop_79500M.length_250M,mlop,0.17439,1
ligra_PageRank.com-lj.ungraph.gcc_6.3.0_O3.drop_79500M.length_250M,pythia,0.20589,1
ligra_PageRank.com-lj.ungraph.gcc_6.3.0_O3.drop_79500M.length_250M,nopref_MTPS150,0.09447,1
ligra_PageRank.com-lj.ungraph.gcc_6.3.0_O3.drop_79500M.length_250M,spp_MTPS150,0.082,1
ligra_PageRank.com-lj.ungraph.gcc_6.3.0_O3.drop_79500M.length_250M,bingo_MTPS150,0.02062,1
ligra_PageRank.com-lj.ungraph.gcc_6.3.0_O3.drop_79500M.length_250M,mlop_MTPS150,0.02751,1
ligra_PageRank.com-lj.ungraph.gcc_6.3.0_O3.drop_79500M.length_250M,pythia_MTPS150,0.07384,1
ligra_PageRank.com-lj.ungraph.gcc_6.3.0_O3.drop_79500M.length_250M,nopref_MTPS300,0.14602,1
ligra_PageRank.com-lj.ungraph.gcc_6.3.0_O3.drop_79500M.length_250M,spp_MTPS300,0.13924,1
ligra_PageRank.com-lj.ungraph.gcc_6.3.0_O3.drop_79500M.length_250M,bingo_MTPS300,0.04085,1
ligra_PageRank.com-lj.ungraph.gcc_6.3.0_O3.drop_79500M.length_250M,mlop_MTPS300,0.0538,1
ligra_PageRank.com-lj.ungraph.gcc_6.3.0_O3.drop_79500M.length_250M,pythia_MTPS300,0.12938,1
ligra_PageRank.com-lj.ungraph.gcc_6.3.0_O3.drop_79500M.length_250M,nopref_MTPS600,0.17387,1
ligra_PageRank.com-lj.ungraph.gcc_6.3.0_O3.drop_79500M.length_250M,spp_MTPS600,0.18032,1
ligra_PageRank.com-lj.ungraph.gcc_6.3.0_O3.drop_79500M.length_250M,bingo_MTPS600,0.07757,1
ligra_PageRank.com-lj.ungraph.gcc_6.3.0_O3.drop_79500M.length_250M,mlop_MTPS600,0.09699,1
ligra_PageRank.com-lj.ungraph.gcc_6.3.0_O3.drop_79500M.length_250M,pythia_MTPS600,0.17783,1
ligra_PageRank.com-lj.ungraph.gcc_6.3.0_O3.drop_79500M.length_250M,nopref_MTPS1200,0.18233,1
ligra_PageRank.com-lj.ungraph.gcc_6.3.0_O3.drop_79500M.length_250M,spp_MTPS1200,0.19602,1
ligra_PageRank.com-lj.ungraph.gcc_6.3.0_O3.drop_79500M.length_250M,bingo_MTPS1200,0.13508,1
ligra_PageRank.com-lj.ungraph.gcc_6.3.0_O3.drop_79500M.length_250M,mlop_MTPS1200,0.14935,1
ligra_PageRank.com-lj.ungraph.gcc_6.3.0_O3.drop_79500M.length_250M,pythia_MTPS1200,0.20064,1
ligra_PageRank.com-lj.ungraph.gcc_6.3.0_O3.drop_79500M.length_250M,nopref_MTPS4800,0.18498,1
ligra_PageRank.com-lj.ungraph.gcc_6.3.0_O3.drop_79500M.length_250M,spp_MTPS4800,0.20187,1
ligra_PageRank.com-lj.ungraph.gcc_6.3.0_O3.drop_79500M.length_250M,bingo_MTPS4800,0.18213,1
ligra_PageRank.com-lj.ungraph.gcc_6.3.0_O3.drop_79500M.length_250M,mlop_MTPS4800,0.17919,1
ligra_PageRank.com-lj.ungraph.gcc_6.3.0_O3.drop_79500M.length_250M,pythia_MTPS4800,0.20728,1
ligra_PageRank.com-lj.ungraph.gcc_6.3.0_O3.drop_79500M.length_250M,nopref_MTPS9600,0.18515,1
ligra_PageRank.com-lj.ungraph.gcc_6.3.0_O3.drop_79500M.length_250M,spp_MTPS9600,0.20216,1
ligra_PageRank.com-lj.ungraph.gcc_6.3.0_O3.drop_79500M.length_250M,bingo_MTPS9600,0.18286,1
ligra_PageRank.com-lj.ungraph.gcc_6.3.0_O3.drop_79500M.length_250M,mlop_MTPS9600,0.17976,1
ligra_PageRank.com-lj.ungraph.gcc_6.3.0_O3.drop_79500M.length_250M,pythia_MTPS9600,0.2075,1
ligra_PageRankDelta.com-lj.ungraph.gcc_6.3.0_O3.drop_1250M.length_250M,nopref,0.89308,1
ligra_PageRankDelta.com-lj.ungraph.gcc_6.3.0_O3.drop_1250M.length_250M,spp,1.24198,1
ligra_PageRankDelta.com-lj.ungraph.gcc_6.3.0_O3.drop_1250M.length_250M,bingo,1.23669,1
ligra_PageRankDelta.com-lj.ungraph.gcc_6.3.0_O3.drop_1250M.length_250M,mlop,1.24452,1
ligra_PageRankDelta.com-lj.ungraph.gcc_6.3.0_O3.drop_1250M.length_250M,pythia,1.24446,1
ligra_PageRankDelta.com-lj.ungraph.gcc_6.3.0_O3.drop_1250M.length_250M,nopref_MTPS150,0.82843,1
ligra_PageRankDelta.com-lj.ungraph.gcc_6.3.0_O3.drop_1250M.length_250M,spp_MTPS150,0.97932,1
ligra_PageRankDelta.com-lj.ungraph.gcc_6.3.0_O3.drop_1250M.length_250M,bingo_MTPS150,0.96426,1
ligra_PageRankDelta.com-lj.ungraph.gcc_6.3.0_O3.drop_1250M.length_250M,mlop_MTPS150,0.96453,1
ligra_PageRankDelta.com-lj.ungraph.gcc_6.3.0_O3.drop_1250M.length_250M,pythia_MTPS150,0.95967,1
ligra_PageRankDelta.com-lj.ungraph.gcc_6.3.0_O3.drop_1250M.length_250M,nopref_MTPS300,0.89289,1
ligra_PageRankDelta.com-lj.ungraph.gcc_6.3.0_O3.drop_1250M.length_250M,spp_MTPS300,1.24158,1
ligra_PageRankDelta.com-lj.ungraph.gcc_6.3.0_O3.drop_1250M.length_250M,bingo_MTPS300,1.2362,1
ligra_PageRankDelta.com-lj.ungraph.gcc_6.3.0_O3.drop_1250M.length_250M,mlop_MTPS300,1.24337,1
ligra_PageRankDelta.com-lj.ungraph.gcc_6.3.0_O3.drop_1250M.length_250M,pythia_MTPS300,1.24247,1
ligra_PageRankDelta.com-lj.ungraph.gcc_6.3.0_O3.drop_1250M.length_250M,nopref_MTPS600,0.89307,1
ligra_PageRankDelta.com-lj.ungraph.gcc_6.3.0_O3.drop_1250M.length_250M,spp_MTPS600,1.24206,1
ligra_PageRankDelta.com-lj.ungraph.gcc_6.3.0_O3.drop_1250M.length_250M,bingo_MTPS600,1.23669,1
ligra_PageRankDelta.com-lj.ungraph.gcc_6.3.0_O3.drop_1250M.length_250M,mlop_MTPS600,1.24452,1
ligra_PageRankDelta.com-lj.ungraph.gcc_6.3.0_O3.drop_1250M.length_250M,pythia_MTPS600,1.24446,1
ligra_PageRankDelta.com-lj.ungraph.gcc_6.3.0_O3.drop_1250M.length_250M,nopref_MTPS1200,0.89308,1
ligra_PageRankDelta.com-lj.ungraph.gcc_6.3.0_O3.drop_1250M.length_250M,spp_MTPS1200,1.242,1
ligra_PageRankDelta.com-lj.ungraph.gcc_6.3.0_O3.drop_1250M.length_250M,bingo_MTPS1200,1.23669,1
ligra_PageRankDelta.com-lj.ungraph.gcc_6.3.0_O3.drop_1250M.length_250M,mlop_MTPS1200,1.24452,1
ligra_PageRankDelta.com-lj.ungraph.gcc_6.3.0_O3.drop_1250M.length_250M,pythia_MTPS1200,1.24446,1
ligra_PageRankDelta.com-lj.ungraph.gcc_6.3.0_O3.drop_1250M.length_250M,nopref_MTPS4800,0.89308,1
ligra_PageRankDelta.com-lj.ungraph.gcc_6.3.0_O3.drop_1250M.length_250M,spp_MTPS4800,1.24198,1
ligra_PageRankDelta.com-lj.ungraph.gcc_6.3.0_O3.drop_1250M.length_250M,bingo_MTPS4800,1.23669,1
ligra_PageRankDelta.com-lj.ungraph.gcc_6.3.0_O3.drop_1250M.length_250M,mlop_MTPS4800,1.24452,1
ligra_PageRankDelta.com-lj.ungraph.gcc_6.3.0_O3.drop_1250M.length_250M,pythia_MTPS4800,1.24446,1
ligra_PageRankDelta.com-lj.ungraph.gcc_6.3.0_O3.drop_1250M.length_250M,nopref_MTPS9600,0.89308,1
ligra_PageRankDelta.com-lj.ungraph.gcc_6.3.0_O3.drop_1250M.length_250M,spp_MTPS9600,1.24198,1
ligra_PageRankDelta.com-lj.ungraph.gcc_6.3.0_O3.drop_1250M.length_250M,bingo_MTPS9600,1.23669,1
ligra_PageRankDelta.com-lj.ungraph.gcc_6.3.0_O3.drop_1250M.length_250M,mlop_MTPS9600,1.24452,1
ligra_PageRankDelta.com-lj.ungraph.gcc_6.3.0_O3.drop_1250M.length_250M,pythia_MTPS9600,1.24446,1
ligra_PageRankDelta.com-lj.ungraph.gcc_6.3.0_O3.drop_24000M.length_250M,nopref,0.41365,1
ligra_PageRankDelta.com-lj.ungraph.gcc_6.3.0_O3.drop_24000M.length_250M,spp,0.48705,1
ligra_PageRankDelta.com-lj.ungraph.gcc_6.3.0_O3.drop_24000M.length_250M,bingo,0.42686,1
ligra_PageRankDelta.com-lj.ungraph.gcc_6.3.0_O3.drop_24000M.length_250M,mlop,0.47423,1
ligra_PageRankDelta.com-lj.ungraph.gcc_6.3.0_O3.drop_24000M.length_250M,pythia,0.52749,1
ligra_PageRankDelta.com-lj.ungraph.gcc_6.3.0_O3.drop_24000M.length_250M,nopref_MTPS150,0.19398,1
ligra_PageRankDelta.com-lj.ungraph.gcc_6.3.0_O3.drop_24000M.length_250M,spp_MTPS150,0.17991,1
ligra_PageRankDelta.com-lj.ungraph.gcc_6.3.0_O3.drop_24000M.length_250M,bingo_MTPS150,0.06116,1
ligra_PageRankDelta.com-lj.ungraph.gcc_6.3.0_O3.drop_24000M.length_250M,mlop_MTPS150,0.13024,1
ligra_PageRankDelta.com-lj.ungraph.gcc_6.3.0_O3.drop_24000M.length_250M,pythia_MTPS150,0.17886,1
ligra_PageRankDelta.com-lj.ungraph.gcc_6.3.0_O3.drop_24000M.length_250M,nopref_MTPS300,0.30376,1
ligra_PageRankDelta.com-lj.ungraph.gcc_6.3.0_O3.drop_24000M.length_250M,spp_MTPS300,0.30553,1
ligra_PageRankDelta.com-lj.ungraph.gcc_6.3.0_O3.drop_24000M.length_250M,bingo_MTPS300,0.11832,1
ligra_PageRankDelta.com-lj.ungraph.gcc_6.3.0_O3.drop_24000M.length_250M,mlop_MTPS300,0.23456,1
ligra_PageRankDelta.com-lj.ungraph.gcc_6.3.0_O3.drop_24000M.length_250M,pythia_MTPS300,0.30965,1
ligra_PageRankDelta.com-lj.ungraph.gcc_6.3.0_O3.drop_24000M.length_250M,nopref_MTPS600,0.37322,1
ligra_PageRankDelta.com-lj.ungraph.gcc_6.3.0_O3.drop_24000M.length_250M,spp_MTPS600,0.40801,1
ligra_PageRankDelta.com-lj.ungraph.gcc_6.3.0_O3.drop_24000M.length_250M,bingo_MTPS600,0.2104,1
ligra_PageRankDelta.com-lj.ungraph.gcc_6.3.0_O3.drop_24000M.length_250M,mlop_MTPS600,0.34921,1
ligra_PageRankDelta.com-lj.ungraph.gcc_6.3.0_O3.drop_24000M.length_250M,pythia_MTPS600,0.42766,1
ligra_PageRankDelta.com-lj.ungraph.gcc_6.3.0_O3.drop_24000M.length_250M,nopref_MTPS1200,0.40267,1
ligra_PageRankDelta.com-lj.ungraph.gcc_6.3.0_O3.drop_24000M.length_250M,spp_MTPS1200,0.46204,1
ligra_PageRankDelta.com-lj.ungraph.gcc_6.3.0_O3.drop_24000M.length_250M,bingo_MTPS1200,0.33168,1
ligra_PageRankDelta.com-lj.ungraph.gcc_6.3.0_O3.drop_24000M.length_250M,mlop_MTPS1200,0.43424,1
ligra_PageRankDelta.com-lj.ungraph.gcc_6.3.0_O3.drop_24000M.length_250M,pythia_MTPS1200,0.49427,1
ligra_PageRankDelta.com-lj.ungraph.gcc_6.3.0_O3.drop_24000M.length_250M,nopref_MTPS4800,0.41786,1
ligra_PageRankDelta.com-lj.ungraph.gcc_6.3.0_O3.drop_24000M.length_250M,spp_MTPS4800,0.49546,1
ligra_PageRankDelta.com-lj.ungraph.gcc_6.3.0_O3.drop_24000M.length_250M,bingo_MTPS4800,0.46191,1
ligra_PageRankDelta.com-lj.ungraph.gcc_6.3.0_O3.drop_24000M.length_250M,mlop_MTPS4800,0.48855,1
ligra_PageRankDelta.com-lj.ungraph.gcc_6.3.0_O3.drop_24000M.length_250M,pythia_MTPS4800,0.53946,1
ligra_PageRankDelta.com-lj.ungraph.gcc_6.3.0_O3.drop_24000M.length_250M,nopref_MTPS9600,0.41889,1
ligra_PageRankDelta.com-lj.ungraph.gcc_6.3.0_O3.drop_24000M.length_250M,spp_MTPS9600,0.49683,1
ligra_PageRankDelta.com-lj.ungraph.gcc_6.3.0_O3.drop_24000M.length_250M,bingo_MTPS9600,0.46661,1
ligra_PageRankDelta.com-lj.ungraph.gcc_6.3.0_O3.drop_24000M.length_250M,mlop_MTPS9600,0.49077,1
ligra_PageRankDelta.com-lj.ungraph.gcc_6.3.0_O3.drop_24000M.length_250M,pythia_MTPS9600,0.54128,1
ligra_PageRankDelta.com-lj.ungraph.gcc_6.3.0_O3.drop_24500M.length_250M,nopref,0.28846,1
ligra_PageRankDelta.com-lj.ungraph.gcc_6.3.0_O3.drop_24500M.length_250M,spp,0.30565,1
ligra_PageRankDelta.com-lj.ungraph.gcc_6.3.0_O3.drop_24500M.length_250M,bingo,0.25569,1
ligra_PageRankDelta.com-lj.ungraph.gcc_6.3.0_O3.drop_24500M.length_250M,mlop,0.28436,1
ligra_PageRankDelta.com-lj.ungraph.gcc_6.3.0_O3.drop_24500M.length_250M,pythia,0.31773,1
ligra_PageRankDelta.com-lj.ungraph.gcc_6.3.0_O3.drop_24500M.length_250M,nopref_MTPS150,0.14656,1
ligra_PageRankDelta.com-lj.ungraph.gcc_6.3.0_O3.drop_24500M.length_250M,spp_MTPS150,0.12926,1
ligra_PageRankDelta.com-lj.ungraph.gcc_6.3.0_O3.drop_24500M.length_250M,bingo_MTPS150,0.02961,1
ligra_PageRankDelta.com-lj.ungraph.gcc_6.3.0_O3.drop_24500M.length_250M,mlop_MTPS150,0.06105,1
ligra_PageRankDelta.com-lj.ungraph.gcc_6.3.0_O3.drop_24500M.length_250M,pythia_MTPS150,0.11621,1
ligra_PageRankDelta.com-lj.ungraph.gcc_6.3.0_O3.drop_24500M.length_250M,nopref_MTPS300,0.24096,1
ligra_PageRankDelta.com-lj.ungraph.gcc_6.3.0_O3.drop_24500M.length_250M,spp_MTPS300,0.22534,1
ligra_PageRankDelta.com-lj.ungraph.gcc_6.3.0_O3.drop_24500M.length_250M,bingo_MTPS300,0.05852,1
ligra_PageRankDelta.com-lj.ungraph.gcc_6.3.0_O3.drop_24500M.length_250M,mlop_MTPS300,0.11675,1
ligra_PageRankDelta.com-lj.ungraph.gcc_6.3.0_O3.drop_24500M.length_250M,pythia_MTPS300,0.21019,1
ligra_PageRankDelta.com-lj.ungraph.gcc_6.3.0_O3.drop_24500M.length_250M,nopref_MTPS600,0.28085,1
ligra_PageRankDelta.com-lj.ungraph.gcc_6.3.0_O3.drop_24500M.length_250M,spp_MTPS600,0.29239,1
ligra_PageRankDelta.com-lj.ungraph.gcc_6.3.0_O3.drop_24500M.length_250M,bingo_MTPS600,0.11063,1
ligra_PageRankDelta.com-lj.ungraph.gcc_6.3.0_O3.drop_24500M.length_250M,mlop_MTPS600,0.19474,1
ligra_PageRankDelta.com-lj.ungraph.gcc_6.3.0_O3.drop_24500M.length_250M,pythia_MTPS600,0.29324,1
ligra_PageRankDelta.com-lj.ungraph.gcc_6.3.0_O3.drop_24500M.length_250M,nopref_MTPS1200,0.28703,1
ligra_PageRankDelta.com-lj.ungraph.gcc_6.3.0_O3.drop_24500M.length_250M,spp_MTPS1200,0.30317,1
ligra_PageRankDelta.com-lj.ungraph.gcc_6.3.0_O3.drop_24500M.length_250M,bingo_MTPS1200,0.19237,1
ligra_PageRankDelta.com-lj.ungraph.gcc_6.3.0_O3.drop_24500M.length_250M,mlop_MTPS1200,0.2619,1
ligra_PageRankDelta.com-lj.ungraph.gcc_6.3.0_O3.drop_24500M.length_250M,pythia_MTPS1200,0.31377,1
ligra_PageRankDelta.com-lj.ungraph.gcc_6.3.0_O3.drop_24500M.length_250M,nopref_MTPS4800,0.28876,1
ligra_PageRankDelta.com-lj.ungraph.gcc_6.3.0_O3.drop_24500M.length_250M,spp_MTPS4800,0.30623,1
ligra_PageRankDelta.com-lj.ungraph.gcc_6.3.0_O3.drop_24500M.length_250M,bingo_MTPS4800,0.2744,1
ligra_PageRankDelta.com-lj.ungraph.gcc_6.3.0_O3.drop_24500M.length_250M,mlop_MTPS4800,0.28997,1
ligra_PageRankDelta.com-lj.ungraph.gcc_6.3.0_O3.drop_24500M.length_250M,pythia_MTPS4800,0.31886,1
ligra_PageRankDelta.com-lj.ungraph.gcc_6.3.0_O3.drop_24500M.length_250M,nopref_MTPS9600,0.28882,1
ligra_PageRankDelta.com-lj.ungraph.gcc_6.3.0_O3.drop_24500M.length_250M,spp_MTPS9600,0.30635,1
ligra_PageRankDelta.com-lj.ungraph.gcc_6.3.0_O3.drop_24500M.length_250M,bingo_MTPS9600,0.27644,1
ligra_PageRankDelta.com-lj.ungraph.gcc_6.3.0_O3.drop_24500M.length_250M,mlop_MTPS9600,0.29101,1
ligra_PageRankDelta.com-lj.ungraph.gcc_6.3.0_O3.drop_24500M.length_250M,pythia_MTPS9600,0.31907,1
ligra_PageRankDelta.com-lj.ungraph.gcc_6.3.0_O3.drop_3500M.length_250M,nopref,0.96204,1
ligra_PageRankDelta.com-lj.ungraph.gcc_6.3.0_O3.drop_3500M.length_250M,spp,1.36106,1
ligra_PageRankDelta.com-lj.ungraph.gcc_6.3.0_O3.drop_3500M.length_250M,bingo,1.36705,1
ligra_PageRankDelta.com-lj.ungraph.gcc_6.3.0_O3.drop_3500M.length_250M,mlop,1.37661,1
ligra_PageRankDelta.com-lj.ungraph.gcc_6.3.0_O3.drop_3500M.length_250M,pythia,1.37652,1
ligra_PageRankDelta.com-lj.ungraph.gcc_6.3.0_O3.drop_3500M.length_250M,nopref_MTPS150,0.76549,1
ligra_PageRankDelta.com-lj.ungraph.gcc_6.3.0_O3.drop_3500M.length_250M,spp_MTPS150,0.86667,1
ligra_PageRankDelta.com-lj.ungraph.gcc_6.3.0_O3.drop_3500M.length_250M,bingo_MTPS150,0.86361,1
ligra_PageRankDelta.com-lj.ungraph.gcc_6.3.0_O3.drop_3500M.length_250M,mlop_MTPS150,0.86575,1
ligra_PageRankDelta.com-lj.ungraph.gcc_6.3.0_O3.drop_3500M.length_250M,pythia_MTPS150,0.86538,1
ligra_PageRankDelta.com-lj.ungraph.gcc_6.3.0_O3.drop_3500M.length_250M,nopref_MTPS300,0.94476,1
ligra_PageRankDelta.com-lj.ungraph.gcc_6.3.0_O3.drop_3500M.length_250M,spp_MTPS300,1.33356,1
ligra_PageRankDelta.com-lj.ungraph.gcc_6.3.0_O3.drop_3500M.length_250M,bingo_MTPS300,1.34373,1
ligra_PageRankDelta.com-lj.ungraph.gcc_6.3.0_O3.drop_3500M.length_250M,mlop_MTPS300,1.36187,1
ligra_PageRankDelta.com-lj.ungraph.gcc_6.3.0_O3.drop_3500M.length_250M,pythia_MTPS300,1.36463,1
ligra_PageRankDelta.com-lj.ungraph.gcc_6.3.0_O3.drop_3500M.length_250M,nopref_MTPS600,0.95875,1
ligra_PageRankDelta.com-lj.ungraph.gcc_6.3.0_O3.drop_3500M.length_250M,spp_MTPS600,1.35997,1
ligra_PageRankDelta.com-lj.ungraph.gcc_6.3.0_O3.drop_3500M.length_250M,bingo_MTPS600,1.36483,1
ligra_PageRankDelta.com-lj.ungraph.gcc_6.3.0_O3.drop_3500M.length_250M,mlop_MTPS600,1.37583,1
ligra_PageRankDelta.com-lj.ungraph.gcc_6.3.0_O3.drop_3500M.length_250M,pythia_MTPS600,1.3763,1
ligra_PageRankDelta.com-lj.ungraph.gcc_6.3.0_O3.drop_3500M.length_250M,nopref_MTPS1200,0.96168,1
ligra_PageRankDelta.com-lj.ungraph.gcc_6.3.0_O3.drop_3500M.length_250M,spp_MTPS1200,1.36094,1
ligra_PageRankDelta.com-lj.ungraph.gcc_6.3.0_O3.drop_3500M.length_250M,bingo_MTPS1200,1.36672,1
ligra_PageRankDelta.com-lj.ungraph.gcc_6.3.0_O3.drop_3500M.length_250M,mlop_MTPS1200,1.37661,1
ligra_PageRankDelta.com-lj.ungraph.gcc_6.3.0_O3.drop_3500M.length_250M,pythia_MTPS1200,1.37647,1
ligra_PageRankDelta.com-lj.ungraph.gcc_6.3.0_O3.drop_3500M.length_250M,nopref_MTPS4800,0.96207,1
ligra_PageRankDelta.com-lj.ungraph.gcc_6.3.0_O3.drop_3500M.length_250M,spp_MTPS4800,1.36107,1
ligra_PageRankDelta.com-lj.ungraph.gcc_6.3.0_O3.drop_3500M.length_250M,bingo_MTPS4800,1.36719,1
ligra_PageRankDelta.com-lj.ungraph.gcc_6.3.0_O3.drop_3500M.length_250M,mlop_MTPS4800,1.37661,1
ligra_PageRankDelta.com-lj.ungraph.gcc_6.3.0_O3.drop_3500M.length_250M,pythia_MTPS4800,1.37653,1
ligra_PageRankDelta.com-lj.ungraph.gcc_6.3.0_O3.drop_3500M.length_250M,nopref_MTPS9600,0.96208,1
ligra_PageRankDelta.com-lj.ungraph.gcc_6.3.0_O3.drop_3500M.length_250M,spp_MTPS9600,1.36107,1
ligra_PageRankDelta.com-lj.ungraph.gcc_6.3.0_O3.drop_3500M.length_250M,bingo_MTPS9600,1.36725,1
ligra_PageRankDelta.com-lj.ungraph.gcc_6.3.0_O3.drop_3500M.length_250M,mlop_MTPS9600,1.37661,1
ligra_PageRankDelta.com-lj.ungraph.gcc_6.3.0_O3.drop_3500M.length_250M,pythia_MTPS9600,1.37654,1
ligra_Radii.com-lj.ungraph.gcc_6.3.0_O3.drop_32000M.length_250M,nopref,0.13859,1
ligra_Radii.com-lj.ungraph.gcc_6.3.0_O3.drop_32000M.length_250M,spp,0.13662,1
ligra_Radii.com-lj.ungraph.gcc_6.3.0_O3.drop_32000M.length_250M,bingo,0.14683,1
ligra_Radii.com-lj.ungraph.gcc_6.3.0_O3.drop_32000M.length_250M,mlop,0.12896,1
ligra_Radii.com-lj.ungraph.gcc_6.3.0_O3.drop_32000M.length_250M,pythia,0.15847,1
ligra_Radii.com-lj.ungraph.gcc_6.3.0_O3.drop_32000M.length_250M,nopref_MTPS150,0.12243,1
ligra_Radii.com-lj.ungraph.gcc_6.3.0_O3.drop_32000M.length_250M,spp_MTPS150,0.10231,1
ligra_Radii.com-lj.ungraph.gcc_6.3.0_O3.drop_32000M.length_250M,bingo_MTPS150,0.02806,1
ligra_Radii.com-lj.ungraph.gcc_6.3.0_O3.drop_32000M.length_250M,mlop_MTPS150,0.04407,1
ligra_Radii.com-lj.ungraph.gcc_6.3.0_O3.drop_32000M.length_250M,pythia_MTPS150,0.11861,1
ligra_Radii.com-lj.ungraph.gcc_6.3.0_O3.drop_32000M.length_250M,nopref_MTPS300,0.13401,1
ligra_Radii.com-lj.ungraph.gcc_6.3.0_O3.drop_32000M.length_250M,spp_MTPS300,0.12569,1
ligra_Radii.com-lj.ungraph.gcc_6.3.0_O3.drop_32000M.length_250M,bingo_MTPS300,0.05435,1
ligra_Radii.com-lj.ungraph.gcc_6.3.0_O3.drop_32000M.length_250M,mlop_MTPS300,0.07468,1
ligra_Radii.com-lj.ungraph.gcc_6.3.0_O3.drop_32000M.length_250M,pythia_MTPS300,0.14881,1
ligra_Radii.com-lj.ungraph.gcc_6.3.0_O3.drop_32000M.length_250M,nopref_MTPS600,0.13708,1
ligra_Radii.com-lj.ungraph.gcc_6.3.0_O3.drop_32000M.length_250M,spp_MTPS600,0.13321,1
ligra_Radii.com-lj.ungraph.gcc_6.3.0_O3.drop_32000M.length_250M,bingo_MTPS600,0.09463,1
ligra_Radii.com-lj.ungraph.gcc_6.3.0_O3.drop_32000M.length_250M,mlop_MTPS600,0.10519,1
ligra_Radii.com-lj.ungraph.gcc_6.3.0_O3.drop_32000M.length_250M,pythia_MTPS600,0.15556,1
ligra_Radii.com-lj.ungraph.gcc_6.3.0_O3.drop_32000M.length_250M,nopref_MTPS1200,0.13818,1
ligra_Radii.com-lj.ungraph.gcc_6.3.0_O3.drop_32000M.length_250M,spp_MTPS1200,0.13569,1
ligra_Radii.com-lj.ungraph.gcc_6.3.0_O3.drop_32000M.length_250M,bingo_MTPS1200,0.13305,1
ligra_Radii.com-lj.ungraph.gcc_6.3.0_O3.drop_32000M.length_250M,mlop_MTPS1200,0.12367,1
ligra_Radii.com-lj.ungraph.gcc_6.3.0_O3.drop_32000M.length_250M,pythia_MTPS1200,0.15766,1
ligra_Radii.com-lj.ungraph.gcc_6.3.0_O3.drop_32000M.length_250M,nopref_MTPS4800,0.13871,1
ligra_Radii.com-lj.ungraph.gcc_6.3.0_O3.drop_32000M.length_250M,spp_MTPS4800,0.13695,1
ligra_Radii.com-lj.ungraph.gcc_6.3.0_O3.drop_32000M.length_250M,bingo_MTPS4800,0.14989,1
ligra_Radii.com-lj.ungraph.gcc_6.3.0_O3.drop_32000M.length_250M,mlop_MTPS4800,0.13,1
ligra_Radii.com-lj.ungraph.gcc_6.3.0_O3.drop_32000M.length_250M,pythia_MTPS4800,0.1588,1
ligra_Radii.com-lj.ungraph.gcc_6.3.0_O3.drop_32000M.length_250M,nopref_MTPS9600,0.13873,1
ligra_Radii.com-lj.ungraph.gcc_6.3.0_O3.drop_32000M.length_250M,spp_MTPS9600,0.13701,1
ligra_Radii.com-lj.ungraph.gcc_6.3.0_O3.drop_32000M.length_250M,bingo_MTPS9600,0.15017,1
ligra_Radii.com-lj.ungraph.gcc_6.3.0_O3.drop_32000M.length_250M,mlop_MTPS9600,0.13012,1
ligra_Radii.com-lj.ungraph.gcc_6.3.0_O3.drop_32000M.length_250M,pythia_MTPS9600,0.15883,1
ligra_Radii.com-lj.ungraph.gcc_6.3.0_O3.drop_3500M.length_250M,nopref,0.96233,1
ligra_Radii.com-lj.ungraph.gcc_6.3.0_O3.drop_3500M.length_250M,spp,1.36132,1
ligra_Radii.com-lj.ungraph.gcc_6.3.0_O3.drop_3500M.length_250M,bingo,1.367,1
ligra_Radii.com-lj.ungraph.gcc_6.3.0_O3.drop_3500M.length_250M,mlop,1.37656,1
ligra_Radii.com-lj.ungraph.gcc_6.3.0_O3.drop_3500M.length_250M,pythia,1.37643,1
ligra_Radii.com-lj.ungraph.gcc_6.3.0_O3.drop_3500M.length_250M,nopref_MTPS150,0.76565,1
ligra_Radii.com-lj.ungraph.gcc_6.3.0_O3.drop_3500M.length_250M,spp_MTPS150,0.86669,1
ligra_Radii.com-lj.ungraph.gcc_6.3.0_O3.drop_3500M.length_250M,bingo_MTPS150,0.86362,1
ligra_Radii.com-lj.ungraph.gcc_6.3.0_O3.drop_3500M.length_250M,mlop_MTPS150,0.86571,1
ligra_Radii.com-lj.ungraph.gcc_6.3.0_O3.drop_3500M.length_250M,pythia_MTPS150,0.86541,1
ligra_Radii.com-lj.ungraph.gcc_6.3.0_O3.drop_3500M.length_250M,nopref_MTPS300,0.94504,1
ligra_Radii.com-lj.ungraph.gcc_6.3.0_O3.drop_3500M.length_250M,spp_MTPS300,1.33422,1
ligra_Radii.com-lj.ungraph.gcc_6.3.0_O3.drop_3500M.length_250M,bingo_MTPS300,1.34385,1
ligra_Radii.com-lj.ungraph.gcc_6.3.0_O3.drop_3500M.length_250M,mlop_MTPS300,1.36181,1
ligra_Radii.com-lj.ungraph.gcc_6.3.0_O3.drop_3500M.length_250M,pythia_MTPS300,1.36447,1
ligra_Radii.com-lj.ungraph.gcc_6.3.0_O3.drop_3500M.length_250M,nopref_MTPS600,0.95903,1
ligra_Radii.com-lj.ungraph.gcc_6.3.0_O3.drop_3500M.length_250M,spp_MTPS600,1.36024,1
ligra_Radii.com-lj.ungraph.gcc_6.3.0_O3.drop_3500M.length_250M,bingo_MTPS600,1.36478,1
ligra_Radii.com-lj.ungraph.gcc_6.3.0_O3.drop_3500M.length_250M,mlop_MTPS600,1.37583,1
ligra_Radii.com-lj.ungraph.gcc_6.3.0_O3.drop_3500M.length_250M,pythia_MTPS600,1.37622,1
ligra_Radii.com-lj.ungraph.gcc_6.3.0_O3.drop_3500M.length_250M,nopref_MTPS1200,0.96199,1
ligra_Radii.com-lj.ungraph.gcc_6.3.0_O3.drop_3500M.length_250M,spp_MTPS1200,1.36119,1
ligra_Radii.com-lj.ungraph.gcc_6.3.0_O3.drop_3500M.length_250M,bingo_MTPS1200,1.36667,1
ligra_Radii.com-lj.ungraph.gcc_6.3.0_O3.drop_3500M.length_250M,mlop_MTPS1200,1.37656,1
ligra_Radii.com-lj.ungraph.gcc_6.3.0_O3.drop_3500M.length_250M,pythia_MTPS1200,1.37639,1
ligra_Radii.com-lj.ungraph.gcc_6.3.0_O3.drop_3500M.length_250M,nopref_MTPS4800,0.96237,1
ligra_Radii.com-lj.ungraph.gcc_6.3.0_O3.drop_3500M.length_250M,spp_MTPS4800,1.36133,1
ligra_Radii.com-lj.ungraph.gcc_6.3.0_O3.drop_3500M.length_250M,bingo_MTPS4800,1.36714,1
ligra_Radii.com-lj.ungraph.gcc_6.3.0_O3.drop_3500M.length_250M,mlop_MTPS4800,1.37655,1
ligra_Radii.com-lj.ungraph.gcc_6.3.0_O3.drop_3500M.length_250M,pythia_MTPS4800,1.37644,1
ligra_Radii.com-lj.ungraph.gcc_6.3.0_O3.drop_3500M.length_250M,nopref_MTPS9600,0.96238,1
ligra_Radii.com-lj.ungraph.gcc_6.3.0_O3.drop_3500M.length_250M,spp_MTPS9600,1.36133,1
ligra_Radii.com-lj.ungraph.gcc_6.3.0_O3.drop_3500M.length_250M,bingo_MTPS9600,1.3672,1
ligra_Radii.com-lj.ungraph.gcc_6.3.0_O3.drop_3500M.length_250M,mlop_MTPS9600,1.37656,1
ligra_Radii.com-lj.ungraph.gcc_6.3.0_O3.drop_3500M.length_250M,pythia_MTPS9600,1.37644,1
ligra_Triangle.com-lj.ungraph.gcc_6.3.0_O3.drop_25000M.length_250M,nopref,0.28138,1
ligra_Triangle.com-lj.ungraph.gcc_6.3.0_O3.drop_25000M.length_250M,spp,0.29613,1
ligra_Triangle.com-lj.ungraph.gcc_6.3.0_O3.drop_25000M.length_250M,bingo,0.3662,1
ligra_Triangle.com-lj.ungraph.gcc_6.3.0_O3.drop_25000M.length_250M,mlop,0.3157,1
ligra_Triangle.com-lj.ungraph.gcc_6.3.0_O3.drop_25000M.length_250M,pythia,0.39246,1
ligra_Triangle.com-lj.ungraph.gcc_6.3.0_O3.drop_25000M.length_250M,nopref_MTPS150,0.24265,1
ligra_Triangle.com-lj.ungraph.gcc_6.3.0_O3.drop_25000M.length_250M,spp_MTPS150,0.18141,1
ligra_Triangle.com-lj.ungraph.gcc_6.3.0_O3.drop_25000M.length_250M,bingo_MTPS150,0.0814,1
ligra_Triangle.com-lj.ungraph.gcc_6.3.0_O3.drop_25000M.length_250M,mlop_MTPS150,0.18809,1
ligra_Triangle.com-lj.ungraph.gcc_6.3.0_O3.drop_25000M.length_250M,pythia_MTPS150,0.24742,1
ligra_Triangle.com-lj.ungraph.gcc_6.3.0_O3.drop_25000M.length_250M,nopref_MTPS300,0.26976,1
ligra_Triangle.com-lj.ungraph.gcc_6.3.0_O3.drop_25000M.length_250M,spp_MTPS300,0.2534,1
ligra_Triangle.com-lj.ungraph.gcc_6.3.0_O3.drop_25000M.length_250M,bingo_MTPS300,0.15324,1
ligra_Triangle.com-lj.ungraph.gcc_6.3.0_O3.drop_25000M.length_250M,mlop_MTPS300,0.2661,1
ligra_Triangle.com-lj.ungraph.gcc_6.3.0_O3.drop_25000M.length_250M,pythia_MTPS300,0.35777,1
ligra_Triangle.com-lj.ungraph.gcc_6.3.0_O3.drop_25000M.length_250M,nopref_MTPS600,0.27759,1
ligra_Triangle.com-lj.ungraph.gcc_6.3.0_O3.drop_25000M.length_250M,spp_MTPS600,0.28266,1
ligra_Triangle.com-lj.ungraph.gcc_6.3.0_O3.drop_25000M.length_250M,bingo_MTPS600,0.24988,1
ligra_Triangle.com-lj.ungraph.gcc_6.3.0_O3.drop_25000M.length_250M,mlop_MTPS600,0.29959,1
ligra_Triangle.com-lj.ungraph.gcc_6.3.0_O3.drop_25000M.length_250M,pythia_MTPS600,0.38355,1
ligra_Triangle.com-lj.ungraph.gcc_6.3.0_O3.drop_25000M.length_250M,nopref_MTPS1200,0.28047,1
ligra_Triangle.com-lj.ungraph.gcc_6.3.0_O3.drop_25000M.length_250M,spp_MTPS1200,0.29266,1
ligra_Triangle.com-lj.ungraph.gcc_6.3.0_O3.drop_25000M.length_250M,bingo_MTPS1200,0.33428,1
ligra_Triangle.com-lj.ungraph.gcc_6.3.0_O3.drop_25000M.length_250M,mlop_MTPS1200,0.31203,1
ligra_Triangle.com-lj.ungraph.gcc_6.3.0_O3.drop_25000M.length_250M,pythia_MTPS1200,0.39009,1
ligra_Triangle.com-lj.ungraph.gcc_6.3.0_O3.drop_25000M.length_250M,nopref_MTPS4800,0.28161,1
ligra_Triangle.com-lj.ungraph.gcc_6.3.0_O3.drop_25000M.length_250M,spp_MTPS4800,0.29727,1
ligra_Triangle.com-lj.ungraph.gcc_6.3.0_O3.drop_25000M.length_250M,bingo_MTPS4800,0.37351,1
ligra_Triangle.com-lj.ungraph.gcc_6.3.0_O3.drop_25000M.length_250M,mlop_MTPS4800,0.31688,1
ligra_Triangle.com-lj.ungraph.gcc_6.3.0_O3.drop_25000M.length_250M,pythia_MTPS4800,0.39291,1
ligra_Triangle.com-lj.ungraph.gcc_6.3.0_O3.drop_25000M.length_250M,nopref_MTPS9600,0.28164,1
ligra_Triangle.com-lj.ungraph.gcc_6.3.0_O3.drop_25000M.length_250M,spp_MTPS9600,0.29742,1
ligra_Triangle.com-lj.ungraph.gcc_6.3.0_O3.drop_25000M.length_250M,bingo_MTPS9600,0.37413,1
ligra_Triangle.com-lj.ungraph.gcc_6.3.0_O3.drop_25000M.length_250M,mlop_MTPS9600,0.31698,1
ligra_Triangle.com-lj.ungraph.gcc_6.3.0_O3.drop_25000M.length_250M,pythia_MTPS9600,0.393,1
ligra_Triangle.com-lj.ungraph.gcc_6.3.0_O3.drop_3500M.length_250M,nopref,0.96198,1
ligra_Triangle.com-lj.ungraph.gcc_6.3.0_O3.drop_3500M.length_250M,spp,1.36122,1
ligra_Triangle.com-lj.ungraph.gcc_6.3.0_O3.drop_3500M.length_250M,bingo,1.36704,1
ligra_Triangle.com-lj.ungraph.gcc_6.3.0_O3.drop_3500M.length_250M,mlop,1.3766,1
ligra_Triangle.com-lj.ungraph.gcc_6.3.0_O3.drop_3500M.length_250M,pythia,1.37647,1
ligra_Triangle.com-lj.ungraph.gcc_6.3.0_O3.drop_3500M.length_250M,nopref_MTPS150,0.76564,1
ligra_Triangle.com-lj.ungraph.gcc_6.3.0_O3.drop_3500M.length_250M,spp_MTPS150,0.8666,1
ligra_Triangle.com-lj.ungraph.gcc_6.3.0_O3.drop_3500M.length_250M,bingo_MTPS150,0.86353,1
ligra_Triangle.com-lj.ungraph.gcc_6.3.0_O3.drop_3500M.length_250M,mlop_MTPS150,0.86571,1
ligra_Triangle.com-lj.ungraph.gcc_6.3.0_O3.drop_3500M.length_250M,pythia_MTPS150,0.86542,1
ligra_Triangle.com-lj.ungraph.gcc_6.3.0_O3.drop_3500M.length_250M,nopref_MTPS300,0.94476,1
ligra_Triangle.com-lj.ungraph.gcc_6.3.0_O3.drop_3500M.length_250M,spp_MTPS300,1.3341,1
ligra_Triangle.com-lj.ungraph.gcc_6.3.0_O3.drop_3500M.length_250M,bingo_MTPS300,1.34385,1
ligra_Triangle.com-lj.ungraph.gcc_6.3.0_O3.drop_3500M.length_250M,mlop_MTPS300,1.36199,1
ligra_Triangle.com-lj.ungraph.gcc_6.3.0_O3.drop_3500M.length_250M,pythia_MTPS300,1.36445,1
ligra_Triangle.com-lj.ungraph.gcc_6.3.0_O3.drop_3500M.length_250M,nopref_MTPS600,0.9587,1
ligra_Triangle.com-lj.ungraph.gcc_6.3.0_O3.drop_3500M.length_250M,spp_MTPS600,1.36013,1
ligra_Triangle.com-lj.ungraph.gcc_6.3.0_O3.drop_3500M.length_250M,bingo_MTPS600,1.36479,1
ligra_Triangle.com-lj.ungraph.gcc_6.3.0_O3.drop_3500M.length_250M,mlop_MTPS600,1.37583,1
ligra_Triangle.com-lj.ungraph.gcc_6.3.0_O3.drop_3500M.length_250M,pythia_MTPS600,1.37626,1
ligra_Triangle.com-lj.ungraph.gcc_6.3.0_O3.drop_3500M.length_250M,nopref_MTPS1200,0.96163,1
ligra_Triangle.com-lj.ungraph.gcc_6.3.0_O3.drop_3500M.length_250M,spp_MTPS1200,1.3611,1
ligra_Triangle.com-lj.ungraph.gcc_6.3.0_O3.drop_3500M.length_250M,bingo_MTPS1200,1.3667,1
ligra_Triangle.com-lj.ungraph.gcc_6.3.0_O3.drop_3500M.length_250M,mlop_MTPS1200,1.3766,1
ligra_Triangle.com-lj.ungraph.gcc_6.3.0_O3.drop_3500M.length_250M,pythia_MTPS1200,1.37643,1
ligra_Triangle.com-lj.ungraph.gcc_6.3.0_O3.drop_3500M.length_250M,nopref_MTPS4800,0.96202,1
ligra_Triangle.com-lj.ungraph.gcc_6.3.0_O3.drop_3500M.length_250M,spp_MTPS4800,1.36124,1
ligra_Triangle.com-lj.ungraph.gcc_6.3.0_O3.drop_3500M.length_250M,bingo_MTPS4800,1.36718,1
ligra_Triangle.com-lj.ungraph.gcc_6.3.0_O3.drop_3500M.length_250M,mlop_MTPS4800,1.3766,1
ligra_Triangle.com-lj.ungraph.gcc_6.3.0_O3.drop_3500M.length_250M,pythia_MTPS4800,1.37647,1
ligra_Triangle.com-lj.ungraph.gcc_6.3.0_O3.drop_3500M.length_250M,nopref_MTPS9600,0.96203,1
ligra_Triangle.com-lj.ungraph.gcc_6.3.0_O3.drop_3500M.length_250M,spp_MTPS9600,1.36124,1
ligra_Triangle.com-lj.ungraph.gcc_6.3.0_O3.drop_3500M.length_250M,bingo_MTPS9600,1.36724,1
ligra_Triangle.com-lj.ungraph.gcc_6.3.0_O3.drop_3500M.length_250M,mlop_MTPS9600,1.3766,1
ligra_Triangle.com-lj.ungraph.gcc_6.3.0_O3.drop_3500M.length_250M,pythia_MTPS9600,1.37648,1
ligra_Triangle.com-lj.ungraph.gcc_6.3.0_O3.drop_750M.length_250M,nopref,0.88102,1
ligra_Triangle.com-lj.ungraph.gcc_6.3.0_O3.drop_750M.length_250M,spp,1.21321,1
ligra_Triangle.com-lj.ungraph.gcc_6.3.0_O3.drop_750M.length_250M,bingo,1.20844,1
ligra_Triangle.com-lj.ungraph.gcc_6.3.0_O3.drop_750M.length_250M,mlop,1.2157,1
ligra_Triangle.com-lj.ungraph.gcc_6.3.0_O3.drop_750M.length_250M,pythia,1.21565,1
ligra_Triangle.com-lj.ungraph.gcc_6.3.0_O3.drop_750M.length_250M,nopref_MTPS150,0.82359,1
ligra_Triangle.com-lj.ungraph.gcc_6.3.0_O3.drop_750M.length_250M,spp_MTPS150,0.98469,1
ligra_Triangle.com-lj.ungraph.gcc_6.3.0_O3.drop_750M.length_250M,bingo_MTPS150,0.96817,1
ligra_Triangle.com-lj.ungraph.gcc_6.3.0_O3.drop_750M.length_250M,mlop_MTPS150,0.96762,1
ligra_Triangle.com-lj.ungraph.gcc_6.3.0_O3.drop_750M.length_250M,pythia_MTPS150,0.96294,1
ligra_Triangle.com-lj.ungraph.gcc_6.3.0_O3.drop_750M.length_250M,nopref_MTPS300,0.88093,1
ligra_Triangle.com-lj.ungraph.gcc_6.3.0_O3.drop_750M.length_250M,spp_MTPS300,1.21287,1
ligra_Triangle.com-lj.ungraph.gcc_6.3.0_O3.drop_750M.length_250M,bingo_MTPS300,1.20829,1
ligra_Triangle.com-lj.ungraph.gcc_6.3.0_O3.drop_750M.length_250M,mlop_MTPS300,1.21533,1
ligra_Triangle.com-lj.ungraph.gcc_6.3.0_O3.drop_750M.length_250M,pythia_MTPS300,1.21471,1
ligra_Triangle.com-lj.ungraph.gcc_6.3.0_O3.drop_750M.length_250M,nopref_MTPS600,0.88102,1
ligra_Triangle.com-lj.ungraph.gcc_6.3.0_O3.drop_750M.length_250M,spp_MTPS600,1.21327,1
ligra_Triangle.com-lj.ungraph.gcc_6.3.0_O3.drop_750M.length_250M,bingo_MTPS600,1.20844,1
ligra_Triangle.com-lj.ungraph.gcc_6.3.0_O3.drop_750M.length_250M,mlop_MTPS600,1.2157,1
ligra_Triangle.com-lj.ungraph.gcc_6.3.0_O3.drop_750M.length_250M,pythia_MTPS600,1.21565,1
ligra_Triangle.com-lj.ungraph.gcc_6.3.0_O3.drop_750M.length_250M,nopref_MTPS1200,0.88102,1
ligra_Triangle.com-lj.ungraph.gcc_6.3.0_O3.drop_750M.length_250M,spp_MTPS1200,1.21321,1
ligra_Triangle.com-lj.ungraph.gcc_6.3.0_O3.drop_750M.length_250M,bingo_MTPS1200,1.20844,1
ligra_Triangle.com-lj.ungraph.gcc_6.3.0_O3.drop_750M.length_250M,mlop_MTPS1200,1.2157,1
ligra_Triangle.com-lj.ungraph.gcc_6.3.0_O3.drop_750M.length_250M,pythia_MTPS1200,1.21565,1
ligra_Triangle.com-lj.ungraph.gcc_6.3.0_O3.drop_750M.length_250M,nopref_MTPS4800,0.88102,1
ligra_Triangle.com-lj.ungraph.gcc_6.3.0_O3.drop_750M.length_250M,spp_MTPS4800,1.21321,1
ligra_Triangle.com-lj.ungraph.gcc_6.3.0_O3.drop_750M.length_250M,bingo_MTPS4800,1.20844,1
ligra_Triangle.com-lj.ungraph.gcc_6.3.0_O3.drop_750M.length_250M,mlop_MTPS4800,1.2157,1
ligra_Triangle.com-lj.ungraph.gcc_6.3.0_O3.drop_750M.length_250M,pythia_MTPS4800,1.21565,1
ligra_Triangle.com-lj.ungraph.gcc_6.3.0_O3.drop_750M.length_250M,nopref_MTPS9600,0.88102,1
ligra_Triangle.com-lj.ungraph.gcc_6.3.0_O3.drop_750M.length_250M,spp_MTPS9600,1.21321,1
ligra_Triangle.com-lj.ungraph.gcc_6.3.0_O3.drop_750M.length_250M,bingo_MTPS9600,1.20844,1
ligra_Triangle.com-lj.ungraph.gcc_6.3.0_O3.drop_750M.length_250M,mlop_MTPS9600,1.2157,1
ligra_Triangle.com-lj.ungraph.gcc_6.3.0_O3.drop_750M.length_250M,pythia_MTPS9600,1.21565,1
parsec_2.1.canneal.simlarge.prebuilt.drop_1250M.length_250M,nopref,0.25787,1
parsec_2.1.canneal.simlarge.prebuilt.drop_1250M.length_250M,spp,0.26212,1
parsec_2.1.canneal.simlarge.prebuilt.drop_1250M.length_250M,bingo,0.27472,1
parsec_2.1.canneal.simlarge.prebuilt.drop_1250M.length_250M,mlop,0.2646,1
parsec_2.1.canneal.simlarge.prebuilt.drop_1250M.length_250M,pythia,0.2799,1
parsec_2.1.canneal.simlarge.prebuilt.drop_1250M.length_250M,nopref_MTPS150,0.24285,1
parsec_2.1.canneal.simlarge.prebuilt.drop_1250M.length_250M,spp_MTPS150,0.23577,1
parsec_2.1.canneal.simlarge.prebuilt.drop_1250M.length_250M,bingo_MTPS150,0.10663,1
parsec_2.1.canneal.simlarge.prebuilt.drop_1250M.length_250M,mlop_MTPS150,0.21858,1
parsec_2.1.canneal.simlarge.prebuilt.drop_1250M.length_250M,pythia_MTPS150,0.23704,1
parsec_2.1.canneal.simlarge.prebuilt.drop_1250M.length_250M,nopref_MTPS300,0.25386,1
parsec_2.1.canneal.simlarge.prebuilt.drop_1250M.length_250M,spp_MTPS300,0.25637,1
parsec_2.1.canneal.simlarge.prebuilt.drop_1250M.length_250M,bingo_MTPS300,0.16924,1
parsec_2.1.canneal.simlarge.prebuilt.drop_1250M.length_250M,mlop_MTPS300,0.25595,1
parsec_2.1.canneal.simlarge.prebuilt.drop_1250M.length_250M,pythia_MTPS300,0.26886,1
parsec_2.1.canneal.simlarge.prebuilt.drop_1250M.length_250M,nopref_MTPS600,0.25631,1
parsec_2.1.canneal.simlarge.prebuilt.drop_1250M.length_250M,spp_MTPS600,0.26045,1
parsec_2.1.canneal.simlarge.prebuilt.drop_1250M.length_250M,bingo_MTPS600,0.22847,1
parsec_2.1.canneal.simlarge.prebuilt.drop_1250M.length_250M,mlop_MTPS600,0.26234,1
parsec_2.1.canneal.simlarge.prebuilt.drop_1250M.length_250M,pythia_MTPS600,0.27656,1
parsec_2.1.canneal.simlarge.prebuilt.drop_1250M.length_250M,nopref_MTPS1200,0.25742,1
parsec_2.1.canneal.simlarge.prebuilt.drop_1250M.length_250M,spp_MTPS1200,0.26147,1
parsec_2.1.canneal.simlarge.prebuilt.drop_1250M.length_250M,bingo_MTPS1200,0.26419,1
parsec_2.1.canneal.simlarge.prebuilt.drop_1250M.length_250M,mlop_MTPS1200,0.26399,1
parsec_2.1.canneal.simlarge.prebuilt.drop_1250M.length_250M,pythia_MTPS1200,0.27952,1
parsec_2.1.canneal.simlarge.prebuilt.drop_1250M.length_250M,nopref_MTPS4800,0.25796,1
parsec_2.1.canneal.simlarge.prebuilt.drop_1250M.length_250M,spp_MTPS4800,0.26306,1
parsec_2.1.canneal.simlarge.prebuilt.drop_1250M.length_250M,bingo_MTPS4800,0.27679,1
parsec_2.1.canneal.simlarge.prebuilt.drop_1250M.length_250M,mlop_MTPS4800,0.26494,1
parsec_2.1.canneal.simlarge.prebuilt.drop_1250M.length_250M,pythia_MTPS4800,0.2801,1
parsec_2.1.canneal.simlarge.prebuilt.drop_1250M.length_250M,nopref_MTPS9600,0.25792,1
parsec_2.1.canneal.simlarge.prebuilt.drop_1250M.length_250M,spp_MTPS9600,0.26292,1
parsec_2.1.canneal.simlarge.prebuilt.drop_1250M.length_250M,bingo_MTPS9600,0.27698,1
parsec_2.1.canneal.simlarge.prebuilt.drop_1250M.length_250M,mlop_MTPS9600,0.26495,1
parsec_2.1.canneal.simlarge.prebuilt.drop_1250M.length_250M,pythia_MTPS9600,0.2801,1
parsec_2.1.canneal.simlarge.prebuilt.drop_3000M.length_250M,nopref,0.2205,1
parsec_2.1.canneal.simlarge.prebuilt.drop_3000M.length_250M,spp,0.22256,1
parsec_2.1.canneal.simlarge.prebuilt.drop_3000M.length_250M,bingo,0.23719,1
parsec_2.1.canneal.simlarge.prebuilt.drop_3000M.length_250M,mlop,0.22594,1
parsec_2.1.canneal.simlarge.prebuilt.drop_3000M.length_250M,pythia,0.24076,1
parsec_2.1.canneal.simlarge.prebuilt.drop_3000M.length_250M,nopref_MTPS150,0.20525,1
parsec_2.1.canneal.simlarge.prebuilt.drop_3000M.length_250M,spp_MTPS150,0.19682,1
parsec_2.1.canneal.simlarge.prebuilt.drop_3000M.length_250M,bingo_MTPS150,0.08497,1
parsec_2.1.canneal.simlarge.prebuilt.drop_3000M.length_250M,mlop_MTPS150,0.17984,1
parsec_2.1.canneal.simlarge.prebuilt.drop_3000M.length_250M,pythia_MTPS150,0.19721,1
parsec_2.1.canneal.simlarge.prebuilt.drop_3000M.length_250M,nopref_MTPS300,0.21631,1
parsec_2.1.canneal.simlarge.prebuilt.drop_3000M.length_250M,spp_MTPS300,0.21705,1
parsec_2.1.canneal.simlarge.prebuilt.drop_3000M.length_250M,bingo_MTPS300,0.13918,1
parsec_2.1.canneal.simlarge.prebuilt.drop_3000M.length_250M,mlop_MTPS300,0.21695,1
parsec_2.1.canneal.simlarge.prebuilt.drop_3000M.length_250M,pythia_MTPS300,0.22944,1
parsec_2.1.canneal.simlarge.prebuilt.drop_3000M.length_250M,nopref_MTPS600,0.21887,1
parsec_2.1.canneal.simlarge.prebuilt.drop_3000M.length_250M,spp_MTPS600,0.2204,1
parsec_2.1.canneal.simlarge.prebuilt.drop_3000M.length_250M,bingo_MTPS600,0.19353,1
parsec_2.1.canneal.simlarge.prebuilt.drop_3000M.length_250M,mlop_MTPS600,0.22358,1
parsec_2.1.canneal.simlarge.prebuilt.drop_3000M.length_250M,pythia_MTPS600,0.23729,1
parsec_2.1.canneal.simlarge.prebuilt.drop_3000M.length_250M,nopref_MTPS1200,0.22003,1
parsec_2.1.canneal.simlarge.prebuilt.drop_3000M.length_250M,spp_MTPS1200,0.22207,1
parsec_2.1.canneal.simlarge.prebuilt.drop_3000M.length_250M,bingo_MTPS1200,0.22726,1
parsec_2.1.canneal.simlarge.prebuilt.drop_3000M.length_250M,mlop_MTPS1200,0.22531,1
parsec_2.1.canneal.simlarge.prebuilt.drop_3000M.length_250M,pythia_MTPS1200,0.24036,1
parsec_2.1.canneal.simlarge.prebuilt.drop_3000M.length_250M,nopref_MTPS4800,0.2206,1
parsec_2.1.canneal.simlarge.prebuilt.drop_3000M.length_250M,spp_MTPS4800,0.22276,1
parsec_2.1.canneal.simlarge.prebuilt.drop_3000M.length_250M,bingo_MTPS4800,0.23912,1
parsec_2.1.canneal.simlarge.prebuilt.drop_3000M.length_250M,mlop_MTPS4800,0.22628,1
parsec_2.1.canneal.simlarge.prebuilt.drop_3000M.length_250M,pythia_MTPS4800,0.241,1
parsec_2.1.canneal.simlarge.prebuilt.drop_3000M.length_250M,nopref_MTPS9600,0.22056,1
parsec_2.1.canneal.simlarge.prebuilt.drop_3000M.length_250M,spp_MTPS9600,0.22284,1
parsec_2.1.canneal.simlarge.prebuilt.drop_3000M.length_250M,bingo_MTPS9600,0.23926,1
parsec_2.1.canneal.simlarge.prebuilt.drop_3000M.length_250M,mlop_MTPS9600,0.22631,1
parsec_2.1.canneal.simlarge.prebuilt.drop_3000M.length_250M,pythia_MTPS9600,0.24098,1
parsec_2.1.canneal.simlarge.prebuilt.drop_4500M.length_250M,nopref,0.19497,1
parsec_2.1.canneal.simlarge.prebuilt.drop_4500M.length_250M,spp,0.1963,1
parsec_2.1.canneal.simlarge.prebuilt.drop_4500M.length_250M,bingo,0.20868,1
parsec_2.1.canneal.simlarge.prebuilt.drop_4500M.length_250M,mlop,0.19686,1
parsec_2.1.canneal.simlarge.prebuilt.drop_4500M.length_250M,pythia,0.20943,1
parsec_2.1.canneal.simlarge.prebuilt.drop_4500M.length_250M,nopref_MTPS150,0.16648,1
parsec_2.1.canneal.simlarge.prebuilt.drop_4500M.length_250M,spp_MTPS150,0.15807,1
parsec_2.1.canneal.simlarge.prebuilt.drop_4500M.length_250M,bingo_MTPS150,0.07177,1
parsec_2.1.canneal.simlarge.prebuilt.drop_4500M.length_250M,mlop_MTPS150,0.15781,1
parsec_2.1.canneal.simlarge.prebuilt.drop_4500M.length_250M,pythia_MTPS150,0.14657,1
parsec_2.1.canneal.simlarge.prebuilt.drop_4500M.length_250M,nopref_MTPS300,0.19193,1
parsec_2.1.canneal.simlarge.prebuilt.drop_4500M.length_250M,spp_MTPS300,0.1913,1
parsec_2.1.canneal.simlarge.prebuilt.drop_4500M.length_250M,bingo_MTPS300,0.1266,1
parsec_2.1.canneal.simlarge.prebuilt.drop_4500M.length_250M,mlop_MTPS300,0.19196,1
parsec_2.1.canneal.simlarge.prebuilt.drop_4500M.length_250M,pythia_MTPS300,0.19833,1
parsec_2.1.canneal.simlarge.prebuilt.drop_4500M.length_250M,nopref_MTPS600,0.19391,1
parsec_2.1.canneal.simlarge.prebuilt.drop_4500M.length_250M,spp_MTPS600,0.19502,1
parsec_2.1.canneal.simlarge.prebuilt.drop_4500M.length_250M,bingo_MTPS600,0.17909,1
parsec_2.1.canneal.simlarge.prebuilt.drop_4500M.length_250M,mlop_MTPS600,0.19551,1
parsec_2.1.canneal.simlarge.prebuilt.drop_4500M.length_250M,pythia_MTPS600,0.20679,1
parsec_2.1.canneal.simlarge.prebuilt.drop_4500M.length_250M,nopref_MTPS1200,0.19467,1
parsec_2.1.canneal.simlarge.prebuilt.drop_4500M.length_250M,spp_MTPS1200,0.19582,1
parsec_2.1.canneal.simlarge.prebuilt.drop_4500M.length_250M,bingo_MTPS1200,0.20298,1
parsec_2.1.canneal.simlarge.prebuilt.drop_4500M.length_250M,mlop_MTPS1200,0.19647,1
parsec_2.1.canneal.simlarge.prebuilt.drop_4500M.length_250M,pythia_MTPS1200,0.20884,1
parsec_2.1.canneal.simlarge.prebuilt.drop_4500M.length_250M,nopref_MTPS4800,0.19505,1
parsec_2.1.canneal.simlarge.prebuilt.drop_4500M.length_250M,spp_MTPS4800,0.19645,1
parsec_2.1.canneal.simlarge.prebuilt.drop_4500M.length_250M,bingo_MTPS4800,0.20972,1
parsec_2.1.canneal.simlarge.prebuilt.drop_4500M.length_250M,mlop_MTPS4800,0.19701,1
parsec_2.1.canneal.simlarge.prebuilt.drop_4500M.length_250M,pythia_MTPS4800,0.20964,1
parsec_2.1.canneal.simlarge.prebuilt.drop_4500M.length_250M,nopref_MTPS9600,0.19502,1
parsec_2.1.canneal.simlarge.prebuilt.drop_4500M.length_250M,spp_MTPS9600,0.1965,1
parsec_2.1.canneal.simlarge.prebuilt.drop_4500M.length_250M,bingo_MTPS9600,0.20985,1
parsec_2.1.canneal.simlarge.prebuilt.drop_4500M.length_250M,mlop_MTPS9600,0.197,1
parsec_2.1.canneal.simlarge.prebuilt.drop_4500M.length_250M,pythia_MTPS9600,0.20968,1
parsec_2.1.canneal.simlarge.prebuilt.drop_4750M.length_250M,nopref,0.17754,1
parsec_2.1.canneal.simlarge.prebuilt.drop_4750M.length_250M,spp,0.17898,1
parsec_2.1.canneal.simlarge.prebuilt.drop_4750M.length_250M,bingo,0.18906,1
parsec_2.1.canneal.simlarge.prebuilt.drop_4750M.length_250M,mlop,0.17754,1
parsec_2.1.canneal.simlarge.prebuilt.drop_4750M.length_250M,pythia,0.18817,1
parsec_2.1.canneal.simlarge.prebuilt.drop_4750M.length_250M,nopref_MTPS150,0.14397,1
parsec_2.1.canneal.simlarge.prebuilt.drop_4750M.length_250M,spp_MTPS150,0.12314,1
parsec_2.1.canneal.simlarge.prebuilt.drop_4750M.length_250M,bingo_MTPS150,0.06212,1
parsec_2.1.canneal.simlarge.prebuilt.drop_4750M.length_250M,mlop_MTPS150,0.14397,1
parsec_2.1.canneal.simlarge.prebuilt.drop_4750M.length_250M,pythia_MTPS150,0.12148,1
parsec_2.1.canneal.simlarge.prebuilt.drop_4750M.length_250M,nopref_MTPS300,0.17528,1
parsec_2.1.canneal.simlarge.prebuilt.drop_4750M.length_250M,spp_MTPS300,0.17127,1
parsec_2.1.canneal.simlarge.prebuilt.drop_4750M.length_250M,bingo_MTPS300,0.1155,1
parsec_2.1.canneal.simlarge.prebuilt.drop_4750M.length_250M,mlop_MTPS300,0.17528,1
parsec_2.1.canneal.simlarge.prebuilt.drop_4750M.length_250M,pythia_MTPS300,0.17725,1
parsec_2.1.canneal.simlarge.prebuilt.drop_4750M.length_250M,nopref_MTPS600,0.17686,1
parsec_2.1.canneal.simlarge.prebuilt.drop_4750M.length_250M,spp_MTPS600,0.17769,1
parsec_2.1.canneal.simlarge.prebuilt.drop_4750M.length_250M,bingo_MTPS600,0.16648,1
parsec_2.1.canneal.simlarge.prebuilt.drop_4750M.length_250M,mlop_MTPS600,0.17686,1
parsec_2.1.canneal.simlarge.prebuilt.drop_4750M.length_250M,pythia_MTPS600,0.18593,1
parsec_2.1.canneal.simlarge.prebuilt.drop_4750M.length_250M,nopref_MTPS1200,0.17734,1
parsec_2.1.canneal.simlarge.prebuilt.drop_4750M.length_250M,spp_MTPS1200,0.17866,1
parsec_2.1.canneal.simlarge.prebuilt.drop_4750M.length_250M,bingo_MTPS1200,0.18539,1
parsec_2.1.canneal.simlarge.prebuilt.drop_4750M.length_250M,mlop_MTPS1200,0.17734,1
parsec_2.1.canneal.simlarge.prebuilt.drop_4750M.length_250M,pythia_MTPS1200,0.1875,1
parsec_2.1.canneal.simlarge.prebuilt.drop_4750M.length_250M,nopref_MTPS4800,0.17759,1
parsec_2.1.canneal.simlarge.prebuilt.drop_4750M.length_250M,spp_MTPS4800,0.17908,1
parsec_2.1.canneal.simlarge.prebuilt.drop_4750M.length_250M,bingo_MTPS4800,0.18964,1
parsec_2.1.canneal.simlarge.prebuilt.drop_4750M.length_250M,mlop_MTPS4800,0.17759,1
parsec_2.1.canneal.simlarge.prebuilt.drop_4750M.length_250M,pythia_MTPS4800,0.1884,1
parsec_2.1.canneal.simlarge.prebuilt.drop_4750M.length_250M,nopref_MTPS9600,0.17757,1
parsec_2.1.canneal.simlarge.prebuilt.drop_4750M.length_250M,spp_MTPS9600,0.17906,1
parsec_2.1.canneal.simlarge.prebuilt.drop_4750M.length_250M,bingo_MTPS9600,0.18975,1
parsec_2.1.canneal.simlarge.prebuilt.drop_4750M.length_250M,mlop_MTPS9600,0.17757,1
parsec_2.1.canneal.simlarge.prebuilt.drop_4750M.length_250M,pythia_MTPS9600,0.18842,1
parsec_2.1.canneal.simlarge.prebuilt.drop_500M.length_250M,nopref,0.30651,1
parsec_2.1.canneal.simlarge.prebuilt.drop_500M.length_250M,spp,0.312,1
parsec_2.1.canneal.simlarge.prebuilt.drop_500M.length_250M,bingo,0.32356,1
parsec_2.1.canneal.simlarge.prebuilt.drop_500M.length_250M,mlop,0.31376,1
parsec_2.1.canneal.simlarge.prebuilt.drop_500M.length_250M,pythia,0.32999,1
parsec_2.1.canneal.simlarge.prebuilt.drop_500M.length_250M,nopref_MTPS150,0.29231,1
parsec_2.1.canneal.simlarge.prebuilt.drop_500M.length_250M,spp_MTPS150,0.28699,1
parsec_2.1.canneal.simlarge.prebuilt.drop_500M.length_250M,bingo_MTPS150,0.14027,1
parsec_2.1.canneal.simlarge.prebuilt.drop_500M.length_250M,mlop_MTPS150,0.27065,1
parsec_2.1.canneal.simlarge.prebuilt.drop_500M.length_250M,pythia_MTPS150,0.29119,1
parsec_2.1.canneal.simlarge.prebuilt.drop_500M.length_250M,nopref_MTPS300,0.30285,1
parsec_2.1.canneal.simlarge.prebuilt.drop_500M.length_250M,spp_MTPS300,0.30623,1
parsec_2.1.canneal.simlarge.prebuilt.drop_500M.length_250M,bingo_MTPS300,0.2131,1
parsec_2.1.canneal.simlarge.prebuilt.drop_500M.length_250M,mlop_MTPS300,0.30578,1
parsec_2.1.canneal.simlarge.prebuilt.drop_500M.length_250M,pythia_MTPS300,0.32035,1
parsec_2.1.canneal.simlarge.prebuilt.drop_500M.length_250M,nopref_MTPS600,0.30509,1
parsec_2.1.canneal.simlarge.prebuilt.drop_500M.length_250M,spp_MTPS600,0.30961,1
parsec_2.1.canneal.simlarge.prebuilt.drop_500M.length_250M,bingo_MTPS600,0.27643,1
parsec_2.1.canneal.simlarge.prebuilt.drop_500M.length_250M,mlop_MTPS600,0.31168,1
parsec_2.1.canneal.simlarge.prebuilt.drop_500M.length_250M,pythia_MTPS600,0.32705,1
parsec_2.1.canneal.simlarge.prebuilt.drop_500M.length_250M,nopref_MTPS1200,0.30609,1
parsec_2.1.canneal.simlarge.prebuilt.drop_500M.length_250M,spp_MTPS1200,0.31175,1
parsec_2.1.canneal.simlarge.prebuilt.drop_500M.length_250M,bingo_MTPS1200,0.31273,1
parsec_2.1.canneal.simlarge.prebuilt.drop_500M.length_250M,mlop_MTPS1200,0.3132,1
parsec_2.1.canneal.simlarge.prebuilt.drop_500M.length_250M,pythia_MTPS1200,0.32966,1
parsec_2.1.canneal.simlarge.prebuilt.drop_500M.length_250M,nopref_MTPS4800,0.3066,1
parsec_2.1.canneal.simlarge.prebuilt.drop_500M.length_250M,spp_MTPS4800,0.31192,1
parsec_2.1.canneal.simlarge.prebuilt.drop_500M.length_250M,bingo_MTPS4800,0.32575,1
parsec_2.1.canneal.simlarge.prebuilt.drop_500M.length_250M,mlop_MTPS4800,0.31404,1
parsec_2.1.canneal.simlarge.prebuilt.drop_500M.length_250M,pythia_MTPS4800,0.33016,1
parsec_2.1.canneal.simlarge.prebuilt.drop_500M.length_250M,nopref_MTPS9600,0.30657,1
parsec_2.1.canneal.simlarge.prebuilt.drop_500M.length_250M,spp_MTPS9600,0.31258,1
parsec_2.1.canneal.simlarge.prebuilt.drop_500M.length_250M,bingo_MTPS9600,0.32599,1
parsec_2.1.canneal.simlarge.prebuilt.drop_500M.length_250M,mlop_MTPS9600,0.31406,1
parsec_2.1.canneal.simlarge.prebuilt.drop_500M.length_250M,pythia_MTPS9600,0.33023,1
parsec_2.1.facesim.simlarge.prebuilt.drop_1500M.length_250M,nopref,0.35366,1
parsec_2.1.facesim.simlarge.prebuilt.drop_1500M.length_250M,spp,0.38699,1
parsec_2.1.facesim.simlarge.prebuilt.drop_1500M.length_250M,bingo,0.41488,1
parsec_2.1.facesim.simlarge.prebuilt.drop_1500M.length_250M,mlop,0.38783,1
parsec_2.1.facesim.simlarge.prebuilt.drop_1500M.length_250M,pythia,0.41539,1
parsec_2.1.facesim.simlarge.prebuilt.drop_1500M.length_250M,nopref_MTPS150,0.2554,1
parsec_2.1.facesim.simlarge.prebuilt.drop_1500M.length_250M,spp_MTPS150,0.25778,1
parsec_2.1.facesim.simlarge.prebuilt.drop_1500M.length_250M,bingo_MTPS150,0.16156,1
parsec_2.1.facesim.simlarge.prebuilt.drop_1500M.length_250M,mlop_MTPS150,0.2546,1
parsec_2.1.facesim.simlarge.prebuilt.drop_1500M.length_250M,pythia_MTPS150,0.25719,1
parsec_2.1.facesim.simlarge.prebuilt.drop_1500M.length_250M,nopref_MTPS300,0.31302,1
parsec_2.1.facesim.simlarge.prebuilt.drop_1500M.length_250M,spp_MTPS300,0.33078,1
parsec_2.1.facesim.simlarge.prebuilt.drop_1500M.length_250M,bingo_MTPS300,0.25626,1
parsec_2.1.facesim.simlarge.prebuilt.drop_1500M.length_250M,mlop_MTPS300,0.32974,1
parsec_2.1.facesim.simlarge.prebuilt.drop_1500M.length_250M,pythia_MTPS300,0.34384,1
parsec_2.1.facesim.simlarge.prebuilt.drop_1500M.length_250M,nopref_MTPS600,0.33749,1
parsec_2.1.facesim.simlarge.prebuilt.drop_1500M.length_250M,spp_MTPS600,0.36537,1
parsec_2.1.facesim.simlarge.prebuilt.drop_1500M.length_250M,bingo_MTPS600,0.3401,1
parsec_2.1.facesim.simlarge.prebuilt.drop_1500M.length_250M,mlop_MTPS600,0.36526,1
parsec_2.1.facesim.simlarge.prebuilt.drop_1500M.length_250M,pythia_MTPS600,0.3878,1
parsec_2.1.facesim.simlarge.prebuilt.drop_1500M.length_250M,nopref_MTPS1200,0.34792,1
parsec_2.1.facesim.simlarge.prebuilt.drop_1500M.length_250M,spp_MTPS1200,0.38006,1
parsec_2.1.facesim.simlarge.prebuilt.drop_1500M.length_250M,bingo_MTPS1200,0.39275,1
parsec_2.1.facesim.simlarge.prebuilt.drop_1500M.length_250M,mlop_MTPS1200,0.38037,1
parsec_2.1.facesim.simlarge.prebuilt.drop_1500M.length_250M,pythia_MTPS1200,0.4067,1
parsec_2.1.facesim.simlarge.prebuilt.drop_1500M.length_250M,nopref_MTPS4800,0.35679,1
parsec_2.1.facesim.simlarge.prebuilt.drop_1500M.length_250M,spp_MTPS4800,0.3908,1
parsec_2.1.facesim.simlarge.prebuilt.drop_1500M.length_250M,bingo_MTPS4800,0.42302,1
parsec_2.1.facesim.simlarge.prebuilt.drop_1500M.length_250M,mlop_MTPS4800,0.39147,1
parsec_2.1.facesim.simlarge.prebuilt.drop_1500M.length_250M,pythia_MTPS4800,0.4201,1
parsec_2.1.facesim.simlarge.prebuilt.drop_1500M.length_250M,nopref_MTPS9600,0.35751,1
parsec_2.1.facesim.simlarge.prebuilt.drop_1500M.length_250M,spp_MTPS9600,0.39188,1
parsec_2.1.facesim.simlarge.prebuilt.drop_1500M.length_250M,bingo_MTPS9600,0.42492,1
parsec_2.1.facesim.simlarge.prebuilt.drop_1500M.length_250M,mlop_MTPS9600,0.39274,1
parsec_2.1.facesim.simlarge.prebuilt.drop_1500M.length_250M,pythia_MTPS9600,0.4214,1
parsec_2.1.fluidanimate.simlarge.prebuilt.drop_9500M.length_250M,nopref,0.5224,1
parsec_2.1.fluidanimate.simlarge.prebuilt.drop_9500M.length_250M,spp,0.62282,1
parsec_2.1.fluidanimate.simlarge.prebuilt.drop_9500M.length_250M,bingo,0.65099,1
parsec_2.1.fluidanimate.simlarge.prebuilt.drop_9500M.length_250M,mlop,0.63109,1
parsec_2.1.fluidanimate.simlarge.prebuilt.drop_9500M.length_250M,pythia,0.60232,1
parsec_2.1.fluidanimate.simlarge.prebuilt.drop_9500M.length_250M,nopref_MTPS150,0.27911,1
parsec_2.1.fluidanimate.simlarge.prebuilt.drop_9500M.length_250M,spp_MTPS150,0.28237,1
parsec_2.1.fluidanimate.simlarge.prebuilt.drop_9500M.length_250M,bingo_MTPS150,0.26083,1
parsec_2.1.fluidanimate.simlarge.prebuilt.drop_9500M.length_250M,mlop_MTPS150,0.27843,1
parsec_2.1.fluidanimate.simlarge.prebuilt.drop_9500M.length_250M,pythia_MTPS150,0.27615,1
parsec_2.1.fluidanimate.simlarge.prebuilt.drop_9500M.length_250M,nopref_MTPS300,0.40294,1
parsec_2.1.fluidanimate.simlarge.prebuilt.drop_9500M.length_250M,spp_MTPS300,0.4302,1
parsec_2.1.fluidanimate.simlarge.prebuilt.drop_9500M.length_250M,bingo_MTPS300,0.40812,1
parsec_2.1.fluidanimate.simlarge.prebuilt.drop_9500M.length_250M,mlop_MTPS300,0.42662,1
parsec_2.1.fluidanimate.simlarge.prebuilt.drop_9500M.length_250M,pythia_MTPS300,0.4189,1
parsec_2.1.fluidanimate.simlarge.prebuilt.drop_9500M.length_250M,nopref_MTPS600,0.48178,1
parsec_2.1.fluidanimate.simlarge.prebuilt.drop_9500M.length_250M,spp_MTPS600,0.54977,1
parsec_2.1.fluidanimate.simlarge.prebuilt.drop_9500M.length_250M,bingo_MTPS600,0.5434,1
parsec_2.1.fluidanimate.simlarge.prebuilt.drop_9500M.length_250M,mlop_MTPS600,0.55877,1
parsec_2.1.fluidanimate.simlarge.prebuilt.drop_9500M.length_250M,pythia_MTPS600,0.52888,1
parsec_2.1.fluidanimate.simlarge.prebuilt.drop_9500M.length_250M,nopref_MTPS1200,0.51184,1
parsec_2.1.fluidanimate.simlarge.prebuilt.drop_9500M.length_250M,spp_MTPS1200,0.60352,1
parsec_2.1.fluidanimate.simlarge.prebuilt.drop_9500M.length_250M,bingo_MTPS1200,0.62236,1
parsec_2.1.fluidanimate.simlarge.prebuilt.drop_9500M.length_250M,mlop_MTPS1200,0.61651,1
parsec_2.1.fluidanimate.simlarge.prebuilt.drop_9500M.length_250M,pythia_MTPS1200,0.58195,1
parsec_2.1.fluidanimate.simlarge.prebuilt.drop_9500M.length_250M,nopref_MTPS4800,0.52686,1
parsec_2.1.fluidanimate.simlarge.prebuilt.drop_9500M.length_250M,spp_MTPS4800,0.62964,1
parsec_2.1.fluidanimate.simlarge.prebuilt.drop_9500M.length_250M,bingo_MTPS4800,0.66088,1
parsec_2.1.fluidanimate.simlarge.prebuilt.drop_9500M.length_250M,mlop_MTPS4800,0.63712,1
parsec_2.1.fluidanimate.simlarge.prebuilt.drop_9500M.length_250M,pythia_MTPS4800,0.61056,1
parsec_2.1.fluidanimate.simlarge.prebuilt.drop_9500M.length_250M,nopref_MTPS9600,0.52849,1
parsec_2.1.fluidanimate.simlarge.prebuilt.drop_9500M.length_250M,spp_MTPS9600,0.63143,1
parsec_2.1.fluidanimate.simlarge.prebuilt.drop_9500M.length_250M,bingo_MTPS9600,0.66297,1
parsec_2.1.fluidanimate.simlarge.prebuilt.drop_9500M.length_250M,mlop_MTPS9600,0.63923,1
parsec_2.1.fluidanimate.simlarge.prebuilt.drop_9500M.length_250M,pythia_MTPS9600,0.6126,1
parsec_2.1.streamcluster.simlarge.prebuilt.drop_0M.length_250M,nopref,0.48252,1
parsec_2.1.streamcluster.simlarge.prebuilt.drop_0M.length_250M,spp,0.68292,1
parsec_2.1.streamcluster.simlarge.prebuilt.drop_0M.length_250M,bingo,0.70758,1
parsec_2.1.streamcluster.simlarge.prebuilt.drop_0M.length_250M,mlop,0.62049,1
parsec_2.1.streamcluster.simlarge.prebuilt.drop_0M.length_250M,pythia,0.64799,1
parsec_2.1.streamcluster.simlarge.prebuilt.drop_0M.length_250M,nopref_MTPS150,0.34187,1
parsec_2.1.streamcluster.simlarge.prebuilt.drop_0M.length_250M,spp_MTPS150,0.26911,1
parsec_2.1.streamcluster.simlarge.prebuilt.drop_0M.length_250M,bingo_MTPS150,0.21368,1
parsec_2.1.streamcluster.simlarge.prebuilt.drop_0M.length_250M,mlop_MTPS150,0.2568,1
parsec_2.1.streamcluster.simlarge.prebuilt.drop_0M.length_250M,pythia_MTPS150,0.28581,1
parsec_2.1.streamcluster.simlarge.prebuilt.drop_0M.length_250M,nopref_MTPS300,0.43541,1
parsec_2.1.streamcluster.simlarge.prebuilt.drop_0M.length_250M,spp_MTPS300,0.45134,1
parsec_2.1.streamcluster.simlarge.prebuilt.drop_0M.length_250M,bingo_MTPS300,0.36378,1
parsec_2.1.streamcluster.simlarge.prebuilt.drop_0M.length_250M,mlop_MTPS300,0.40274,1
parsec_2.1.streamcluster.simlarge.prebuilt.drop_0M.length_250M,pythia_MTPS300,0.46265,1
parsec_2.1.streamcluster.simlarge.prebuilt.drop_0M.length_250M,nopref_MTPS600,0.46675,1
parsec_2.1.streamcluster.simlarge.prebuilt.drop_0M.length_250M,spp_MTPS600,0.6073,1
parsec_2.1.streamcluster.simlarge.prebuilt.drop_0M.length_250M,bingo_MTPS600,0.53851,1
parsec_2.1.streamcluster.simlarge.prebuilt.drop_0M.length_250M,mlop_MTPS600,0.52023,1
parsec_2.1.streamcluster.simlarge.prebuilt.drop_0M.length_250M,pythia_MTPS600,0.59263,1
parsec_2.1.streamcluster.simlarge.prebuilt.drop_0M.length_250M,nopref_MTPS1200,0.4792,1
parsec_2.1.streamcluster.simlarge.prebuilt.drop_0M.length_250M,spp_MTPS1200,0.668,1
parsec_2.1.streamcluster.simlarge.prebuilt.drop_0M.length_250M,bingo_MTPS1200,0.65966,1
parsec_2.1.streamcluster.simlarge.prebuilt.drop_0M.length_250M,mlop_MTPS1200,0.59679,1
parsec_2.1.streamcluster.simlarge.prebuilt.drop_0M.length_250M,pythia_MTPS1200,0.63797,1
parsec_2.1.streamcluster.simlarge.prebuilt.drop_0M.length_250M,nopref_MTPS4800,0.48344,1
parsec_2.1.streamcluster.simlarge.prebuilt.drop_0M.length_250M,spp_MTPS4800,0.68663,1
parsec_2.1.streamcluster.simlarge.prebuilt.drop_0M.length_250M,bingo_MTPS4800,0.72297,1
parsec_2.1.streamcluster.simlarge.prebuilt.drop_0M.length_250M,mlop_MTPS4800,0.62539,1
parsec_2.1.streamcluster.simlarge.prebuilt.drop_0M.length_250M,pythia_MTPS4800,0.65045,1
parsec_2.1.streamcluster.simlarge.prebuilt.drop_0M.length_250M,nopref_MTPS9600,0.48376,1
parsec_2.1.streamcluster.simlarge.prebuilt.drop_0M.length_250M,spp_MTPS9600,0.68798,1
parsec_2.1.streamcluster.simlarge.prebuilt.drop_0M.length_250M,bingo_MTPS9600,0.72417,1
parsec_2.1.streamcluster.simlarge.prebuilt.drop_0M.length_250M,mlop_MTPS9600,0.62634,1
parsec_2.1.streamcluster.simlarge.prebuilt.drop_0M.length_250M,pythia_MTPS9600,0.65125,1
parsec_2.1.streamcluster.simlarge.prebuilt.drop_14750M.length_250M,nopref,0.52331,1
parsec_2.1.streamcluster.simlarge.prebuilt.drop_14750M.length_250M,spp,0.85807,1
parsec_2.1.streamcluster.simlarge.prebuilt.drop_14750M.length_250M,bingo,0.87969,1
parsec_2.1.streamcluster.simlarge.prebuilt.drop_14750M.length_250M,mlop,0.75792,1
parsec_2.1.streamcluster.simlarge.prebuilt.drop_14750M.length_250M,pythia,0.77385,1
parsec_2.1.streamcluster.simlarge.prebuilt.drop_14750M.length_250M,nopref_MTPS150,0.35418,1
parsec_2.1.streamcluster.simlarge.prebuilt.drop_14750M.length_250M,spp_MTPS150,0.25982,1
parsec_2.1.streamcluster.simlarge.prebuilt.drop_14750M.length_250M,bingo_MTPS150,0.19473,1
parsec_2.1.streamcluster.simlarge.prebuilt.drop_14750M.length_250M,mlop_MTPS150,0.23269,1
parsec_2.1.streamcluster.simlarge.prebuilt.drop_14750M.length_250M,pythia_MTPS150,0.29514,1
parsec_2.1.streamcluster.simlarge.prebuilt.drop_14750M.length_250M,nopref_MTPS300,0.4738,1
parsec_2.1.streamcluster.simlarge.prebuilt.drop_14750M.length_250M,spp_MTPS300,0.48929,1
parsec_2.1.streamcluster.simlarge.prebuilt.drop_14750M.length_250M,bingo_MTPS300,0.35723,1
parsec_2.1.streamcluster.simlarge.prebuilt.drop_14750M.length_250M,mlop_MTPS300,0.40788,1
parsec_2.1.streamcluster.simlarge.prebuilt.drop_14750M.length_250M,pythia_MTPS300,0.5173,1
parsec_2.1.streamcluster.simlarge.prebuilt.drop_14750M.length_250M,nopref_MTPS600,0.50975,1
parsec_2.1.streamcluster.simlarge.prebuilt.drop_14750M.length_250M,spp_MTPS600,0.7408,1
parsec_2.1.streamcluster.simlarge.prebuilt.drop_14750M.length_250M,bingo_MTPS600,0.58489,1
parsec_2.1.streamcluster.simlarge.prebuilt.drop_14750M.length_250M,mlop_MTPS600,0.5888,1
parsec_2.1.streamcluster.simlarge.prebuilt.drop_14750M.length_250M,pythia_MTPS600,0.69786,1
parsec_2.1.streamcluster.simlarge.prebuilt.drop_14750M.length_250M,nopref_MTPS1200,0.52209,1
parsec_2.1.streamcluster.simlarge.prebuilt.drop_14750M.length_250M,spp_MTPS1200,0.83994,1
parsec_2.1.streamcluster.simlarge.prebuilt.drop_14750M.length_250M,bingo_MTPS1200,0.78819,1
parsec_2.1.streamcluster.simlarge.prebuilt.drop_14750M.length_250M,mlop_MTPS1200,0.71966,1
parsec_2.1.streamcluster.simlarge.prebuilt.drop_14750M.length_250M,pythia_MTPS1200,0.76429,1
parsec_2.1.streamcluster.simlarge.prebuilt.drop_14750M.length_250M,nopref_MTPS4800,0.52302,1
parsec_2.1.streamcluster.simlarge.prebuilt.drop_14750M.length_250M,spp_MTPS4800,0.8574,1
parsec_2.1.streamcluster.simlarge.prebuilt.drop_14750M.length_250M,bingo_MTPS4800,0.9101,1
parsec_2.1.streamcluster.simlarge.prebuilt.drop_14750M.length_250M,mlop_MTPS4800,0.76211,1
parsec_2.1.streamcluster.simlarge.prebuilt.drop_14750M.length_250M,pythia_MTPS4800,0.77249,1
parsec_2.1.streamcluster.simlarge.prebuilt.drop_14750M.length_250M,nopref_MTPS9600,0.52304,1
parsec_2.1.streamcluster.simlarge.prebuilt.drop_14750M.length_250M,spp_MTPS9600,0.85773,1
parsec_2.1.streamcluster.simlarge.prebuilt.drop_14750M.length_250M,bingo_MTPS9600,0.91106,1
parsec_2.1.streamcluster.simlarge.prebuilt.drop_14750M.length_250M,mlop_MTPS9600,0.76265,1
parsec_2.1.streamcluster.simlarge.prebuilt.drop_14750M.length_250M,pythia_MTPS9600,0.77257,1
parsec_2.1.raytrace.simlarge.prebuilt.drop_23500M.length_250M,nopref,0.63798,1
parsec_2.1.raytrace.simlarge.prebuilt.drop_23500M.length_250M,spp,0.9013,1
parsec_2.1.raytrace.simlarge.prebuilt.drop_23500M.length_250M,bingo,0.91336,1
parsec_2.1.raytrace.simlarge.prebuilt.drop_23500M.length_250M,mlop,0.9249,1
parsec_2.1.raytrace.simlarge.prebuilt.drop_23500M.length_250M,pythia,0.9402,1
parsec_2.1.raytrace.simlarge.prebuilt.drop_23500M.length_250M,nopref_MTPS150,0.45853,1
parsec_2.1.raytrace.simlarge.prebuilt.drop_23500M.length_250M,spp_MTPS150,0.51153,1
parsec_2.1.raytrace.simlarge.prebuilt.drop_23500M.length_250M,bingo_MTPS150,0.50614,1
parsec_2.1.raytrace.simlarge.prebuilt.drop_23500M.length_250M,mlop_MTPS150,0.50913,1
parsec_2.1.raytrace.simlarge.prebuilt.drop_23500M.length_250M,pythia_MTPS150,0.51036,1
parsec_2.1.raytrace.simlarge.prebuilt.drop_23500M.length_250M,nopref_MTPS300,0.60843,1
parsec_2.1.raytrace.simlarge.prebuilt.drop_23500M.length_250M,spp_MTPS300,0.87629,1
parsec_2.1.raytrace.simlarge.prebuilt.drop_23500M.length_250M,bingo_MTPS300,0.83793,1
parsec_2.1.raytrace.simlarge.prebuilt.drop_23500M.length_250M,mlop_MTPS300,0.88105,1
parsec_2.1.raytrace.simlarge.prebuilt.drop_23500M.length_250M,pythia_MTPS300,0.89995,1
parsec_2.1.raytrace.simlarge.prebuilt.drop_23500M.length_250M,nopref_MTPS600,0.63593,1
parsec_2.1.raytrace.simlarge.prebuilt.drop_23500M.length_250M,spp_MTPS600,0.90043,1
parsec_2.1.raytrace.simlarge.prebuilt.drop_23500M.length_250M,bingo_MTPS600,0.90862,1
parsec_2.1.raytrace.simlarge.prebuilt.drop_23500M.length_250M,mlop_MTPS600,0.92245,1
parsec_2.1.raytrace.simlarge.prebuilt.drop_23500M.length_250M,pythia_MTPS600,0.93943,1
parsec_2.1.raytrace.simlarge.prebuilt.drop_23500M.length_250M,nopref_MTPS1200,0.63764,1
parsec_2.1.raytrace.simlarge.prebuilt.drop_23500M.length_250M,spp_MTPS1200,0.9012,1
parsec_2.1.raytrace.simlarge.prebuilt.drop_23500M.length_250M,bingo_MTPS1200,0.91252,1
parsec_2.1.raytrace.simlarge.prebuilt.drop_23500M.length_250M,mlop_MTPS1200,0.92438,1
parsec_2.1.raytrace.simlarge.prebuilt.drop_23500M.length_250M,pythia_MTPS1200,0.94008,1
parsec_2.1.raytrace.simlarge.prebuilt.drop_23500M.length_250M,nopref_MTPS4800,0.63807,1
parsec_2.1.raytrace.simlarge.prebuilt.drop_23500M.length_250M,spp_MTPS4800,0.90131,1
parsec_2.1.raytrace.simlarge.prebuilt.drop_23500M.length_250M,bingo_MTPS4800,0.91349,1
parsec_2.1.raytrace.simlarge.prebuilt.drop_23500M.length_250M,mlop_MTPS4800,0.925,1
parsec_2.1.raytrace.simlarge.prebuilt.drop_23500M.length_250M,pythia_MTPS4800,0.94023,1
parsec_2.1.raytrace.simlarge.prebuilt.drop_23500M.length_250M,nopref_MTPS9600,0.63809,1
parsec_2.1.raytrace.simlarge.prebuilt.drop_23500M.length_250M,spp_MTPS9600,0.90131,1
parsec_2.1.raytrace.simlarge.prebuilt.drop_23500M.length_250M,bingo_MTPS9600,0.91351,1
parsec_2.1.raytrace.simlarge.prebuilt.drop_23500M.length_250M,mlop_MTPS9600,0.92509,1
parsec_2.1.raytrace.simlarge.prebuilt.drop_23500M.length_250M,pythia_MTPS9600,0.94023,1
parsec_2.1.raytrace.simlarge.prebuilt.drop_23750M.length_250M,nopref,0.8432,1
parsec_2.1.raytrace.simlarge.prebuilt.drop_23750M.length_250M,spp,1.4436,1
parsec_2.1.raytrace.simlarge.prebuilt.drop_23750M.length_250M,bingo,1.44292,1
parsec_2.1.raytrace.simlarge.prebuilt.drop_23750M.length_250M,mlop,1.35073,1
parsec_2.1.raytrace.simlarge.prebuilt.drop_23750M.length_250M,pythia,1.45115,1
parsec_2.1.raytrace.simlarge.prebuilt.drop_23750M.length_250M,nopref_MTPS150,0.59134,1
parsec_2.1.raytrace.simlarge.prebuilt.drop_23750M.length_250M,spp_MTPS150,0.65952,1
parsec_2.1.raytrace.simlarge.prebuilt.drop_23750M.length_250M,bingo_MTPS150,0.68824,1
parsec_2.1.raytrace.simlarge.prebuilt.drop_23750M.length_250M,mlop_MTPS150,0.65885,1
parsec_2.1.raytrace.simlarge.prebuilt.drop_23750M.length_250M,pythia_MTPS150,0.66397,1
parsec_2.1.raytrace.simlarge.prebuilt.drop_23750M.length_250M,nopref_MTPS300,0.80478,1
parsec_2.1.raytrace.simlarge.prebuilt.drop_23750M.length_250M,spp_MTPS300,1.21523,1
parsec_2.1.raytrace.simlarge.prebuilt.drop_23750M.length_250M,bingo_MTPS300,1.26061,1
parsec_2.1.raytrace.simlarge.prebuilt.drop_23750M.length_250M,mlop_MTPS300,1.17965,1
parsec_2.1.raytrace.simlarge.prebuilt.drop_23750M.length_250M,pythia_MTPS300,1.20898,1
parsec_2.1.raytrace.simlarge.prebuilt.drop_23750M.length_250M,nopref_MTPS600,0.83519,1
parsec_2.1.raytrace.simlarge.prebuilt.drop_23750M.length_250M,spp_MTPS600,1.40168,1
parsec_2.1.raytrace.simlarge.prebuilt.drop_23750M.length_250M,bingo_MTPS600,1.40446,1
parsec_2.1.raytrace.simlarge.prebuilt.drop_23750M.length_250M,mlop_MTPS600,1.31857,1
parsec_2.1.raytrace.simlarge.prebuilt.drop_23750M.length_250M,pythia_MTPS600,1.40556,1
parsec_2.1.raytrace.simlarge.prebuilt.drop_23750M.length_250M,nopref_MTPS1200,0.84206,1
parsec_2.1.raytrace.simlarge.prebuilt.drop_23750M.length_250M,spp_MTPS1200,1.43519,1
parsec_2.1.raytrace.simlarge.prebuilt.drop_23750M.length_250M,bingo_MTPS1200,1.43519,1
parsec_2.1.raytrace.simlarge.prebuilt.drop_23750M.length_250M,mlop_MTPS1200,1.34565,1
parsec_2.1.raytrace.simlarge.prebuilt.drop_23750M.length_250M,pythia_MTPS1200,1.44115,1
parsec_2.1.raytrace.simlarge.prebuilt.drop_23750M.length_250M,nopref_MTPS4800,0.84339,1
parsec_2.1.raytrace.simlarge.prebuilt.drop_23750M.length_250M,spp_MTPS4800,1.44572,1
parsec_2.1.raytrace.simlarge.prebuilt.drop_23750M.length_250M,bingo_MTPS4800,1.44486,1
parsec_2.1.raytrace.simlarge.prebuilt.drop_23750M.length_250M,mlop_MTPS4800,1.35501,1
parsec_2.1.raytrace.simlarge.prebuilt.drop_23750M.length_250M,pythia_MTPS4800,1.45384,1
parsec_2.1.raytrace.simlarge.prebuilt.drop_23750M.length_250M,nopref_MTPS9600,0.84343,1
parsec_2.1.raytrace.simlarge.prebuilt.drop_23750M.length_250M,spp_MTPS9600,1.44599,1
parsec_2.1.raytrace.simlarge.prebuilt.drop_23750M.length_250M,bingo_MTPS9600,1.44493,1
parsec_2.1.raytrace.simlarge.prebuilt.drop_23750M.length_250M,mlop_MTPS9600,1.35329,1
parsec_2.1.raytrace.simlarge.prebuilt.drop_23750M.length_250M,pythia_MTPS9600,1.45419,1
cassandra_phase0_core0,nopref,0.34815,1
cassandra_phase0_core0,spp,0.36781,1
cassandra_phase0_core0,bingo,0.36323,1
cassandra_phase0_core0,mlop,0.36966,1
cassandra_phase0_core0,pythia,0.37844,1
cassandra_phase0_core0,nopref_MTPS150,0.29855,1
cassandra_phase0_core0,spp_MTPS150,0.28668,1
cassandra_phase0_core0,bingo_MTPS150,0.27313,1
cassandra_phase0_core0,mlop_MTPS150,0.13914,1
cassandra_phase0_core0,pythia_MTPS150,0.29689,1
cassandra_phase0_core0,nopref_MTPS300,0.33009,1
cassandra_phase0_core0,spp_MTPS300,0.33828,1
cassandra_phase0_core0,bingo_MTPS300,0.32621,1
cassandra_phase0_core0,mlop_MTPS300,0.23291,1
cassandra_phase0_core0,pythia_MTPS300,0.34788,1
cassandra_phase0_core0,nopref_MTPS600,0.3414,1
cassandra_phase0_core0,spp_MTPS600,0.35825,1
cassandra_phase0_core0,bingo_MTPS600,0.3504,1
cassandra_phase0_core0,mlop_MTPS600,0.31505,1
cassandra_phase0_core0,pythia_MTPS600,0.36827,1
cassandra_phase0_core0,nopref_MTPS1200,0.3463,1
cassandra_phase0_core0,spp_MTPS1200,0.3655,1
cassandra_phase0_core0,bingo_MTPS1200,0.36007,1
cassandra_phase0_core0,mlop_MTPS1200,0.35875,1
cassandra_phase0_core0,pythia_MTPS1200,0.37577,1
cassandra_phase0_core0,nopref_MTPS4800,0.34883,1
cassandra_phase0_core0,spp_MTPS4800,0.36861,1
cassandra_phase0_core0,bingo_MTPS4800,0.36425,1
cassandra_phase0_core0,mlop_MTPS4800,0.37165,1
cassandra_phase0_core0,pythia_MTPS4800,0.37948,1
cassandra_phase0_core0,nopref_MTPS9600,0.34912,1
cassandra_phase0_core0,spp_MTPS9600,0.36901,1
cassandra_phase0_core0,bingo_MTPS9600,0.36448,1
cassandra_phase0_core0,mlop_MTPS9600,0.37232,1
cassandra_phase0_core0,pythia_MTPS9600,0.37982,1
cassandra_phase0_core1,nopref,0.32123,1
cassandra_phase0_core1,spp,0.33776,1
cassandra_phase0_core1,bingo,0.33595,1
cassandra_phase0_core1,mlop,0.33792,1
cassandra_phase0_core1,pythia,0.3476,1
cassandra_phase0_core1,nopref_MTPS150,0.27992,1
cassandra_phase0_core1,spp_MTPS150,0.26853,1
cassandra_phase0_core1,bingo_MTPS150,0.25633,1
cassandra_phase0_core1,mlop_MTPS150,0.13448,1
cassandra_phase0_core1,pythia_MTPS150,0.27781,1
cassandra_phase0_core1,nopref_MTPS300,0.30655,1
cassandra_phase0_core1,spp_MTPS300,0.31411,1
cassandra_phase0_core1,bingo_MTPS300,0.3041,1
cassandra_phase0_core1,mlop_MTPS300,0.22047,1
cassandra_phase0_core1,pythia_MTPS300,0.32298,1
cassandra_phase0_core1,nopref_MTPS600,0.31583,1
cassandra_phase0_core1,spp_MTPS600,0.33043,1
cassandra_phase0_core1,bingo_MTPS600,0.32527,1
cassandra_phase0_core1,mlop_MTPS600,0.29239,1
cassandra_phase0_core1,pythia_MTPS600,0.3398,1
cassandra_phase0_core1,nopref_MTPS1200,0.31977,1
cassandra_phase0_core1,spp_MTPS1200,0.33585,1
cassandra_phase0_core1,bingo_MTPS1200,0.33343,1
cassandra_phase0_core1,mlop_MTPS1200,0.3285,1
cassandra_phase0_core1,pythia_MTPS1200,0.34556,1
cassandra_phase0_core1,nopref_MTPS4800,0.32177,1
cassandra_phase0_core1,spp_MTPS4800,0.33841,1
cassandra_phase0_core1,bingo_MTPS4800,0.33672,1
cassandra_phase0_core1,mlop_MTPS4800,0.33973,1
cassandra_phase0_core1,pythia_MTPS4800,0.3484,1
cassandra_phase0_core1,nopref_MTPS9600,0.32202,1
cassandra_phase0_core1,spp_MTPS9600,0.33877,1
cassandra_phase0_core1,bingo_MTPS9600,0.33692,1
cassandra_phase0_core1,mlop_MTPS9600,0.34018,1
cassandra_phase0_core1,pythia_MTPS9600,0.34869,1
cassandra_phase0_core2,nopref,0.34451,1
cassandra_phase0_core2,spp,0.36201,1
cassandra_phase0_core2,bingo,0.35754,1
cassandra_phase0_core2,mlop,0.363,1
cassandra_phase0_core2,pythia,0.37263,1
cassandra_phase0_core2,nopref_MTPS150,0.2986,1
cassandra_phase0_core2,spp_MTPS150,0.28329,1
cassandra_phase0_core2,bingo_MTPS150,0.2701,1
cassandra_phase0_core2,mlop_MTPS150,0.13728,1
cassandra_phase0_core2,pythia_MTPS150,0.29645,1
cassandra_phase0_core2,nopref_MTPS300,0.32833,1
cassandra_phase0_core2,spp_MTPS300,0.33458,1
cassandra_phase0_core2,bingo_MTPS300,0.32223,1
cassandra_phase0_core2,mlop_MTPS300,0.23071,1
cassandra_phase0_core2,pythia_MTPS300,0.3457,1
cassandra_phase0_core2,nopref_MTPS600,0.33852,1
cassandra_phase0_core2,spp_MTPS600,0.35341,1
cassandra_phase0_core2,bingo_MTPS600,0.3453,1
cassandra_phase0_core2,mlop_MTPS600,0.31165,1
cassandra_phase0_core2,pythia_MTPS600,0.36411,1
cassandra_phase0_core2,nopref_MTPS1200,0.34286,1
cassandra_phase0_core2,spp_MTPS1200,0.35983,1
cassandra_phase0_core2,bingo_MTPS1200,0.35446,1
cassandra_phase0_core2,mlop_MTPS1200,0.35285,1
cassandra_phase0_core2,pythia_MTPS1200,0.37089,1
cassandra_phase0_core2,nopref_MTPS4800,0.34511,1
cassandra_phase0_core2,spp_MTPS4800,0.36268,1
cassandra_phase0_core2,bingo_MTPS4800,0.35843,1
cassandra_phase0_core2,mlop_MTPS4800,0.36503,1
cassandra_phase0_core2,pythia_MTPS4800,0.37352,1
cassandra_phase0_core2,nopref_MTPS9600,0.34536,1
cassandra_phase0_core2,spp_MTPS9600,0.36305,1
cassandra_phase0_core2,bingo_MTPS9600,0.35869,1
cassandra_phase0_core2,mlop_MTPS9600,0.36549,1
cassandra_phase0_core2,pythia_MTPS9600,0.37382,1
cassandra_phase0_core3,nopref,0.35176,1
cassandra_phase0_core3,spp,0.37141,1
cassandra_phase0_core3,bingo,0.36646,1
cassandra_phase0_core3,mlop,0.37239,1
cassandra_phase0_core3,pythia,0.38186,1
cassandra_phase0_core3,nopref_MTPS150,0.30413,1
cassandra_phase0_core3,spp_MTPS150,0.29009,1
cassandra_phase0_core3,bingo_MTPS150,0.27468,1
cassandra_phase0_core3,mlop_MTPS150,0.14011,1
cassandra_phase0_core3,pythia_MTPS150,0.30058,1
cassandra_phase0_core3,nopref_MTPS300,0.33502,1
cassandra_phase0_core3,spp_MTPS300,0.34224,1
cassandra_phase0_core3,bingo_MTPS300,0.32912,1
cassandra_phase0_core3,mlop_MTPS300,0.2346,1
cassandra_phase0_core3,pythia_MTPS300,0.35265,1
cassandra_phase0_core3,nopref_MTPS600,0.34577,1
cassandra_phase0_core3,spp_MTPS600,0.36228,1
cassandra_phase0_core3,bingo_MTPS600,0.35375,1
cassandra_phase0_core3,mlop_MTPS600,0.3183,1
cassandra_phase0_core3,pythia_MTPS600,0.3725,1
cassandra_phase0_core3,nopref_MTPS1200,0.35016,1
cassandra_phase0_core3,spp_MTPS1200,0.36882,1
cassandra_phase0_core3,bingo_MTPS1200,0.36351,1
cassandra_phase0_core3,mlop_MTPS1200,0.36137,1
cassandra_phase0_core3,pythia_MTPS1200,0.37952,1
cassandra_phase0_core3,nopref_MTPS4800,0.35239,1
cassandra_phase0_core3,spp_MTPS4800,0.37189,1
cassandra_phase0_core3,bingo_MTPS4800,0.36746,1
cassandra_phase0_core3,mlop_MTPS4800,0.37442,1
cassandra_phase0_core3,pythia_MTPS4800,0.3828,1
cassandra_phase0_core3,nopref_MTPS9600,0.35263,1
cassandra_phase0_core3,spp_MTPS9600,0.37228,1
cassandra_phase0_core3,bingo_MTPS9600,0.36767,1
cassandra_phase0_core3,mlop_MTPS9600,0.37501,1
cassandra_phase0_core3,pythia_MTPS9600,0.38314,1
cassandra_phase1_core0,nopref,0.33225,1
cassandra_phase1_core0,spp,0.34585,1
cassandra_phase1_core0,bingo,0.34669,1
cassandra_phase1_core0,mlop,0.34735,1
cassandra_phase1_core0,pythia,0.35482,1
cassandra_phase1_core0,nopref_MTPS150,0.2856,1
cassandra_phase1_core0,spp_MTPS150,0.27237,1
cassandra_phase1_core0,bingo_MTPS150,0.25951,1
cassandra_phase1_core0,mlop_MTPS150,0.13002,1
cassandra_phase1_core0,pythia_MTPS150,0.28137,1
cassandra_phase1_core0,nopref_MTPS300,0.31543,1
cassandra_phase1_core0,spp_MTPS300,0.3201,1
cassandra_phase1_core0,bingo_MTPS300,0.31082,1
cassandra_phase1_core0,mlop_MTPS300,0.2179,1
cassandra_phase1_core0,pythia_MTPS300,0.32839,1
cassandra_phase1_core0,nopref_MTPS600,0.32609,1
cassandra_phase1_core0,spp_MTPS600,0.33761,1
cassandra_phase1_core0,bingo_MTPS600,0.33423,1
cassandra_phase1_core0,mlop_MTPS600,0.29603,1
cassandra_phase1_core0,pythia_MTPS600,0.34598,1
cassandra_phase1_core0,nopref_MTPS1200,0.33054,1
cassandra_phase1_core0,spp_MTPS1200,0.34375,1
cassandra_phase1_core0,bingo_MTPS1200,0.34366,1
cassandra_phase1_core0,mlop_MTPS1200,0.33696,1
cassandra_phase1_core0,pythia_MTPS1200,0.35231,1
cassandra_phase1_core0,nopref_MTPS4800,0.33292,1
cassandra_phase1_core0,spp_MTPS4800,0.34667,1
cassandra_phase1_core0,bingo_MTPS4800,0.34761,1
cassandra_phase1_core0,mlop_MTPS4800,0.34947,1
cassandra_phase1_core0,pythia_MTPS4800,0.35577,1
cassandra_phase1_core0,nopref_MTPS9600,0.33319,1
cassandra_phase1_core0,spp_MTPS9600,0.34699,1
cassandra_phase1_core0,bingo_MTPS9600,0.34782,1
cassandra_phase1_core0,mlop_MTPS9600,0.34992,1
cassandra_phase1_core0,pythia_MTPS9600,0.35606,1
cassandra_phase1_core1,nopref,0.31996,1
cassandra_phase1_core1,spp,0.33784,1
cassandra_phase1_core1,bingo,0.33366,1
cassandra_phase1_core1,mlop,0.33914,1
cassandra_phase1_core1,pythia,0.3468,1
cassandra_phase1_core1,nopref_MTPS150,0.27732,1
cassandra_phase1_core1,spp_MTPS150,0.26674,1
cassandra_phase1_core1,bingo_MTPS150,0.25426,1
cassandra_phase1_core1,mlop_MTPS150,0.13437,1
cassandra_phase1_core1,pythia_MTPS150,0.27481,1
cassandra_phase1_core1,nopref_MTPS300,0.30476,1
cassandra_phase1_core1,spp_MTPS300,0.3128,1
cassandra_phase1_core1,bingo_MTPS300,0.30158,1
cassandra_phase1_core1,mlop_MTPS300,0.22156,1
cassandra_phase1_core1,pythia_MTPS300,0.32071,1
cassandra_phase1_core1,nopref_MTPS600,0.31442,1
cassandra_phase1_core1,spp_MTPS600,0.33006,1
cassandra_phase1_core1,bingo_MTPS600,0.32278,1
cassandra_phase1_core1,mlop_MTPS600,0.29499,1
cassandra_phase1_core1,pythia_MTPS600,0.33839,1
cassandra_phase1_core1,nopref_MTPS1200,0.31843,1
cassandra_phase1_core1,spp_MTPS1200,0.33579,1
cassandra_phase1_core1,bingo_MTPS1200,0.33106,1
cassandra_phase1_core1,mlop_MTPS1200,0.33044,1
cassandra_phase1_core1,pythia_MTPS1200,0.34462,1
cassandra_phase1_core1,nopref_MTPS4800,0.32051,1
cassandra_phase1_core1,spp_MTPS4800,0.33857,1
cassandra_phase1_core1,bingo_MTPS4800,0.33446,1
cassandra_phase1_core1,mlop_MTPS4800,0.341,1
cassandra_phase1_core1,pythia_MTPS4800,0.34758,1
cassandra_phase1_core1,nopref_MTPS9600,0.32072,1
cassandra_phase1_core1,spp_MTPS9600,0.33878,1
cassandra_phase1_core1,bingo_MTPS9600,0.3347,1
cassandra_phase1_core1,mlop_MTPS9600,0.34138,1
cassandra_phase1_core1,pythia_MTPS9600,0.34788,1
cassandra_phase1_core2,nopref,0.34036,1
cassandra_phase1_core2,spp,0.3608,1
cassandra_phase1_core2,bingo,0.35541,1
cassandra_phase1_core2,mlop,0.36271,1
cassandra_phase1_core2,pythia,0.37052,1
cassandra_phase1_core2,nopref_MTPS150,0.28866,1
cassandra_phase1_core2,spp_MTPS150,0.27779,1
cassandra_phase1_core2,bingo_MTPS150,0.26368,1
cassandra_phase1_core2,mlop_MTPS150,0.13758,1
cassandra_phase1_core2,pythia_MTPS150,0.28789,1
cassandra_phase1_core2,nopref_MTPS300,0.32105,1
cassandra_phase1_core2,spp_MTPS300,0.3305,1
cassandra_phase1_core2,bingo_MTPS300,0.31698,1
cassandra_phase1_core2,mlop_MTPS300,0.22979,1
cassandra_phase1_core2,pythia_MTPS300,0.33887,1
cassandra_phase1_core2,nopref_MTPS600,0.33316,1
cassandra_phase1_core2,spp_MTPS600,0.35092,1
cassandra_phase1_core2,bingo_MTPS600,0.34178,1
cassandra_phase1_core2,mlop_MTPS600,0.31089,1
cassandra_phase1_core2,pythia_MTPS600,0.35972,1
cassandra_phase1_core2,nopref_MTPS1200,0.33842,1
cassandra_phase1_core2,spp_MTPS1200,0.35822,1
cassandra_phase1_core2,bingo_MTPS1200,0.35212,1
cassandra_phase1_core2,mlop_MTPS1200,0.35207,1
cassandra_phase1_core2,pythia_MTPS1200,0.36773,1
cassandra_phase1_core2,nopref_MTPS4800,0.34111,1
cassandra_phase1_core2,spp_MTPS4800,0.36157,1
cassandra_phase1_core2,bingo_MTPS4800,0.35641,1
cassandra_phase1_core2,mlop_MTPS4800,0.36471,1
cassandra_phase1_core2,pythia_MTPS4800,0.37158,1
cassandra_phase1_core2,nopref_MTPS9600,0.34138,1
cassandra_phase1_core2,spp_MTPS9600,0.36191,1
cassandra_phase1_core2,bingo_MTPS9600,0.35667,1
cassandra_phase1_core2,mlop_MTPS9600,0.36522,1
cassandra_phase1_core2,pythia_MTPS9600,0.37194,1
cassandra_phase1_core3,nopref,0.33905,1
cassandra_phase1_core3,spp,0.35896,1
cassandra_phase1_core3,bingo,0.35305,1
cassandra_phase1_core3,mlop,0.36034,1
cassandra_phase1_core3,pythia,0.36815,1
cassandra_phase1_core3,nopref_MTPS150,0.2891,1
cassandra_phase1_core3,spp_MTPS150,0.27849,1
cassandra_phase1_core3,bingo_MTPS150,0.26498,1
cassandra_phase1_core3,mlop_MTPS150,0.13606,1
cassandra_phase1_core3,pythia_MTPS150,0.28712,1
cassandra_phase1_core3,nopref_MTPS300,0.32075,1
cassandra_phase1_core3,spp_MTPS300,0.33002,1
cassandra_phase1_core3,bingo_MTPS300,0.31665,1
cassandra_phase1_core3,mlop_MTPS300,0.22826,1
cassandra_phase1_core3,pythia_MTPS300,0.3382,1
cassandra_phase1_core3,nopref_MTPS600,0.33219,1
cassandra_phase1_core3,spp_MTPS600,0.34989,1
cassandra_phase1_core3,bingo_MTPS600,0.34024,1
cassandra_phase1_core3,mlop_MTPS600,0.30848,1
cassandra_phase1_core3,pythia_MTPS600,0.35845,1
cassandra_phase1_core3,nopref_MTPS1200,0.3372,1
cassandra_phase1_core3,spp_MTPS1200,0.35665,1
cassandra_phase1_core3,bingo_MTPS1200,0.34993,1
cassandra_phase1_core3,mlop_MTPS1200,0.34968,1
cassandra_phase1_core3,pythia_MTPS1200,0.36566,1
cassandra_phase1_core3,nopref_MTPS4800,0.33977,1
cassandra_phase1_core3,spp_MTPS4800,0.35969,1
cassandra_phase1_core3,bingo_MTPS4800,0.35401,1
cassandra_phase1_core3,mlop_MTPS4800,0.36247,1
cassandra_phase1_core3,pythia_MTPS4800,0.36911,1
cassandra_phase1_core3,nopref_MTPS9600,0.34008,1
cassandra_phase1_core3,spp_MTPS9600,0.36017,1
cassandra_phase1_core3,bingo_MTPS9600,0.35426,1
cassandra_phase1_core3,mlop_MTPS9600,0.36289,1
cassandra_phase1_core3,pythia_MTPS9600,0.36941,1
cassandra_phase2_core1,nopref,0.27532,1
cassandra_phase2_core1,spp,0.29046,1
cassandra_phase2_core1,bingo,0.28823,1
cassandra_phase2_core1,mlop,0.29248,1
cassandra_phase2_core1,pythia,0.29581,1
cassandra_phase2_core1,nopref_MTPS150,0.23724,1
cassandra_phase2_core1,spp_MTPS150,0.23147,1
cassandra_phase2_core1,bingo_MTPS150,0.21645,1
cassandra_phase2_core1,mlop_MTPS150,0.1383,1
cassandra_phase2_core1,pythia_MTPS150,0.23363,1
cassandra_phase2_core1,nopref_MTPS300,0.26165,1
cassandra_phase2_core1,spp_MTPS300,0.26814,1
cassandra_phase2_core1,bingo_MTPS300,0.25769,1
cassandra_phase2_core1,mlop_MTPS300,0.20902,1
cassandra_phase2_core1,pythia_MTPS300,0.27202,1
cassandra_phase2_core1,nopref_MTPS600,0.27048,1
cassandra_phase2_core1,spp_MTPS600,0.28313,1
cassandra_phase2_core1,bingo_MTPS600,0.27734,1
cassandra_phase2_core1,mlop_MTPS600,0.26198,1
cassandra_phase2_core1,pythia_MTPS600,0.28768,1
cassandra_phase2_core1,nopref_MTPS1200,0.27398,1
cassandra_phase2_core1,spp_MTPS1200,0.28862,1
cassandra_phase2_core1,bingo_MTPS1200,0.28561,1
cassandra_phase2_core1,mlop_MTPS1200,0.28589,1
cassandra_phase2_core1,pythia_MTPS1200,0.29376,1
cassandra_phase2_core1,nopref_MTPS4800,0.27597,1
cassandra_phase2_core1,spp_MTPS4800,0.29097,1
cassandra_phase2_core1,bingo_MTPS4800,0.28895,1
cassandra_phase2_core1,mlop_MTPS4800,0.2939,1
cassandra_phase2_core1,pythia_MTPS4800,0.29652,1
cassandra_phase2_core1,nopref_MTPS9600,0.2762,1
cassandra_phase2_core1,spp_MTPS9600,0.2913,1
cassandra_phase2_core1,bingo_MTPS9600,0.28913,1
cassandra_phase2_core1,mlop_MTPS9600,0.29409,1
cassandra_phase2_core1,pythia_MTPS9600,0.29673,1
cassandra_phase2_core2,nopref,0.29935,1
cassandra_phase2_core2,spp,0.31232,1
cassandra_phase2_core2,bingo,0.31249,1
cassandra_phase2_core2,mlop,0.31463,1
cassandra_phase2_core2,pythia,0.31978,1
cassandra_phase2_core2,nopref_MTPS150,0.26879,1
cassandra_phase2_core2,spp_MTPS150,0.26534,1
cassandra_phase2_core2,bingo_MTPS150,0.24654,1
cassandra_phase2_core2,mlop_MTPS150,0.15093,1
cassandra_phase2_core2,pythia_MTPS150,0.26915,1
cassandra_phase2_core2,nopref_MTPS300,0.28921,1
cassandra_phase2_core2,spp_MTPS300,0.2973,1
cassandra_phase2_core2,bingo_MTPS300,0.28658,1
cassandra_phase2_core2,mlop_MTPS300,0.22865,1
cassandra_phase2_core2,pythia_MTPS300,0.30299,1
cassandra_phase2_core2,nopref_MTPS600,0.2957,1
cassandra_phase2_core2,spp_MTPS600,0.30799,1
cassandra_phase2_core2,bingo_MTPS600,0.30406,1
cassandra_phase2_core2,mlop_MTPS600,0.28386,1
cassandra_phase2_core2,pythia_MTPS600,0.31481,1
cassandra_phase2_core2,nopref_MTPS1200,0.29837,1
cassandra_phase2_core2,spp_MTPS1200,0.31131,1
cassandra_phase2_core2,bingo_MTPS1200,0.31062,1
cassandra_phase2_core2,mlop_MTPS1200,0.30859,1
cassandra_phase2_core2,pythia_MTPS1200,0.31859,1
cassandra_phase2_core2,nopref_MTPS4800,0.29971,1
cassandra_phase2_core2,spp_MTPS4800,0.31293,1
cassandra_phase2_core2,bingo_MTPS4800,0.31297,1
cassandra_phase2_core2,mlop_MTPS4800,0.31576,1
cassandra_phase2_core2,pythia_MTPS4800,0.32025,1
cassandra_phase2_core2,nopref_MTPS9600,0.29986,1
cassandra_phase2_core2,spp_MTPS9600,0.31304,1
cassandra_phase2_core2,bingo_MTPS9600,0.31311,1
cassandra_phase2_core2,mlop_MTPS9600,0.31604,1
cassandra_phase2_core2,pythia_MTPS9600,0.32043,1
cassandra_phase2_core3,nopref,0.3082,1
cassandra_phase2_core3,spp,0.32719,1
cassandra_phase2_core3,bingo,0.32538,1
cassandra_phase2_core3,mlop,0.32917,1
cassandra_phase2_core3,pythia,0.33421,1
cassandra_phase2_core3,nopref_MTPS150,0.27367,1
cassandra_phase2_core3,spp_MTPS150,0.2711,1
cassandra_phase2_core3,bingo_MTPS150,0.24784,1
cassandra_phase2_core3,mlop_MTPS150,0.15416,1
cassandra_phase2_core3,pythia_MTPS150,0.27367,1
cassandra_phase2_core3,nopref_MTPS300,0.29605,1
cassandra_phase2_core3,spp_MTPS300,0.30843,1
cassandra_phase2_core3,bingo_MTPS300,0.29404,1
cassandra_phase2_core3,mlop_MTPS300,0.2359,1
cassandra_phase2_core3,pythia_MTPS300,0.31325,1
cassandra_phase2_core3,nopref_MTPS600,0.30366,1
cassandra_phase2_core3,spp_MTPS600,0.32195,1
cassandra_phase2_core3,bingo_MTPS600,0.31535,1
cassandra_phase2_core3,mlop_MTPS600,0.29586,1
cassandra_phase2_core3,pythia_MTPS600,0.32823,1
cassandra_phase2_core3,nopref_MTPS1200,0.30698,1
cassandra_phase2_core3,spp_MTPS1200,0.32589,1
cassandra_phase2_core3,bingo_MTPS1200,0.32313,1
cassandra_phase2_core3,mlop_MTPS1200,0.3227,1
cassandra_phase2_core3,pythia_MTPS1200,0.33282,1
cassandra_phase2_core3,nopref_MTPS4800,0.30865,1
cassandra_phase2_core3,spp_MTPS4800,0.32772,1
cassandra_phase2_core3,bingo_MTPS4800,0.32598,1
cassandra_phase2_core3,mlop_MTPS4800,0.33056,1
cassandra_phase2_core3,pythia_MTPS4800,0.33478,1
cassandra_phase2_core3,nopref_MTPS9600,0.3088,1
cassandra_phase2_core3,spp_MTPS9600,0.32787,1
cassandra_phase2_core3,bingo_MTPS9600,0.32616,1
cassandra_phase2_core3,mlop_MTPS9600,0.33086,1
cassandra_phase2_core3,pythia_MTPS9600,0.33499,1
cassandra_phase3_core1,nopref,0.28008,1
cassandra_phase3_core1,spp,0.29196,1
cassandra_phase3_core1,bingo,0.29234,1
cassandra_phase3_core1,mlop,0.29375,1
cassandra_phase3_core1,pythia,0.29792,1
cassandra_phase3_core1,nopref_MTPS150,0.24905,1
cassandra_phase3_core1,spp_MTPS150,0.24421,1
cassandra_phase3_core1,bingo_MTPS150,0.22945,1
cassandra_phase3_core1,mlop_MTPS150,0.14712,1
cassandra_phase3_core1,pythia_MTPS150,0.24853,1
cassandra_phase3_core1,nopref_MTPS300,0.26894,1
cassandra_phase3_core1,spp_MTPS300,0.27556,1
cassandra_phase3_core1,bingo_MTPS300,0.26707,1
cassandra_phase3_core1,mlop_MTPS300,0.21733,1
cassandra_phase3_core1,pythia_MTPS300,0.28074,1
cassandra_phase3_core1,nopref_MTPS600,0.27603,1
cassandra_phase3_core1,spp_MTPS600,0.28691,1
cassandra_phase3_core1,bingo_MTPS600,0.28404,1
cassandra_phase3_core1,mlop_MTPS600,0.2664,1
cassandra_phase3_core1,pythia_MTPS600,0.29256,1
cassandra_phase3_core1,nopref_MTPS1200,0.27899,1
cassandra_phase3_core1,spp_MTPS1200,0.29066,1
cassandra_phase3_core1,bingo_MTPS1200,0.29042,1
cassandra_phase3_core1,mlop_MTPS1200,0.28816,1
cassandra_phase3_core1,pythia_MTPS1200,0.29653,1
cassandra_phase3_core1,nopref_MTPS4800,0.2805,1
cassandra_phase3_core1,spp_MTPS4800,0.29243,1
cassandra_phase3_core1,bingo_MTPS4800,0.29295,1
cassandra_phase3_core1,mlop_MTPS4800,0.29492,1
cassandra_phase3_core1,pythia_MTPS4800,0.29841,1
cassandra_phase3_core1,nopref_MTPS9600,0.28066,1
cassandra_phase3_core1,spp_MTPS9600,0.29265,1
cassandra_phase3_core1,bingo_MTPS9600,0.29308,1
cassandra_phase3_core1,mlop_MTPS9600,0.29519,1
cassandra_phase3_core1,pythia_MTPS9600,0.2986,1
cassandra_phase3_core3,nopref,0.29807,1
cassandra_phase3_core3,spp,0.30449,1
cassandra_phase3_core3,bingo,0.30863,1
cassandra_phase3_core3,mlop,0.30621,1
cassandra_phase3_core3,pythia,0.31065,1
cassandra_phase3_core3,nopref_MTPS150,0.26465,1
cassandra_phase3_core3,spp_MTPS150,0.25595,1
cassandra_phase3_core3,bingo_MTPS150,0.23423,1
cassandra_phase3_core3,mlop_MTPS150,0.14794,1
cassandra_phase3_core3,pythia_MTPS150,0.26032,1
cassandra_phase3_core3,nopref_MTPS300,0.28613,1
cassandra_phase3_core3,spp_MTPS300,0.2878,1
cassandra_phase3_core3,bingo_MTPS300,0.27797,1
cassandra_phase3_core3,mlop_MTPS300,0.22152,1
cassandra_phase3_core3,pythia_MTPS300,0.29363,1
cassandra_phase3_core3,nopref_MTPS600,0.2938,1
cassandra_phase3_core3,spp_MTPS600,0.29887,1
cassandra_phase3_core3,bingo_MTPS600,0.29819,1
cassandra_phase3_core3,mlop_MTPS600,0.27501,1
cassandra_phase3_core3,pythia_MTPS600,0.30498,1
cassandra_phase3_core3,nopref_MTPS1200,0.29693,1
cassandra_phase3_core3,spp_MTPS1200,0.30301,1
cassandra_phase3_core3,bingo_MTPS1200,0.30618,1
cassandra_phase3_core3,mlop_MTPS1200,0.29983,1
cassandra_phase3_core3,pythia_MTPS1200,0.30917,1
cassandra_phase3_core3,nopref_MTPS4800,0.29848,1
cassandra_phase3_core3,spp_MTPS4800,0.30493,1
cassandra_phase3_core3,bingo_MTPS4800,0.30932,1
cassandra_phase3_core3,mlop_MTPS4800,0.30745,1
cassandra_phase3_core3,pythia_MTPS4800,0.31125,1
cassandra_phase3_core3,nopref_MTPS9600,0.29866,1
cassandra_phase3_core3,spp_MTPS9600,0.30519,1
cassandra_phase3_core3,bingo_MTPS9600,0.30947,1
cassandra_phase3_core3,mlop_MTPS9600,0.30777,1
cassandra_phase3_core3,pythia_MTPS9600,0.31142,1
cassandra_phase4_core0,nopref,0.28548,1
cassandra_phase4_core0,spp,0.29159,1
cassandra_phase4_core0,bingo,0.29547,1
cassandra_phase4_core0,mlop,0.2935,1
cassandra_phase4_core0,pythia,0.29748,1
cassandra_phase4_core0,nopref_MTPS150,0.24973,1
cassandra_phase4_core0,spp_MTPS150,0.24073,1
cassandra_phase4_core0,bingo_MTPS150,0.22638,1
cassandra_phase4_core0,mlop_MTPS150,0.131,1
cassandra_phase4_core0,pythia_MTPS150,0.24318,1
cassandra_phase4_core0,nopref_MTPS300,0.27265,1
cassandra_phase4_core0,spp_MTPS300,0.27427,1
cassandra_phase4_core0,bingo_MTPS300,0.26754,1
cassandra_phase4_core0,mlop_MTPS300,0.20512,1
cassandra_phase4_core0,pythia_MTPS300,0.27882,1
cassandra_phase4_core0,nopref_MTPS600,0.28091,1
cassandra_phase4_core0,spp_MTPS600,0.28593,1
cassandra_phase4_core0,bingo_MTPS600,0.28605,1
cassandra_phase4_core0,mlop_MTPS600,0.26017,1
cassandra_phase4_core0,pythia_MTPS600,0.29123,1
cassandra_phase4_core0,nopref_MTPS1200,0.28427,1
cassandra_phase4_core0,spp_MTPS1200,0.29008,1
cassandra_phase4_core0,bingo_MTPS1200,0.29327,1
cassandra_phase4_core0,mlop_MTPS1200,0.28668,1
cassandra_phase4_core0,pythia_MTPS1200,0.29577,1
cassandra_phase4_core0,nopref_MTPS4800,0.28594,1
cassandra_phase4_core0,spp_MTPS4800,0.29215,1
cassandra_phase4_core0,bingo_MTPS4800,0.29617,1
cassandra_phase4_core0,mlop_MTPS4800,0.29492,1
cassandra_phase4_core0,pythia_MTPS4800,0.2981,1
cassandra_phase4_core0,nopref_MTPS9600,0.28612,1
cassandra_phase4_core0,spp_MTPS9600,0.29241,1
cassandra_phase4_core0,bingo_MTPS9600,0.29632,1
cassandra_phase4_core0,mlop_MTPS9600,0.2952,1
cassandra_phase4_core0,pythia_MTPS9600,0.29832,1
cassandra_phase4_core2,nopref,0.31829,1
cassandra_phase4_core2,spp,0.3324,1
cassandra_phase4_core2,bingo,0.32946,1
cassandra_phase4_core2,mlop,0.33441,1
cassandra_phase4_core2,pythia,0.33992,1
cassandra_phase4_core2,nopref_MTPS150,0.27629,1
cassandra_phase4_core2,spp_MTPS150,0.26872,1
cassandra_phase4_core2,bingo_MTPS150,0.25029,1
cassandra_phase4_core2,mlop_MTPS150,0.14285,1
cassandra_phase4_core2,pythia_MTPS150,0.2709,1
cassandra_phase4_core2,nopref_MTPS300,0.30353,1
cassandra_phase4_core2,spp_MTPS300,0.31011,1
cassandra_phase4_core2,bingo_MTPS300,0.29739,1
cassandra_phase4_core2,mlop_MTPS300,0.22684,1
cassandra_phase4_core2,pythia_MTPS300,0.31472,1
cassandra_phase4_core2,nopref_MTPS600,0.31306,1
cassandra_phase4_core2,spp_MTPS600,0.32531,1
cassandra_phase4_core2,bingo_MTPS600,0.31853,1
cassandra_phase4_core2,mlop_MTPS600,0.29332,1
cassandra_phase4_core2,pythia_MTPS600,0.33179,1
cassandra_phase4_core2,nopref_MTPS1200,0.31693,1
cassandra_phase4_core2,spp_MTPS1200,0.33062,1
cassandra_phase4_core2,bingo_MTPS1200,0.32681,1
cassandra_phase4_core2,mlop_MTPS1200,0.32617,1
cassandra_phase4_core2,pythia_MTPS1200,0.33783,1
cassandra_phase4_core2,nopref_MTPS4800,0.31882,1
cassandra_phase4_core2,spp_MTPS4800,0.33305,1
cassandra_phase4_core2,bingo_MTPS4800,0.33027,1
cassandra_phase4_core2,mlop_MTPS4800,0.33606,1
cassandra_phase4_core2,pythia_MTPS4800,0.34073,1
cassandra_phase4_core2,nopref_MTPS9600,0.31903,1
cassandra_phase4_core2,spp_MTPS9600,0.33353,1
cassandra_phase4_core2,bingo_MTPS9600,0.3305,1
cassandra_phase4_core2,mlop_MTPS9600,0.33652,1
cassandra_phase4_core2,pythia_MTPS9600,0.34092,1
cassandra_phase4_core3,nopref,0.30772,1
cassandra_phase4_core3,spp,0.32206,1
cassandra_phase4_core3,bingo,0.31864,1
cassandra_phase4_core3,mlop,0.32367,1
cassandra_phase4_core3,pythia,0.32891,1
cassandra_phase4_core3,nopref_MTPS150,0.26674,1
cassandra_phase4_core3,spp_MTPS150,0.25903,1
cassandra_phase4_core3,bingo_MTPS150,0.24194,1
cassandra_phase4_core3,mlop_MTPS150,0.13785,1
cassandra_phase4_core3,pythia_MTPS150,0.26378,1
cassandra_phase4_core3,nopref_MTPS300,0.29329,1
cassandra_phase4_core3,spp_MTPS300,0.29982,1
cassandra_phase4_core3,bingo_MTPS300,0.28749,1
cassandra_phase4_core3,mlop_MTPS300,0.21865,1
cassandra_phase4_core3,pythia_MTPS300,0.3055,1
cassandra_phase4_core3,nopref_MTPS600,0.30256,1
cassandra_phase4_core3,spp_MTPS600,0.31488,1
cassandra_phase4_core3,bingo_MTPS600,0.30805,1
cassandra_phase4_core3,mlop_MTPS600,0.28438,1
cassandra_phase4_core3,pythia_MTPS600,0.32128,1
cassandra_phase4_core3,nopref_MTPS1200,0.3063,1
cassandra_phase4_core3,spp_MTPS1200,0.3201,1
cassandra_phase4_core3,bingo_MTPS1200,0.3161,1
cassandra_phase4_core3,mlop_MTPS1200,0.31576,1
cassandra_phase4_core3,pythia_MTPS1200,0.32688,1
cassandra_phase4_core3,nopref_MTPS4800,0.30823,1
cassandra_phase4_core3,spp_MTPS4800,0.32271,1
cassandra_phase4_core3,bingo_MTPS4800,0.31939,1
cassandra_phase4_core3,mlop_MTPS4800,0.32517,1
cassandra_phase4_core3,pythia_MTPS4800,0.32968,1
cassandra_phase4_core3,nopref_MTPS9600,0.30843,1
cassandra_phase4_core3,spp_MTPS9600,0.32283,1
cassandra_phase4_core3,bingo_MTPS9600,0.31957,1
cassandra_phase4_core3,mlop_MTPS9600,0.32556,1
cassandra_phase4_core3,pythia_MTPS9600,0.3299,1
cassandra_phase5_core0,nopref,0.36464,1
cassandra_phase5_core0,spp,0.38319,1
cassandra_phase5_core0,bingo,0.38051,1
cassandra_phase5_core0,mlop,0.38439,1
cassandra_phase5_core0,pythia,0.39506,1
cassandra_phase5_core0,nopref_MTPS150,0.31335,1
cassandra_phase5_core0,spp_MTPS150,0.30054,1
cassandra_phase5_core0,bingo_MTPS150,0.28409,1
cassandra_phase5_core0,mlop_MTPS150,0.14546,1
cassandra_phase5_core0,pythia_MTPS150,0.31247,1
cassandra_phase5_core0,nopref_MTPS300,0.34602,1
cassandra_phase5_core0,spp_MTPS300,0.35389,1
cassandra_phase5_core0,bingo_MTPS300,0.34088,1
cassandra_phase5_core0,mlop_MTPS300,0.24276,1
cassandra_phase5_core0,pythia_MTPS300,0.36462,1
cassandra_phase5_core0,nopref_MTPS600,0.3578,1
cassandra_phase5_core0,spp_MTPS600,0.37399,1
cassandra_phase5_core0,bingo_MTPS600,0.36692,1
cassandra_phase5_core0,mlop_MTPS600,0.32857,1
cassandra_phase5_core0,pythia_MTPS600,0.38491,1
cassandra_phase5_core0,nopref_MTPS1200,0.36278,1
cassandra_phase5_core0,spp_MTPS1200,0.38086,1
cassandra_phase5_core0,bingo_MTPS1200,0.3772,1
cassandra_phase5_core0,mlop_MTPS1200,0.3728,1
cassandra_phase5_core0,pythia_MTPS1200,0.39232,1
cassandra_phase5_core0,nopref_MTPS4800,0.36534,1
cassandra_phase5_core0,spp_MTPS4800,0.38406,1
cassandra_phase5_core0,bingo_MTPS4800,0.38157,1
cassandra_phase5_core0,mlop_MTPS4800,0.3864,1
cassandra_phase5_core0,pythia_MTPS4800,0.39607,1
cassandra_phase5_core0,nopref_MTPS9600,0.36565,1
cassandra_phase5_core0,spp_MTPS9600,0.38445,1
cassandra_phase5_core0,bingo_MTPS9600,0.38182,1
cassandra_phase5_core0,mlop_MTPS9600,0.38698,1
cassandra_phase5_core0,pythia_MTPS9600,0.39645,1
cassandra_phase5_core1,nopref,0.32747,1
cassandra_phase5_core1,spp,0.34598,1
cassandra_phase5_core1,bingo,0.34224,1
cassandra_phase5_core1,mlop,0.34709,1
cassandra_phase5_core1,pythia,0.35511,1
cassandra_phase5_core1,nopref_MTPS150,0.28566,1
cassandra_phase5_core1,spp_MTPS150,0.27586,1
cassandra_phase5_core1,bingo_MTPS150,0.26384,1
cassandra_phase5_core1,mlop_MTPS150,0.13806,1
cassandra_phase5_core1,pythia_MTPS150,0.28383,1
cassandra_phase5_core1,nopref_MTPS300,0.31273,1
cassandra_phase5_core1,spp_MTPS300,0.32145,1
cassandra_phase5_core1,bingo_MTPS300,0.31104,1
cassandra_phase5_core1,mlop_MTPS300,0.22629,1
cassandra_phase5_core1,pythia_MTPS300,0.3299,1
cassandra_phase5_core1,nopref_MTPS600,0.32209,1
cassandra_phase5_core1,spp_MTPS600,0.33841,1
cassandra_phase5_core1,bingo_MTPS600,0.33168,1
cassandra_phase5_core1,mlop_MTPS600,0.30078,1
cassandra_phase5_core1,pythia_MTPS600,0.34717,1
cassandra_phase5_core1,nopref_MTPS1200,0.32603,1
cassandra_phase5_core1,spp_MTPS1200,0.34399,1
cassandra_phase5_core1,bingo_MTPS1200,0.33983,1
cassandra_phase5_core1,mlop_MTPS1200,0.33764,1
cassandra_phase5_core1,pythia_MTPS1200,0.35307,1
cassandra_phase5_core1,nopref_MTPS4800,0.32798,1
cassandra_phase5_core1,spp_MTPS4800,0.34653,1
cassandra_phase5_core1,bingo_MTPS4800,0.34301,1
cassandra_phase5_core1,mlop_MTPS4800,0.34892,1
cassandra_phase5_core1,pythia_MTPS4800,0.35592,1
cassandra_phase5_core1,nopref_MTPS9600,0.3282,1
cassandra_phase5_core1,spp_MTPS9600,0.34673,1
cassandra_phase5_core1,bingo_MTPS9600,0.34322,1
cassandra_phase5_core1,mlop_MTPS9600,0.34931,1
cassandra_phase5_core1,pythia_MTPS9600,0.3562,1
cassandra_phase5_core2,nopref,0.35598,1
cassandra_phase5_core2,spp,0.3742,1
cassandra_phase5_core2,bingo,0.37113,1
cassandra_phase5_core2,mlop,0.37734,1
cassandra_phase5_core2,pythia,0.38587,1
cassandra_phase5_core2,nopref_MTPS150,0.30192,1
cassandra_phase5_core2,spp_MTPS150,0.29075,1
cassandra_phase5_core2,bingo_MTPS150,0.27502,1
cassandra_phase5_core2,mlop_MTPS150,0.14379,1
cassandra_phase5_core2,pythia_MTPS150,0.30032,1
cassandra_phase5_core2,nopref_MTPS300,0.33576,1
cassandra_phase5_core2,spp_MTPS300,0.34352,1
cassandra_phase5_core2,bingo_MTPS300,0.33121,1
cassandra_phase5_core2,mlop_MTPS300,0.23987,1
cassandra_phase5_core2,pythia_MTPS300,0.35402,1
cassandra_phase5_core2,nopref_MTPS600,0.34859,1
cassandra_phase5_core2,spp_MTPS600,0.36403,1
cassandra_phase5_core2,bingo_MTPS600,0.35716,1
cassandra_phase5_core2,mlop_MTPS600,0.32318,1
cassandra_phase5_core2,pythia_MTPS600,0.37519,1
cassandra_phase5_core2,nopref_MTPS1200,0.35406,1
cassandra_phase5_core2,spp_MTPS1200,0.37147,1
cassandra_phase5_core2,bingo_MTPS1200,0.36766,1
cassandra_phase5_core2,mlop_MTPS1200,0.36581,1
cassandra_phase5_core2,pythia_MTPS1200,0.38308,1
cassandra_phase5_core2,nopref_MTPS4800,0.35668,1
cassandra_phase5_core2,spp_MTPS4800,0.37502,1
cassandra_phase5_core2,bingo_MTPS4800,0.3722,1
cassandra_phase5_core2,mlop_MTPS4800,0.3795,1
cassandra_phase5_core2,pythia_MTPS4800,0.38698,1
cassandra_phase5_core2,nopref_MTPS9600,0.357,1
cassandra_phase5_core2,spp_MTPS9600,0.3753,1
cassandra_phase5_core2,bingo_MTPS9600,0.37247,1
cassandra_phase5_core2,mlop_MTPS9600,0.37998,1
cassandra_phase5_core2,pythia_MTPS9600,0.38727,1
cassandra_phase5_core3,nopref,0.34591,1
cassandra_phase5_core3,spp,0.36401,1
cassandra_phase5_core3,bingo,0.36066,1
cassandra_phase5_core3,mlop,0.36684,1
cassandra_phase5_core3,pythia,0.37524,1
cassandra_phase5_core3,nopref_MTPS150,0.29594,1
cassandra_phase5_core3,spp_MTPS150,0.28638,1
cassandra_phase5_core3,bingo_MTPS150,0.27205,1
cassandra_phase5_core3,mlop_MTPS150,0.14212,1
cassandra_phase5_core3,pythia_MTPS150,0.29499,1
cassandra_phase5_core3,nopref_MTPS300,0.32772,1
cassandra_phase5_core3,spp_MTPS300,0.33646,1
cassandra_phase5_core3,bingo_MTPS300,0.32476,1
cassandra_phase5_core3,mlop_MTPS300,0.234,1
cassandra_phase5_core3,pythia_MTPS300,0.34583,1
cassandra_phase5_core3,nopref_MTPS600,0.33936,1
cassandra_phase5_core3,spp_MTPS600,0.35535,1
cassandra_phase5_core3,bingo_MTPS600,0.3485,1
cassandra_phase5_core3,mlop_MTPS600,0.31491,1
cassandra_phase5_core3,pythia_MTPS600,0.36565,1
cassandra_phase5_core3,nopref_MTPS1200,0.34418,1
cassandra_phase5_core3,spp_MTPS1200,0.36206,1
cassandra_phase5_core3,bingo_MTPS1200,0.35787,1
cassandra_phase5_core3,mlop_MTPS1200,0.35589,1
cassandra_phase5_core3,pythia_MTPS1200,0.37276,1
cassandra_phase5_core3,nopref_MTPS4800,0.34657,1
cassandra_phase5_core3,spp_MTPS4800,0.36495,1
cassandra_phase5_core3,bingo_MTPS4800,0.36154,1
cassandra_phase5_core3,mlop_MTPS4800,0.36893,1
cassandra_phase5_core3,pythia_MTPS4800,0.37615,1
cassandra_phase5_core3,nopref_MTPS9600,0.34682,1
cassandra_phase5_core3,spp_MTPS9600,0.36547,1
cassandra_phase5_core3,bingo_MTPS9600,0.3618,1
cassandra_phase5_core3,mlop_MTPS9600,0.36949,1
cassandra_phase5_core3,pythia_MTPS9600,0.37646,1
cloud9_phase5_core2,nopref,0.14284,1
cloud9_phase5_core2,spp,0.14295,1
cloud9_phase5_core2,bingo,0.14434,1
cloud9_phase5_core2,mlop,0.14308,1
cloud9_phase5_core2,pythia,0.14409,1
cloud9_phase5_core2,nopref_MTPS150,0.13479,1
cloud9_phase5_core2,spp_MTPS150,0.1313,1
cloud9_phase5_core2,bingo_MTPS150,0.09799,1
cloud9_phase5_core2,mlop_MTPS150,0.13163,1
cloud9_phase5_core2,pythia_MTPS150,0.12676,1
cloud9_phase5_core2,nopref_MTPS300,0.14086,1
cloud9_phase5_core2,spp_MTPS300,0.13958,1
cloud9_phase5_core2,bingo_MTPS300,0.12158,1
cloud9_phase5_core2,mlop_MTPS300,0.14031,1
cloud9_phase5_core2,pythia_MTPS300,0.13902,1
cloud9_phase5_core2,nopref_MTPS600,0.1423,1
cloud9_phase5_core2,spp_MTPS600,0.14217,1
cloud9_phase5_core2,bingo_MTPS600,0.13578,1
cloud9_phase5_core2,mlop_MTPS600,0.14236,1
cloud9_phase5_core2,pythia_MTPS600,0.14283,1
cloud9_phase5_core2,nopref_MTPS1200,0.14271,1
cloud9_phase5_core2,spp_MTPS1200,0.14278,1
cloud9_phase5_core2,bingo_MTPS1200,0.14248,1
cloud9_phase5_core2,mlop_MTPS1200,0.14291,1
cloud9_phase5_core2,pythia_MTPS1200,0.14383,1
cloud9_phase5_core2,nopref_MTPS4800,0.1429,1
cloud9_phase5_core2,spp_MTPS4800,0.14301,1
cloud9_phase5_core2,bingo_MTPS4800,0.1447,1
cloud9_phase5_core2,mlop_MTPS4800,0.14313,1
cloud9_phase5_core2,pythia_MTPS4800,0.14415,1
cloud9_phase5_core2,nopref_MTPS9600,0.14291,1
cloud9_phase5_core2,spp_MTPS9600,0.14303,1
cloud9_phase5_core2,bingo_MTPS9600,0.14477,1
cloud9_phase5_core2,mlop_MTPS9600,0.14314,1
cloud9_phase5_core2,pythia_MTPS9600,0.14416,1
nutch_phase0_core0,nopref,0.31695,1
nutch_phase0_core0,spp,0.32837,1
nutch_phase0_core0,bingo,0.32857,1
nutch_phase0_core0,mlop,0.32973,1
nutch_phase0_core0,pythia,0.33045,1
nutch_phase0_core0,nopref_MTPS150,0.29742,1
nutch_phase0_core0,spp_MTPS150,0.30477,1
nutch_phase0_core0,bingo_MTPS150,0.29844,1
nutch_phase0_core0,mlop_MTPS150,0.29181,1
nutch_phase0_core0,pythia_MTPS150,0.30236,1
nutch_phase0_core0,nopref_MTPS300,0.31007,1
nutch_phase0_core0,spp_MTPS300,0.32009,1
nutch_phase0_core0,bingo_MTPS300,0.31722,1
nutch_phase0_core0,mlop_MTPS300,0.31503,1
nutch_phase0_core0,pythia_MTPS300,0.32013,1
nutch_phase0_core0,nopref_MTPS600,0.31469,1
nutch_phase0_core0,spp_MTPS600,0.32582,1
nutch_phase0_core0,bingo_MTPS600,0.32466,1
nutch_phase0_core0,mlop_MTPS600,0.32459,1
nutch_phase0_core0,pythia_MTPS600,0.32708,1
nutch_phase0_core0,nopref_MTPS1200,0.31644,1
nutch_phase0_core0,spp_MTPS1200,0.32779,1
nutch_phase0_core0,bingo_MTPS1200,0.32761,1
nutch_phase0_core0,mlop_MTPS1200,0.3286,1
nutch_phase0_core0,pythia_MTPS1200,0.32978,1
nutch_phase0_core0,nopref_MTPS4800,0.31717,1
nutch_phase0_core0,spp_MTPS4800,0.32861,1
nutch_phase0_core0,bingo_MTPS4800,0.32891,1
nutch_phase0_core0,mlop_MTPS4800,0.33007,1
nutch_phase0_core0,pythia_MTPS4800,0.33071,1
nutch_phase0_core0,nopref_MTPS9600,0.31724,1
nutch_phase0_core0,spp_MTPS9600,0.32868,1
nutch_phase0_core0,bingo_MTPS9600,0.32895,1
nutch_phase0_core0,mlop_MTPS9600,0.33014,1
nutch_phase0_core0,pythia_MTPS9600,0.33075,1
nutch_phase0_core1,nopref,0.32919,1
nutch_phase0_core1,spp,0.34031,1
nutch_phase0_core1,bingo,0.34133,1
nutch_phase0_core1,mlop,0.34211,1
nutch_phase0_core1,pythia,0.34308,1
nutch_phase0_core1,nopref_MTPS150,0.30461,1
nutch_phase0_core1,spp_MTPS150,0.31254,1
nutch_phase0_core1,bingo_MTPS150,0.31337,1
nutch_phase0_core1,mlop_MTPS150,0.30227,1
nutch_phase0_core1,pythia_MTPS150,0.31246,1
nutch_phase0_core1,nopref_MTPS300,0.32008,1
nutch_phase0_core1,spp_MTPS300,0.33003,1
nutch_phase0_core1,bingo_MTPS300,0.33044,1
nutch_phase0_core1,mlop_MTPS300,0.32587,1
nutch_phase0_core1,pythia_MTPS300,0.33142,1
nutch_phase0_core1,nopref_MTPS600,0.3262,1
nutch_phase0_core1,spp_MTPS600,0.33692,1
nutch_phase0_core1,bingo_MTPS600,0.33738,1
nutch_phase0_core1,mlop_MTPS600,0.33657,1
nutch_phase0_core1,pythia_MTPS600,0.33936,1
nutch_phase0_core1,nopref_MTPS1200,0.32858,1
nutch_phase0_core1,spp_MTPS1200,0.33952,1
nutch_phase0_core1,bingo_MTPS1200,0.34025,1
nutch_phase0_core1,mlop_MTPS1200,0.34083,1
nutch_phase0_core1,pythia_MTPS1200,0.34245,1
nutch_phase0_core1,nopref_MTPS4800,0.32946,1
nutch_phase0_core1,spp_MTPS4800,0.34063,1
nutch_phase0_core1,bingo_MTPS4800,0.34174,1
nutch_phase0_core1,mlop_MTPS4800,0.34247,1
nutch_phase0_core1,pythia_MTPS4800,0.34332,1
nutch_phase0_core1,nopref_MTPS9600,0.32955,1
nutch_phase0_core1,spp_MTPS9600,0.34067,1
nutch_phase0_core1,bingo_MTPS9600,0.34182,1
nutch_phase0_core1,mlop_MTPS9600,0.34254,1
nutch_phase0_core1,pythia_MTPS9600,0.34336,1
nutch_phase0_core2,nopref,0.31955,1
nutch_phase0_core2,spp,0.33276,1
nutch_phase0_core2,bingo,0.33298,1
nutch_phase0_core2,mlop,0.33392,1
nutch_phase0_core2,pythia,0.33454,1
nutch_phase0_core2,nopref_MTPS150,0.29636,1
nutch_phase0_core2,spp_MTPS150,0.30665,1
nutch_phase0_core2,bingo_MTPS150,0.29467,1
nutch_phase0_core2,mlop_MTPS150,0.29281,1
nutch_phase0_core2,pythia_MTPS150,0.30151,1
nutch_phase0_core2,nopref_MTPS300,0.31131,1
nutch_phase0_core2,spp_MTPS300,0.32348,1
nutch_phase0_core2,bingo_MTPS300,0.31738,1
nutch_phase0_core2,mlop_MTPS300,0.31781,1
nutch_phase0_core2,pythia_MTPS300,0.32188,1
nutch_phase0_core2,nopref_MTPS600,0.3168,1
nutch_phase0_core2,spp_MTPS600,0.32976,1
nutch_phase0_core2,bingo_MTPS600,0.32721,1
nutch_phase0_core2,mlop_MTPS600,0.32839,1
nutch_phase0_core2,pythia_MTPS600,0.33022,1
nutch_phase0_core2,nopref_MTPS1200,0.31893,1
nutch_phase0_core2,spp_MTPS1200,0.33201,1
nutch_phase0_core2,bingo_MTPS1200,0.33158,1
nutch_phase0_core2,mlop_MTPS1200,0.33259,1
nutch_phase0_core2,pythia_MTPS1200,0.33362,1
nutch_phase0_core2,nopref_MTPS4800,0.31982,1
nutch_phase0_core2,spp_MTPS4800,0.33301,1
nutch_phase0_core2,bingo_MTPS4800,0.33346,1
nutch_phase0_core2,mlop_MTPS4800,0.33436,1
nutch_phase0_core2,pythia_MTPS4800,0.3349,1
nutch_phase0_core2,nopref_MTPS9600,0.31992,1
nutch_phase0_core2,spp_MTPS9600,0.33306,1
nutch_phase0_core2,bingo_MTPS9600,0.33352,1
nutch_phase0_core2,mlop_MTPS9600,0.33448,1
nutch_phase0_core2,pythia_MTPS9600,0.33497,1
nutch_phase0_core3,nopref,0.33596,1
nutch_phase0_core3,spp,0.34494,1
nutch_phase0_core3,bingo,0.34638,1
nutch_phase0_core3,mlop,0.34662,1
nutch_phase0_core3,pythia,0.34818,1
nutch_phase0_core3,nopref_MTPS150,0.31832,1
nutch_phase0_core3,spp_MTPS150,0.32273,1
nutch_phase0_core3,bingo_MTPS150,0.32274,1
nutch_phase0_core3,mlop_MTPS150,0.31092,1
nutch_phase0_core3,pythia_MTPS150,0.32384,1
nutch_phase0_core3,nopref_MTPS300,0.3298,1
nutch_phase0_core3,spp_MTPS300,0.33743,1
nutch_phase0_core3,bingo_MTPS300,0.33778,1
nutch_phase0_core3,mlop_MTPS300,0.33287,1
nutch_phase0_core3,pythia_MTPS300,0.33944,1
nutch_phase0_core3,nopref_MTPS600,0.33403,1
nutch_phase0_core3,spp_MTPS600,0.34268,1
nutch_phase0_core3,bingo_MTPS600,0.3435,1
nutch_phase0_core3,mlop_MTPS600,0.3421,1
nutch_phase0_core3,pythia_MTPS600,0.3455,1
nutch_phase0_core3,nopref_MTPS1200,0.33558,1
nutch_phase0_core3,spp_MTPS1200,0.34441,1
nutch_phase0_core3,bingo_MTPS1200,0.34569,1
nutch_phase0_core3,mlop_MTPS1200,0.34571,1
nutch_phase0_core3,pythia_MTPS1200,0.34773,1
nutch_phase0_core3,nopref_MTPS4800,0.33612,1
nutch_phase0_core3,spp_MTPS4800,0.34512,1
nutch_phase0_core3,bingo_MTPS4800,0.34662,1
nutch_phase0_core3,mlop_MTPS4800,0.34684,1
nutch_phase0_core3,pythia_MTPS4800,0.34834,1
nutch_phase0_core3,nopref_MTPS9600,0.33618,1
nutch_phase0_core3,spp_MTPS9600,0.34514,1
nutch_phase0_core3,bingo_MTPS9600,0.34665,1
nutch_phase0_core3,mlop_MTPS9600,0.3469,1
nutch_phase0_core3,pythia_MTPS9600,0.3483,1
nutch_phase1_core0,nopref,0.33232,1
nutch_phase1_core0,spp,0.34573,1
nutch_phase1_core0,bingo,0.34671,1
nutch_phase1_core0,mlop,0.34706,1
nutch_phase1_core0,pythia,0.34797,1
nutch_phase1_core0,nopref_MTPS150,0.30681,1
nutch_phase1_core0,spp_MTPS150,0.31712,1
nutch_phase1_core0,bingo_MTPS150,0.31241,1
nutch_phase1_core0,mlop_MTPS150,0.30743,1
nutch_phase1_core0,pythia_MTPS150,0.31631,1
nutch_phase1_core0,nopref_MTPS300,0.32278,1
nutch_phase1_core0,spp_MTPS300,0.33489,1
nutch_phase1_core0,bingo_MTPS300,0.33264,1
nutch_phase1_core0,mlop_MTPS300,0.331,1
nutch_phase1_core0,pythia_MTPS300,0.33564,1
nutch_phase1_core0,nopref_MTPS600,0.32894,1
nutch_phase1_core0,spp_MTPS600,0.34188,1
nutch_phase1_core0,bingo_MTPS600,0.34123,1
nutch_phase1_core0,mlop_MTPS600,0.3412,1
nutch_phase1_core0,pythia_MTPS600,0.34366,1
nutch_phase1_core0,nopref_MTPS1200,0.33147,1
nutch_phase1_core0,spp_MTPS1200,0.34469,1
nutch_phase1_core0,bingo_MTPS1200,0.34518,1
nutch_phase1_core0,mlop_MTPS1200,0.3455,1
nutch_phase1_core0,pythia_MTPS1200,0.34701,1
nutch_phase1_core0,nopref_MTPS4800,0.33272,1
nutch_phase1_core0,spp_MTPS4800,0.3461,1
nutch_phase1_core0,bingo_MTPS4800,0.34728,1
nutch_phase1_core0,mlop_MTPS4800,0.34756,1
nutch_phase1_core0,pythia_MTPS4800,0.34836,1
nutch_phase1_core0,nopref_MTPS9600,0.33284,1
nutch_phase1_core0,spp_MTPS9600,0.34621,1
nutch_phase1_core0,bingo_MTPS9600,0.34739,1
nutch_phase1_core0,mlop_MTPS9600,0.34768,1
nutch_phase1_core0,pythia_MTPS9600,0.34846,1
nutch_phase1_core1,nopref,0.33032,1
nutch_phase1_core1,spp,0.33829,1
nutch_phase1_core1,bingo,0.33874,1
nutch_phase1_core1,mlop,0.33998,1
nutch_phase1_core1,pythia,0.3413,1
nutch_phase1_core1,nopref_MTPS150,0.3141,1
nutch_phase1_core1,spp_MTPS150,0.31698,1
nutch_phase1_core1,bingo_MTPS150,0.3109,1
nutch_phase1_core1,mlop_MTPS150,0.30009,1
nutch_phase1_core1,pythia_MTPS150,0.31619,1
nutch_phase1_core1,nopref_MTPS300,0.32461,1
nutch_phase1_core1,spp_MTPS300,0.33103,1
nutch_phase1_core1,bingo_MTPS300,0.32807,1
nutch_phase1_core1,mlop_MTPS300,0.32443,1
nutch_phase1_core1,pythia_MTPS300,0.33224,1
nutch_phase1_core1,nopref_MTPS600,0.3283,1
nutch_phase1_core1,spp_MTPS600,0.33598,1
nutch_phase1_core1,bingo_MTPS600,0.33508,1
nutch_phase1_core1,mlop_MTPS600,0.33486,1
nutch_phase1_core1,pythia_MTPS600,0.33857,1
nutch_phase1_core1,nopref_MTPS1200,0.3298,1
nutch_phase1_core1,spp_MTPS1200,0.33774,1
nutch_phase1_core1,bingo_MTPS1200,0.33782,1
nutch_phase1_core1,mlop_MTPS1200,0.3388,1
nutch_phase1_core1,pythia_MTPS1200,0.34075,1
nutch_phase1_core1,nopref_MTPS4800,0.33056,1
nutch_phase1_core1,spp_MTPS4800,0.33847,1
nutch_phase1_core1,bingo_MTPS4800,0.33909,1
nutch_phase1_core1,mlop_MTPS4800,0.34032,1
nutch_phase1_core1,pythia_MTPS4800,0.34153,1
nutch_phase1_core1,nopref_MTPS9600,0.33063,1
nutch_phase1_core1,spp_MTPS9600,0.33848,1
nutch_phase1_core1,bingo_MTPS9600,0.33915,1
nutch_phase1_core1,mlop_MTPS9600,0.34033,1
nutch_phase1_core1,pythia_MTPS9600,0.34149,1
nutch_phase1_core2,nopref,0.32395,1
nutch_phase1_core2,spp,0.33219,1
nutch_phase1_core2,bingo,0.33322,1
nutch_phase1_core2,mlop,0.33395,1
nutch_phase1_core2,pythia,0.33529,1
nutch_phase1_core2,nopref_MTPS150,0.3006,1
nutch_phase1_core2,spp_MTPS150,0.30511,1
nutch_phase1_core2,bingo_MTPS150,0.30599,1
nutch_phase1_core2,mlop_MTPS150,0.29335,1
nutch_phase1_core2,pythia_MTPS150,0.30543,1
nutch_phase1_core2,nopref_MTPS300,0.31534,1
nutch_phase1_core2,spp_MTPS300,0.32239,1
nutch_phase1_core2,bingo_MTPS300,0.32292,1
nutch_phase1_core2,mlop_MTPS300,0.31782,1
nutch_phase1_core2,pythia_MTPS300,0.32417,1
nutch_phase1_core2,nopref_MTPS600,0.32096,1
nutch_phase1_core2,spp_MTPS600,0.32887,1
nutch_phase1_core2,bingo_MTPS600,0.32947,1
nutch_phase1_core2,mlop_MTPS600,0.32833,1
nutch_phase1_core2,pythia_MTPS600,0.33156,1
nutch_phase1_core2,nopref_MTPS1200,0.32321,1
nutch_phase1_core2,spp_MTPS1200,0.33137,1
nutch_phase1_core2,bingo_MTPS1200,0.33218,1
nutch_phase1_core2,mlop_MTPS1200,0.33258,1
nutch_phase1_core2,pythia_MTPS1200,0.33449,1
nutch_phase1_core2,nopref_MTPS4800,0.3243,1
nutch_phase1_core2,spp_MTPS4800,0.33254,1
nutch_phase1_core2,bingo_MTPS4800,0.33359,1
nutch_phase1_core2,mlop_MTPS4800,0.33432,1
nutch_phase1_core2,pythia_MTPS4800,0.33549,1
nutch_phase1_core2,nopref_MTPS9600,0.3244,1
nutch_phase1_core2,spp_MTPS9600,0.33259,1
nutch_phase1_core2,bingo_MTPS9600,0.33365,1
nutch_phase1_core2,mlop_MTPS9600,0.33438,1
nutch_phase1_core2,pythia_MTPS9600,0.33552,1
nutch_phase1_core3,nopref,0.32925,1
nutch_phase1_core3,spp,0.34175,1
nutch_phase1_core3,bingo,0.34293,1
nutch_phase1_core3,mlop,0.34354,1
nutch_phase1_core3,pythia,0.34443,1
nutch_phase1_core3,nopref_MTPS150,0.30133,1
nutch_phase1_core3,spp_MTPS150,0.30909,1
nutch_phase1_core3,bingo_MTPS150,0.30979,1
nutch_phase1_core3,mlop_MTPS150,0.29744,1
nutch_phase1_core3,pythia_MTPS150,0.3084,1
nutch_phase1_core3,nopref_MTPS300,0.31896,1
nutch_phase1_core3,spp_MTPS300,0.32927,1
nutch_phase1_core3,bingo_MTPS300,0.32999,1
nutch_phase1_core3,mlop_MTPS300,0.32457,1
nutch_phase1_core3,pythia_MTPS300,0.33055,1
nutch_phase1_core3,nopref_MTPS600,0.32587,1
nutch_phase1_core3,spp_MTPS600,0.33762,1
nutch_phase1_core3,bingo_MTPS600,0.33823,1
nutch_phase1_core3,mlop_MTPS600,0.3368,1
nutch_phase1_core3,pythia_MTPS600,0.33981,1
nutch_phase1_core3,nopref_MTPS1200,0.32853,1
nutch_phase1_core3,spp_MTPS1200,0.34082,1
nutch_phase1_core3,bingo_MTPS1200,0.34175,1
nutch_phase1_core3,mlop_MTPS1200,0.34195,1
nutch_phase1_core3,pythia_MTPS1200,0.34353,1
nutch_phase1_core3,nopref_MTPS4800,0.3296,1
nutch_phase1_core3,spp_MTPS4800,0.34211,1
nutch_phase1_core3,bingo_MTPS4800,0.34335,1
nutch_phase1_core3,mlop_MTPS4800,0.34397,1
nutch_phase1_core3,pythia_MTPS4800,0.34484,1
nutch_phase1_core3,nopref_MTPS9600,0.32971,1
nutch_phase1_core3,spp_MTPS9600,0.34217,1
nutch_phase1_core3,bingo_MTPS9600,0.34344,1
nutch_phase1_core3,mlop_MTPS9600,0.3441,1
nutch_phase1_core3,pythia_MTPS9600,0.34492,1
nutch_phase3_core0,nopref,0.33611,1
nutch_phase3_core0,spp,0.34469,1
nutch_phase3_core0,bingo,0.34531,1
nutch_phase3_core0,mlop,0.34637,1
nutch_phase3_core0,pythia,0.34736,1
nutch_phase3_core0,nopref_MTPS150,0.31762,1
nutch_phase3_core0,spp_MTPS150,0.32061,1
nutch_phase3_core0,bingo_MTPS150,0.32096,1
nutch_phase3_core0,mlop_MTPS150,0.30861,1
nutch_phase3_core0,pythia_MTPS150,0.32058,1
nutch_phase3_core0,nopref_MTPS300,0.32987,1
nutch_phase3_core0,spp_MTPS300,0.33665,1
nutch_phase3_core0,bingo_MTPS300,0.33667,1
nutch_phase3_core0,mlop_MTPS300,0.3316,1
nutch_phase3_core0,pythia_MTPS300,0.3379,1
nutch_phase3_core0,nopref_MTPS600,0.33415,1
nutch_phase3_core0,spp_MTPS600,0.34231,1
nutch_phase3_core0,bingo_MTPS600,0.34246,1
nutch_phase3_core0,mlop_MTPS600,0.34134,1
nutch_phase3_core0,pythia_MTPS600,0.34443,1
nutch_phase3_core0,nopref_MTPS1200,0.33569,1
nutch_phase3_core0,spp_MTPS1200,0.34416,1
nutch_phase3_core0,bingo_MTPS1200,0.34459,1
nutch_phase3_core0,mlop_MTPS1200,0.34527,1
nutch_phase3_core0,pythia_MTPS1200,0.34676,1
nutch_phase3_core0,nopref_MTPS4800,0.3363,1
nutch_phase3_core0,spp_MTPS4800,0.3449,1
nutch_phase3_core0,bingo_MTPS4800,0.34556,1
nutch_phase3_core0,mlop_MTPS4800,0.34673,1
nutch_phase3_core0,pythia_MTPS4800,0.34757,1
nutch_phase3_core0,nopref_MTPS9600,0.33636,1
nutch_phase3_core0,spp_MTPS9600,0.34492,1
nutch_phase3_core0,bingo_MTPS9600,0.3456,1
nutch_phase3_core0,mlop_MTPS9600,0.34676,1
nutch_phase3_core0,pythia_MTPS9600,0.34763,1
nutch_phase3_core1,nopref,0.32414,1
nutch_phase3_core1,spp,0.33931,1
nutch_phase3_core1,bingo,0.33989,1
nutch_phase3_core1,mlop,0.34206,1
nutch_phase3_core1,pythia,0.34285,1
nutch_phase3_core1,nopref_MTPS150,0.28957,1
nutch_phase3_core1,spp_MTPS150,0.29434,1
nutch_phase3_core1,bingo_MTPS150,0.28935,1
nutch_phase3_core1,mlop_MTPS150,0.27623,1
nutch_phase3_core1,pythia_MTPS150,0.29486,1
nutch_phase3_core1,nopref_MTPS300,0.31155,1
nutch_phase3_core1,spp_MTPS300,0.32234,1
nutch_phase3_core1,bingo_MTPS300,0.31989,1
nutch_phase3_core1,mlop_MTPS300,0.31445,1
nutch_phase3_core1,pythia_MTPS300,0.32437,1
nutch_phase3_core1,nopref_MTPS600,0.32042,1
nutch_phase3_core1,spp_MTPS600,0.33468,1
nutch_phase3_core1,bingo_MTPS600,0.33374,1
nutch_phase3_core1,mlop_MTPS600,0.33347,1
nutch_phase3_core1,pythia_MTPS600,0.3373,1
nutch_phase3_core1,nopref_MTPS1200,0.32329,1
nutch_phase3_core1,spp_MTPS1200,0.3382,1
nutch_phase3_core1,bingo_MTPS1200,0.3384,1
nutch_phase3_core1,mlop_MTPS1200,0.34004,1
nutch_phase3_core1,pythia_MTPS1200,0.34187,1
nutch_phase3_core1,nopref_MTPS4800,0.32454,1
nutch_phase3_core1,spp_MTPS4800,0.33972,1
nutch_phase3_core1,bingo_MTPS4800,0.34044,1
nutch_phase3_core1,mlop_MTPS4800,0.34261,1
nutch_phase3_core1,pythia_MTPS4800,0.34323,1
nutch_phase3_core1,nopref_MTPS9600,0.32467,1
nutch_phase3_core1,spp_MTPS9600,0.33979,1
nutch_phase3_core1,bingo_MTPS9600,0.34052,1
nutch_phase3_core1,mlop_MTPS9600,0.34265,1
nutch_phase3_core1,pythia_MTPS9600,0.34329,1
nutch_phase3_core2,nopref,0.34745,1
nutch_phase3_core2,spp,0.35571,1
nutch_phase3_core2,bingo,0.35609,1
nutch_phase3_core2,mlop,0.35779,1
nutch_phase3_core2,pythia,0.35785,1
nutch_phase3_core2,nopref_MTPS150,0.32853,1
nutch_phase3_core2,spp_MTPS150,0.33275,1
nutch_phase3_core2,bingo_MTPS150,0.33122,1
nutch_phase3_core2,mlop_MTPS150,0.31933,1
nutch_phase3_core2,pythia_MTPS150,0.33165,1
nutch_phase3_core2,nopref_MTPS300,0.3411,1
nutch_phase3_core2,spp_MTPS300,0.34793,1
nutch_phase3_core2,bingo_MTPS300,0.34687,1
nutch_phase3_core2,mlop_MTPS300,0.34249,1
nutch_phase3_core2,pythia_MTPS300,0.34845,1
nutch_phase3_core2,nopref_MTPS600,0.3454,1
nutch_phase3_core2,spp_MTPS600,0.35332,1
nutch_phase3_core2,bingo_MTPS600,0.35289,1
nutch_phase3_core2,mlop_MTPS600,0.35276,1
nutch_phase3_core2,pythia_MTPS600,0.35487,1
nutch_phase3_core2,nopref_MTPS1200,0.34698,1
nutch_phase3_core2,spp_MTPS1200,0.35518,1
nutch_phase3_core2,bingo_MTPS1200,0.35524,1
nutch_phase3_core2,mlop_MTPS1200,0.35656,1
nutch_phase3_core2,pythia_MTPS1200,0.35724,1
nutch_phase3_core2,nopref_MTPS4800,0.34766,1
nutch_phase3_core2,spp_MTPS4800,0.35591,1
nutch_phase3_core2,bingo_MTPS4800,0.3564,1
nutch_phase3_core2,mlop_MTPS4800,0.35808,1
nutch_phase3_core2,pythia_MTPS4800,0.35809,1
nutch_phase3_core2,nopref_MTPS9600,0.34772,1
nutch_phase3_core2,spp_MTPS9600,0.35595,1
nutch_phase3_core2,bingo_MTPS9600,0.35646,1
nutch_phase3_core2,mlop_MTPS9600,0.35815,1
nutch_phase3_core2,pythia_MTPS9600,0.35813,1
nutch_phase3_core3,nopref,0.32274,1
nutch_phase3_core3,spp,0.33272,1
nutch_phase3_core3,bingo,0.33338,1
nutch_phase3_core3,mlop,0.33475,1
nutch_phase3_core3,pythia,0.33617,1
nutch_phase3_core3,nopref_MTPS150,0.29815,1
nutch_phase3_core3,spp_MTPS150,0.30126,1
nutch_phase3_core3,bingo_MTPS150,0.29776,1
nutch_phase3_core3,mlop_MTPS150,0.28474,1
nutch_phase3_core3,pythia_MTPS150,0.30033,1
nutch_phase3_core3,nopref_MTPS300,0.31382,1
nutch_phase3_core3,spp_MTPS300,0.32147,1
nutch_phase3_core3,bingo_MTPS300,0.3195,1
nutch_phase3_core3,mlop_MTPS300,0.31457,1
nutch_phase3_core3,pythia_MTPS300,0.32273,1
nutch_phase3_core3,nopref_MTPS600,0.31975,1
nutch_phase3_core3,spp_MTPS600,0.32904,1
nutch_phase3_core3,bingo_MTPS600,0.32843,1
nutch_phase3_core3,mlop_MTPS600,0.32784,1
nutch_phase3_core3,pythia_MTPS600,0.33179,1
nutch_phase3_core3,nopref_MTPS1200,0.32209,1
nutch_phase3_core3,spp_MTPS1200,0.33184,1
nutch_phase3_core3,bingo_MTPS1200,0.33209,1
nutch_phase3_core3,mlop_MTPS1200,0.33325,1
nutch_phase3_core3,pythia_MTPS1200,0.33529,1
nutch_phase3_core3,nopref_MTPS4800,0.32306,1
nutch_phase3_core3,spp_MTPS4800,0.33305,1
nutch_phase3_core3,bingo_MTPS4800,0.33386,1
nutch_phase3_core3,mlop_MTPS4800,0.33523,1
nutch_phase3_core3,pythia_MTPS4800,0.33655,1
nutch_phase3_core3,nopref_MTPS9600,0.32316,1
nutch_phase3_core3,spp_MTPS9600,0.33314,1
nutch_phase3_core3,bingo_MTPS9600,0.33393,1
nutch_phase3_core3,mlop_MTPS9600,0.33528,1
nutch_phase3_core3,pythia_MTPS9600,0.33661,1
nutch_phase4_core0,nopref,0.33027,1
nutch_phase4_core0,spp,0.34088,1
nutch_phase4_core0,bingo,0.34083,1
nutch_phase4_core0,mlop,0.34247,1
nutch_phase4_core0,pythia,0.34363,1
nutch_phase4_core0,nopref_MTPS150,0.30707,1
nutch_phase4_core0,spp_MTPS150,0.31241,1
nutch_phase4_core0,bingo_MTPS150,0.30633,1
nutch_phase4_core0,mlop_MTPS150,0.29743,1
nutch_phase4_core0,pythia_MTPS150,0.31011,1
nutch_phase4_core0,nopref_MTPS300,0.32236,1
nutch_phase4_core0,spp_MTPS300,0.33105,1
nutch_phase4_core0,bingo_MTPS300,0.32749,1
nutch_phase4_core0,mlop_MTPS300,0.3247,1
nutch_phase4_core0,pythia_MTPS300,0.33128,1
nutch_phase4_core0,nopref_MTPS600,0.32773,1
nutch_phase4_core0,spp_MTPS600,0.3379,1
nutch_phase4_core0,bingo_MTPS600,0.33613,1
nutch_phase4_core0,mlop_MTPS600,0.33662,1
nutch_phase4_core0,pythia_MTPS600,0.33971,1
nutch_phase4_core0,nopref_MTPS1200,0.32971,1
nutch_phase4_core0,spp_MTPS1200,0.34021,1
nutch_phase4_core0,bingo_MTPS1200,0.33969,1
nutch_phase4_core0,mlop_MTPS1200,0.34117,1
nutch_phase4_core0,pythia_MTPS1200,0.34287,1
nutch_phase4_core0,nopref_MTPS4800,0.33053,1
nutch_phase4_core0,spp_MTPS4800,0.34112,1
nutch_phase4_core0,bingo_MTPS4800,0.34124,1
nutch_phase4_core0,mlop_MTPS4800,0.34286,1
nutch_phase4_core0,pythia_MTPS4800,0.34389,1
nutch_phase4_core0,nopref_MTPS9600,0.33061,1
nutch_phase4_core0,spp_MTPS9600,0.34118,1
nutch_phase4_core0,bingo_MTPS9600,0.3413,1
nutch_phase4_core0,mlop_MTPS9600,0.34295,1
nutch_phase4_core0,pythia_MTPS9600,0.34394,1
nutch_phase4_core1,nopref,0.31891,1
nutch_phase4_core1,spp,0.32589,1
nutch_phase4_core1,bingo,0.32765,1
nutch_phase4_core1,mlop,0.32786,1
nutch_phase4_core1,pythia,0.32959,1
nutch_phase4_core1,nopref_MTPS150,0.29998,1
nutch_phase4_core1,spp_MTPS150,0.30094,1
nutch_phase4_core1,bingo_MTPS150,0.2981,1
nutch_phase4_core1,mlop_MTPS150,0.28479,1
nutch_phase4_core1,pythia_MTPS150,0.30072,1
nutch_phase4_core1,nopref_MTPS300,0.3125,1
nutch_phase4_core1,spp_MTPS300,0.31756,1
nutch_phase4_core1,bingo_MTPS300,0.31608,1
nutch_phase4_core1,mlop_MTPS300,0.31068,1
nutch_phase4_core1,pythia_MTPS300,0.31922,1
nutch_phase4_core1,nopref_MTPS600,0.31689,1
nutch_phase4_core1,spp_MTPS600,0.32346,1
nutch_phase4_core1,bingo_MTPS600,0.32366,1
nutch_phase4_core1,mlop_MTPS600,0.32222,1
nutch_phase4_core1,pythia_MTPS600,0.32638,1
nutch_phase4_core1,nopref_MTPS1200,0.31847,1
nutch_phase4_core1,spp_MTPS1200,0.3254,1
nutch_phase4_core1,bingo_MTPS1200,0.32674,1
nutch_phase4_core1,mlop_MTPS1200,0.32665,1
nutch_phase4_core1,pythia_MTPS1200,0.32898,1
nutch_phase4_core1,nopref_MTPS4800,0.31911,1
nutch_phase4_core1,spp_MTPS4800,0.32606,1
nutch_phase4_core1,bingo_MTPS4800,0.32795,1
nutch_phase4_core1,mlop_MTPS4800,0.32818,1
nutch_phase4_core1,pythia_MTPS4800,0.32982,1
nutch_phase4_core1,nopref_MTPS9600,0.31917,1
nutch_phase4_core1,spp_MTPS9600,0.32612,1
nutch_phase4_core1,bingo_MTPS9600,0.328,1
nutch_phase4_core1,mlop_MTPS9600,0.32822,1
nutch_phase4_core1,pythia_MTPS9600,0.32987,1
nutch_phase4_core2,nopref,0.31974,1
nutch_phase4_core2,spp,0.33154,1
nutch_phase4_core2,bingo,0.33191,1
nutch_phase4_core2,mlop,0.33326,1
nutch_phase4_core2,pythia,0.33416,1
nutch_phase4_core2,nopref_MTPS150,0.29297,1
nutch_phase4_core2,spp_MTPS150,0.3024,1
nutch_phase4_core2,bingo_MTPS150,0.30015,1
nutch_phase4_core2,mlop_MTPS150,0.29245,1
nutch_phase4_core2,pythia_MTPS150,0.30087,1
nutch_phase4_core2,nopref_MTPS300,0.30986,1
nutch_phase4_core2,spp_MTPS300,0.3207,1
nutch_phase4_core2,bingo_MTPS300,0.31998,1
nutch_phase4_core2,mlop_MTPS300,0.31692,1
nutch_phase4_core2,pythia_MTPS300,0.3215,1
nutch_phase4_core2,nopref_MTPS600,0.31623,1
nutch_phase4_core2,spp_MTPS600,0.32786,1
nutch_phase4_core2,bingo_MTPS600,0.32761,1
nutch_phase4_core2,mlop_MTPS600,0.32763,1
nutch_phase4_core2,pythia_MTPS600,0.32979,1
nutch_phase4_core2,nopref_MTPS1200,0.31885,1
nutch_phase4_core2,spp_MTPS1200,0.33056,1
nutch_phase4_core2,bingo_MTPS1200,0.33072,1
nutch_phase4_core2,mlop_MTPS1200,0.33183,1
nutch_phase4_core2,pythia_MTPS1200,0.3332,1
nutch_phase4_core2,nopref_MTPS4800,0.32016,1
nutch_phase4_core2,spp_MTPS4800,0.33194,1
nutch_phase4_core2,bingo_MTPS4800,0.33235,1
nutch_phase4_core2,mlop_MTPS4800,0.33366,1
nutch_phase4_core2,pythia_MTPS4800,0.33454,1
nutch_phase4_core2,nopref_MTPS9600,0.32028,1
nutch_phase4_core2,spp_MTPS9600,0.33202,1
nutch_phase4_core2,bingo_MTPS9600,0.33244,1
nutch_phase4_core2,mlop_MTPS9600,0.33372,1
nutch_phase4_core2,pythia_MTPS9600,0.33462,1
nutch_phase4_core3,nopref,0.31429,1
nutch_phase4_core3,spp,0.32173,1
nutch_phase4_core3,bingo,0.32229,1
nutch_phase4_core3,mlop,0.3232,1
nutch_phase4_core3,pythia,0.32439,1
nutch_phase4_core3,nopref_MTPS150,0.29568,1
nutch_phase4_core3,spp_MTPS150,0.29934,1
nutch_phase4_core3,bingo_MTPS150,0.29924,1
nutch_phase4_core3,mlop_MTPS150,0.28705,1
nutch_phase4_core3,pythia_MTPS150,0.29811,1
nutch_phase4_core3,nopref_MTPS300,0.30762,1
nutch_phase4_core3,spp_MTPS300,0.31381,1
nutch_phase4_core3,bingo_MTPS300,0.31382,1
nutch_phase4_core3,mlop_MTPS300,0.30908,1
nutch_phase4_core3,pythia_MTPS300,0.31481,1
nutch_phase4_core3,nopref_MTPS600,0.31203,1
nutch_phase4_core3,spp_MTPS600,0.31921,1
nutch_phase4_core3,bingo_MTPS600,0.31935,1
nutch_phase4_core3,mlop_MTPS600,0.3186,1
nutch_phase4_core3,pythia_MTPS600,0.32131,1
nutch_phase4_core3,nopref_MTPS1200,0.31376,1
nutch_phase4_core3,spp_MTPS1200,0.32109,1
nutch_phase4_core3,bingo_MTPS1200,0.32153,1
nutch_phase4_core3,mlop_MTPS1200,0.32214,1
nutch_phase4_core3,pythia_MTPS1200,0.32373,1
nutch_phase4_core3,nopref_MTPS4800,0.31453,1
nutch_phase4_core3,spp_MTPS4800,0.32195,1
nutch_phase4_core3,bingo_MTPS4800,0.32255,1
nutch_phase4_core3,mlop_MTPS4800,0.32348,1
nutch_phase4_core3,pythia_MTPS4800,0.32462,1
nutch_phase4_core3,nopref_MTPS9600,0.3146,1
nutch_phase4_core3,spp_MTPS9600,0.322,1
nutch_phase4_core3,bingo_MTPS9600,0.3226,1
nutch_phase4_core3,mlop_MTPS9600,0.3236,1
nutch_phase4_core3,pythia_MTPS9600,0.32467,1
streaming_phase0_core1,nopref,0.2458,1
streaming_phase0_core1,spp,0.25958,1
streaming_phase0_core1,bingo,0.26291,1
streaming_phase0_core1,mlop,0.26229,1
streaming_phase0_core1,pythia,0.26054,1
streaming_phase0_core1,nopref_MTPS150,0.21209,1
streaming_phase0_core1,spp_MTPS150,0.2138,1
streaming_phase0_core1,bingo_MTPS150,0.21417,1
streaming_phase0_core1,mlop_MTPS150,0.1997,1
streaming_phase0_core1,pythia_MTPS150,0.21364,1
streaming_phase0_core1,nopref_MTPS300,0.23301,1
streaming_phase0_core1,spp_MTPS300,0.24132,1
streaming_phase0_core1,bingo_MTPS300,0.24227,1
streaming_phase0_core1,mlop_MTPS300,0.23497,1
streaming_phase0_core1,pythia_MTPS300,0.24076,1
streaming_phase0_core1,nopref_MTPS600,0.24209,1
streaming_phase0_core1,spp_MTPS600,0.25449,1
streaming_phase0_core1,bingo_MTPS600,0.25698,1
streaming_phase0_core1,mlop_MTPS600,0.25406,1
streaming_phase0_core1,pythia_MTPS600,0.25402,1
streaming_phase0_core1,nopref_MTPS1200,0.24505,1
streaming_phase0_core1,spp_MTPS1200,0.2585,1
streaming_phase0_core1,bingo_MTPS1200,0.2614,1
streaming_phase0_core1,mlop_MTPS1200,0.26032,1
streaming_phase0_core1,pythia_MTPS1200,0.25926,1
streaming_phase0_core1,nopref_MTPS4800,0.24606,1
streaming_phase0_core1,spp_MTPS4800,0.25981,1
streaming_phase0_core1,bingo_MTPS4800,0.26337,1
streaming_phase0_core1,mlop_MTPS4800,0.2628,1
streaming_phase0_core1,pythia_MTPS4800,0.26092,1
streaming_phase0_core1,nopref_MTPS9600,0.24615,1
streaming_phase0_core1,spp_MTPS9600,0.25987,1
streaming_phase0_core1,bingo_MTPS9600,0.26343,1
streaming_phase0_core1,mlop_MTPS9600,0.26275,1
streaming_phase0_core1,pythia_MTPS9600,0.26099,1
streaming_phase1_core0,nopref,0.22037,1
streaming_phase1_core0,spp,0.22308,1
streaming_phase1_core0,bingo,0.22502,1
streaming_phase1_core0,mlop,0.22456,1
streaming_phase1_core0,pythia,0.22457,1
streaming_phase1_core0,nopref_MTPS150,0.1983,1
streaming_phase1_core0,spp_MTPS150,0.19701,1
streaming_phase1_core0,bingo_MTPS150,0.19764,1
streaming_phase1_core0,mlop_MTPS150,0.185,1
streaming_phase1_core0,pythia_MTPS150,0.19853,1
streaming_phase1_core0,nopref_MTPS300,0.21145,1
streaming_phase1_core0,spp_MTPS300,0.21236,1
streaming_phase1_core0,bingo_MTPS300,0.2131,1
streaming_phase1_core0,mlop_MTPS300,0.20702,1
streaming_phase1_core0,pythia_MTPS300,0.21371,1
streaming_phase1_core0,nopref_MTPS600,0.21742,1
streaming_phase1_core0,spp_MTPS600,0.21945,1
streaming_phase1_core0,bingo_MTPS600,0.2207,1
streaming_phase1_core0,mlop_MTPS600,0.2184,1
streaming_phase1_core0,pythia_MTPS600,0.22085,1
streaming_phase1_core0,nopref_MTPS1200,0.2198,1
streaming_phase1_core0,spp_MTPS1200,0.22224,1
streaming_phase1_core0,bingo_MTPS1200,0.22388,1
streaming_phase1_core0,mlop_MTPS1200,0.22305,1
streaming_phase1_core0,pythia_MTPS1200,0.22358,1
streaming_phase1_core0,nopref_MTPS4800,0.22055,1
streaming_phase1_core0,spp_MTPS4800,0.22327,1
streaming_phase1_core0,bingo_MTPS4800,0.22535,1
streaming_phase1_core0,mlop_MTPS4800,0.22492,1
streaming_phase1_core0,pythia_MTPS4800,0.22488,1
streaming_phase1_core0,nopref_MTPS9600,0.22061,1
streaming_phase1_core0,spp_MTPS9600,0.2233,1
streaming_phase1_core0,bingo_MTPS9600,0.22539,1
streaming_phase1_core0,mlop_MTPS9600,0.22497,1
streaming_phase1_core0,pythia_MTPS9600,0.22491,1
streaming_phase1_core1,nopref,0.21723,1
streaming_phase1_core1,spp,0.21889,1
streaming_phase1_core1,bingo,0.22071,1
streaming_phase1_core1,mlop,0.22022,1
streaming_phase1_core1,pythia,0.22024,1
streaming_phase1_core1,nopref_MTPS150,0.1982,1
streaming_phase1_core1,spp_MTPS150,0.19688,1
streaming_phase1_core1,bingo_MTPS150,0.19732,1
streaming_phase1_core1,mlop_MTPS150,0.18491,1
streaming_phase1_core1,pythia_MTPS150,0.19829,1
streaming_phase1_core1,nopref_MTPS300,0.20959,1
streaming_phase1_core1,spp_MTPS300,0.21001,1
streaming_phase1_core1,bingo_MTPS300,0.21065,1
streaming_phase1_core1,mlop_MTPS300,0.20476,1
streaming_phase1_core1,pythia_MTPS300,0.21122,1
streaming_phase1_core1,nopref_MTPS600,0.21472,1
streaming_phase1_core1,spp_MTPS600,0.21589,1
streaming_phase1_core1,bingo_MTPS600,0.21708,1
streaming_phase1_core1,mlop_MTPS600,0.21475,1
streaming_phase1_core1,pythia_MTPS600,0.21709,1
streaming_phase1_core1,nopref_MTPS1200,0.21676,1
streaming_phase1_core1,spp_MTPS1200,0.21822,1
streaming_phase1_core1,bingo_MTPS1200,0.21977,1
streaming_phase1_core1,mlop_MTPS1200,0.21891,1
streaming_phase1_core1,pythia_MTPS1200,0.21944,1
streaming_phase1_core1,nopref_MTPS4800,0.21736,1
streaming_phase1_core1,spp_MTPS4800,0.21902,1
streaming_phase1_core1,bingo_MTPS4800,0.22097,1
streaming_phase1_core1,mlop_MTPS4800,0.22051,1
streaming_phase1_core1,pythia_MTPS4800,0.22045,1
streaming_phase1_core1,nopref_MTPS9600,0.2174,1
streaming_phase1_core1,spp_MTPS9600,0.21906,1
streaming_phase1_core1,bingo_MTPS9600,0.221,1
streaming_phase1_core1,mlop_MTPS9600,0.22052,1
streaming_phase1_core1,pythia_MTPS9600,0.22049,1
streaming_phase1_core3,nopref,0.21365,1
streaming_phase1_core3,spp,0.21505,1
streaming_phase1_core3,bingo,0.21676,1
streaming_phase1_core3,mlop,0.21635,1
streaming_phase1_core3,pythia,0.21629,1
streaming_phase1_core3,nopref_MTPS150,0.193,1
streaming_phase1_core3,spp_MTPS150,0.19175,1
streaming_phase1_core3,bingo_MTPS150,0.19198,1
streaming_phase1_core3,mlop_MTPS150,0.18078,1
streaming_phase1_core3,pythia_MTPS150,0.19279,1
streaming_phase1_core3,nopref_MTPS300,0.20497,1
streaming_phase1_core3,spp_MTPS300,0.20533,1
streaming_phase1_core3,bingo_MTPS300,0.20582,1
streaming_phase1_core3,mlop_MTPS300,0.20044,1
streaming_phase1_core3,pythia_MTPS300,0.20629,1
streaming_phase1_core3,nopref_MTPS600,0.21063,1
streaming_phase1_core3,spp_MTPS600,0.21156,1
streaming_phase1_core3,bingo_MTPS600,0.21255,1
streaming_phase1_core3,mlop_MTPS600,0.21056,1
streaming_phase1_core3,pythia_MTPS600,0.21264,1
streaming_phase1_core3,nopref_MTPS1200,0.21303,1
streaming_phase1_core3,spp_MTPS1200,0.21421,1
streaming_phase1_core3,bingo_MTPS1200,0.21562,1
streaming_phase1_core3,mlop_MTPS1200,0.21493,1
streaming_phase1_core3,pythia_MTPS1200,0.21534,1
streaming_phase1_core3,nopref_MTPS4800,0.21383,1
streaming_phase1_core3,spp_MTPS4800,0.21524,1
streaming_phase1_core3,bingo_MTPS4800,0.2171,1
streaming_phase1_core3,mlop_MTPS4800,0.21669,1
streaming_phase1_core3,pythia_MTPS4800,0.21668,1
streaming_phase1_core3,nopref_MTPS9600,0.2139,1
streaming_phase1_core3,spp_MTPS9600,0.21528,1
streaming_phase1_core3,bingo_MTPS9600,0.21715,1
streaming_phase1_core3,mlop_MTPS9600,0.21673,1
streaming_phase1_core3,pythia_MTPS9600,0.21667,1
streaming_phase2_core0,nopref,0.21658,1
streaming_phase2_core0,spp,0.21882,1
streaming_phase2_core0,bingo,0.22079,1
streaming_phase2_core0,mlop,0.22032,1
streaming_phase2_core0,pythia,0.22025,1
streaming_phase2_core0,nopref_MTPS150,0.19456,1
streaming_phase2_core0,spp_MTPS150,0.19314,1
streaming_phase2_core0,bingo_MTPS150,0.19303,1
streaming_phase2_core0,mlop_MTPS150,0.17842,1
streaming_phase2_core0,pythia_MTPS150,0.19454,1
streaming_phase2_core0,nopref_MTPS300,0.20765,1
streaming_phase2_core0,spp_MTPS300,0.20832,1
streaming_phase2_core0,bingo_MTPS300,0.20872,1
streaming_phase2_core0,mlop_MTPS300,0.20162,1
streaming_phase2_core0,pythia_MTPS300,0.20958,1
streaming_phase2_core0,nopref_MTPS600,0.2136,1
streaming_phase2_core0,spp_MTPS600,0.21523,1
streaming_phase2_core0,bingo_MTPS600,0.21639,1
streaming_phase2_core0,mlop_MTPS600,0.21371,1
streaming_phase2_core0,pythia_MTPS600,0.21654,1
streaming_phase2_core0,nopref_MTPS1200,0.216,1
streaming_phase2_core0,spp_MTPS1200,0.218,1
streaming_phase2_core0,bingo_MTPS1200,0.21964,1
streaming_phase2_core0,mlop_MTPS1200,0.21875,1
streaming_phase2_core0,pythia_MTPS1200,0.21926,1
streaming_phase2_core0,nopref_MTPS4800,0.21678,1
streaming_phase2_core0,spp_MTPS4800,0.21901,1
streaming_phase2_core0,bingo_MTPS4800,0.22113,1
streaming_phase2_core0,mlop_MTPS4800,0.22071,1
streaming_phase2_core0,pythia_MTPS4800,0.22054,1
streaming_phase2_core0,nopref_MTPS9600,0.21684,1
streaming_phase2_core0,spp_MTPS9600,0.21903,1
streaming_phase2_core0,bingo_MTPS9600,0.22117,1
streaming_phase2_core0,mlop_MTPS9600,0.22074,1
streaming_phase2_core0,pythia_MTPS9600,0.2206,1
streaming_phase2_core1,nopref,0.23537,1
streaming_phase2_core1,spp,0.24275,1
streaming_phase2_core1,bingo,0.24536,1
streaming_phase2_core1,mlop,0.24474,1
streaming_phase2_core1,pythia,0.24469,1
streaming_phase2_core1,nopref_MTPS150,0.2083,1
streaming_phase2_core1,spp_MTPS150,0.2084,1
streaming_phase2_core1,bingo_MTPS150,0.20858,1
streaming_phase2_core1,mlop_MTPS150,0.19105,1
streaming_phase2_core1,pythia_MTPS150,0.21019,1
streaming_phase2_core1,nopref_MTPS300,0.22594,1
streaming_phase2_core1,spp_MTPS300,0.22914,1
streaming_phase2_core1,bingo_MTPS300,0.22978,1
streaming_phase2_core1,mlop_MTPS300,0.22088,1
streaming_phase2_core1,pythia_MTPS300,0.23073,1
streaming_phase2_core1,nopref_MTPS600,0.23242,1
streaming_phase2_core1,spp_MTPS600,0.23879,1
streaming_phase2_core1,bingo_MTPS600,0.24057,1
streaming_phase2_core1,mlop_MTPS600,0.23705,1
streaming_phase2_core1,pythia_MTPS600,0.24069,1
streaming_phase2_core1,nopref_MTPS1200,0.23478,1
streaming_phase2_core1,spp_MTPS1200,0.24186,1
streaming_phase2_core1,bingo_MTPS1200,0.24412,1
streaming_phase2_core1,mlop_MTPS1200,0.24295,1
streaming_phase2_core1,pythia_MTPS1200,0.24367,1
streaming_phase2_core1,nopref_MTPS4800,0.23552,1
streaming_phase2_core1,spp_MTPS4800,0.24295,1
streaming_phase2_core1,bingo_MTPS4800,0.24572,1
streaming_phase2_core1,mlop_MTPS4800,0.24512,1
streaming_phase2_core1,pythia_MTPS4800,0.24497,1
streaming_phase2_core1,nopref_MTPS9600,0.23558,1
streaming_phase2_core1,spp_MTPS9600,0.24297,1
streaming_phase2_core1,bingo_MTPS9600,0.24577,1
streaming_phase2_core1,mlop_MTPS9600,0.24519,1
streaming_phase2_core1,pythia_MTPS9600,0.24504,1
streaming_phase2_core2,nopref,0.21593,1
streaming_phase2_core2,spp,0.225,1
streaming_phase2_core2,bingo,0.2267,1
streaming_phase2_core2,mlop,0.22627,1
streaming_phase2_core2,pythia,0.22473,1
streaming_phase2_core2,nopref_MTPS150,0.20118,1
streaming_phase2_core2,spp_MTPS150,0.20254,1
streaming_phase2_core2,bingo_MTPS150,0.20371,1
streaming_phase2_core2,mlop_MTPS150,0.19257,1
streaming_phase2_core2,pythia_MTPS150,0.20106,1
streaming_phase2_core2,nopref_MTPS300,0.21232,1
streaming_phase2_core2,spp_MTPS300,0.21727,1
streaming_phase2_core2,bingo_MTPS300,0.21796,1
streaming_phase2_core2,mlop_MTPS300,0.21318,1
streaming_phase2_core2,pythia_MTPS300,0.21516,1
streaming_phase2_core2,nopref_MTPS600,0.21487,1
streaming_phase2_core2,spp_MTPS600,0.22339,1
streaming_phase2_core2,bingo_MTPS600,0.22472,1
streaming_phase2_core2,mlop_MTPS600,0.22267,1
streaming_phase2_core2,pythia_MTPS600,0.22179,1
streaming_phase2_core2,nopref_MTPS1200,0.21573,1
streaming_phase2_core2,spp_MTPS1200,0.2247,1
streaming_phase2_core2,bingo_MTPS1200,0.22623,1
streaming_phase2_core2,mlop_MTPS1200,0.22551,1
streaming_phase2_core2,pythia_MTPS1200,0.22441,1
streaming_phase2_core2,nopref_MTPS4800,0.21597,1
streaming_phase2_core2,spp_MTPS4800,0.22506,1
streaming_phase2_core2,bingo_MTPS4800,0.22682,1
streaming_phase2_core2,mlop_MTPS4800,0.22641,1
streaming_phase2_core2,pythia_MTPS4800,0.22483,1
streaming_phase2_core2,nopref_MTPS9600,0.21599,1
streaming_phase2_core2,spp_MTPS9600,0.22507,1
streaming_phase2_core2,bingo_MTPS9600,0.22683,1
streaming_phase2_core2,mlop_MTPS9600,0.22642,1
streaming_phase2_core2,pythia_MTPS9600,0.22484,1
streaming_phase2_core3,nopref,0.23012,1
streaming_phase2_core3,spp,0.23648,1
streaming_phase2_core3,bingo,0.23896,1
streaming_phase2_core3,mlop,0.23862,1
streaming_phase2_core3,pythia,0.23827,1
streaming_phase2_core3,nopref_MTPS150,0.20373,1
streaming_phase2_core3,spp_MTPS150,0.20268,1
streaming_phase2_core3,bingo_MTPS150,0.20318,1
streaming_phase2_core3,mlop_MTPS150,0.18535,1
streaming_phase2_core3,pythia_MTPS150,0.20462,1
streaming_phase2_core3,nopref_MTPS300,0.22051,1
streaming_phase2_core3,spp_MTPS300,0.22291,1
streaming_phase2_core3,bingo_MTPS300,0.22373,1
streaming_phase2_core3,mlop_MTPS300,0.21488,1
streaming_phase2_core3,pythia_MTPS300,0.2246,1
streaming_phase2_core3,nopref_MTPS600,0.22707,1
streaming_phase2_core3,spp_MTPS600,0.23235,1
streaming_phase2_core3,bingo_MTPS600,0.23407,1
streaming_phase2_core3,mlop_MTPS600,0.23087,1
streaming_phase2_core3,pythia_MTPS600,0.23408,1
streaming_phase2_core3,nopref_MTPS1200,0.22951,1
streaming_phase2_core3,spp_MTPS1200,0.23556,1
streaming_phase2_core3,bingo_MTPS1200,0.23768,1
streaming_phase2_core3,mlop_MTPS1200,0.23682,1
streaming_phase2_core3,pythia_MTPS1200,0.23716,1
streaming_phase2_core3,nopref_MTPS4800,0.23031,1
streaming_phase2_core3,spp_MTPS4800,0.23672,1
streaming_phase2_core3,bingo_MTPS4800,0.23933,1
streaming_phase2_core3,mlop_MTPS4800,0.23904,1
streaming_phase2_core3,pythia_MTPS4800,0.23855,1
streaming_phase2_core3,nopref_MTPS9600,0.23037,1
streaming_phase2_core3,spp_MTPS9600,0.23677,1
streaming_phase2_core3,bingo_MTPS9600,0.23937,1
streaming_phase2_core3,mlop_MTPS9600,0.23909,1
streaming_phase2_core3,pythia_MTPS9600,0.23856,1
streaming_phase3_core0,nopref,0.20978,1
streaming_phase3_core0,spp,0.21112,1
streaming_phase3_core0,bingo,0.21305,1
streaming_phase3_core0,mlop,0.21258,1
streaming_phase3_core0,pythia,0.21242,1
streaming_phase3_core0,nopref_MTPS150,0.18822,1
streaming_phase3_core0,spp_MTPS150,0.18621,1
streaming_phase3_core0,bingo_MTPS150,0.18491,1
streaming_phase3_core0,mlop_MTPS150,0.16654,1
streaming_phase3_core0,pythia_MTPS150,0.18719,1
streaming_phase3_core0,nopref_MTPS300,0.20094,1
streaming_phase3_core0,spp_MTPS300,0.20098,1
streaming_phase3_core0,bingo_MTPS300,0.20083,1
streaming_phase3_core0,mlop_MTPS300,0.19181,1
streaming_phase3_core0,pythia_MTPS300,0.20202,1
streaming_phase3_core0,nopref_MTPS600,0.20679,1
streaming_phase3_core0,spp_MTPS600,0.20762,1
streaming_phase3_core0,bingo_MTPS600,0.20854,1
streaming_phase3_core0,mlop_MTPS600,0.20519,1
streaming_phase3_core0,pythia_MTPS600,0.20872,1
streaming_phase3_core0,nopref_MTPS1200,0.20919,1
streaming_phase3_core0,spp_MTPS1200,0.21033,1
streaming_phase3_core0,bingo_MTPS1200,0.21189,1
streaming_phase3_core0,mlop_MTPS1200,0.21089,1
streaming_phase3_core0,pythia_MTPS1200,0.21152,1
streaming_phase3_core0,nopref_MTPS4800,0.20996,1
streaming_phase3_core0,spp_MTPS4800,0.21131,1
streaming_phase3_core0,bingo_MTPS4800,0.21338,1
streaming_phase3_core0,mlop_MTPS4800,0.21295,1
streaming_phase3_core0,pythia_MTPS4800,0.21274,1
streaming_phase3_core0,nopref_MTPS9600,0.21002,1
streaming_phase3_core0,spp_MTPS9600,0.21134,1
streaming_phase3_core0,bingo_MTPS9600,0.21342,1
streaming_phase3_core0,mlop_MTPS9600,0.21297,1
streaming_phase3_core0,pythia_MTPS9600,0.21278,1
streaming_phase3_core1,nopref,0.21025,1
streaming_phase3_core1,spp,0.2117,1
streaming_phase3_core1,bingo,0.21355,1
streaming_phase3_core1,mlop,0.21312,1
streaming_phase3_core1,pythia,0.21311,1
streaming_phase3_core1,nopref_MTPS150,0.18899,1
streaming_phase3_core1,spp_MTPS150,0.18701,1
streaming_phase3_core1,bingo_MTPS150,0.18581,1
streaming_phase3_core1,mlop_MTPS150,0.16848,1
streaming_phase3_core1,pythia_MTPS150,0.18815,1
streaming_phase3_core1,nopref_MTPS300,0.20154,1
streaming_phase3_core1,spp_MTPS300,0.20166,1
streaming_phase3_core1,bingo_MTPS300,0.20149,1
streaming_phase3_core1,mlop_MTPS300,0.19289,1
streaming_phase3_core1,pythia_MTPS300,0.20274,1
streaming_phase3_core1,nopref_MTPS600,0.20732,1
streaming_phase3_core1,spp_MTPS600,0.20821,1
streaming_phase3_core1,bingo_MTPS600,0.20908,1
streaming_phase3_core1,mlop_MTPS600,0.20589,1
streaming_phase3_core1,pythia_MTPS600,0.2094,1
streaming_phase3_core1,nopref_MTPS1200,0.20968,1
streaming_phase3_core1,spp_MTPS1200,0.21091,1
streaming_phase3_core1,bingo_MTPS1200,0.21239,1
streaming_phase3_core1,mlop_MTPS1200,0.21148,1
streaming_phase3_core1,pythia_MTPS1200,0.21215,1
streaming_phase3_core1,nopref_MTPS4800,0.21043,1
streaming_phase3_core1,spp_MTPS4800,0.21187,1
streaming_phase3_core1,bingo_MTPS4800,0.21387,1
streaming_phase3_core1,mlop_MTPS4800,0.21349,1
streaming_phase3_core1,pythia_MTPS4800,0.21338,1
streaming_phase3_core1,nopref_MTPS9600,0.21049,1
streaming_phase3_core1,spp_MTPS9600,0.21191,1
streaming_phase3_core1,bingo_MTPS9600,0.21391,1
streaming_phase3_core1,mlop_MTPS9600,0.21352,1
streaming_phase3_core1,pythia_MTPS9600,0.2134,1
streaming_phase3_core3,nopref,0.21264,1
streaming_phase3_core3,spp,0.21458,1
streaming_phase3_core3,bingo,0.21659,1
streaming_phase3_core3,mlop,0.21619,1
streaming_phase3_core3,pythia,0.21619,1
streaming_phase3_core3,nopref_MTPS150,0.18954,1
streaming_phase3_core3,spp_MTPS150,0.18718,1
streaming_phase3_core3,bingo_MTPS150,0.18621,1
streaming_phase3_core3,mlop_MTPS150,0.16677,1
streaming_phase3_core3,pythia_MTPS150,0.18855,1
streaming_phase3_core3,nopref_MTPS300,0.20322,1
streaming_phase3_core3,spp_MTPS300,0.20343,1
streaming_phase3_core3,bingo_MTPS300,0.20339,1
streaming_phase3_core3,mlop_MTPS300,0.19366,1
streaming_phase3_core3,pythia_MTPS300,0.20471,1
streaming_phase3_core3,nopref_MTPS600,0.2095,1
streaming_phase3_core3,spp_MTPS600,0.21076,1
streaming_phase3_core3,bingo_MTPS600,0.21179,1
streaming_phase3_core3,mlop_MTPS600,0.20814,1
streaming_phase3_core3,pythia_MTPS600,0.21213,1
streaming_phase3_core3,nopref_MTPS1200,0.21201,1
streaming_phase3_core3,spp_MTPS1200,0.21371,1
streaming_phase3_core3,bingo_MTPS1200,0.21535,1
streaming_phase3_core3,mlop_MTPS1200,0.21432,1
streaming_phase3_core3,pythia_MTPS1200,0.2151,1
streaming_phase3_core3,nopref_MTPS4800,0.21285,1
streaming_phase3_core3,spp_MTPS4800,0.21481,1
streaming_phase3_core3,bingo_MTPS4800,0.21695,1
streaming_phase3_core3,mlop_MTPS4800,0.21661,1
streaming_phase3_core3,pythia_MTPS4800,0.21649,1
streaming_phase3_core3,nopref_MTPS9600,0.21291,1
streaming_phase3_core3,spp_MTPS9600,0.21485,1
streaming_phase3_core3,bingo_MTPS9600,0.21699,1
streaming_phase3_core3,mlop_MTPS9600,0.21664,1
streaming_phase3_core3,pythia_MTPS9600,0.21653,1
streaming_phase4_core0,nopref,0.21382,1
streaming_phase4_core0,spp,0.21468,1
streaming_phase4_core0,bingo,0.21666,1
streaming_phase4_core0,mlop,0.21596,1
streaming_phase4_core0,pythia,0.21589,1
streaming_phase4_core0,nopref_MTPS150,0.19196,1
streaming_phase4_core0,spp_MTPS150,0.19031,1
streaming_phase4_core0,bingo_MTPS150,0.19098,1
streaming_phase4_core0,mlop_MTPS150,0.17993,1
streaming_phase4_core0,pythia_MTPS150,0.19127,1
streaming_phase4_core0,nopref_MTPS300,0.20463,1
streaming_phase4_core0,spp_MTPS300,0.20437,1
streaming_phase4_core0,bingo_MTPS300,0.20528,1
streaming_phase4_core0,mlop_MTPS300,0.19977,1
streaming_phase4_core0,pythia_MTPS300,0.20535,1
streaming_phase4_core0,nopref_MTPS600,0.21055,1
streaming_phase4_core0,spp_MTPS600,0.21088,1
streaming_phase4_core0,bingo_MTPS600,0.21223,1
streaming_phase4_core0,mlop_MTPS600,0.20986,1
streaming_phase4_core0,pythia_MTPS600,0.21193,1
streaming_phase4_core0,nopref_MTPS1200,0.21313,1
streaming_phase4_core0,spp_MTPS1200,0.21372,1
streaming_phase4_core0,bingo_MTPS1200,0.21543,1
streaming_phase4_core0,mlop_MTPS1200,0.21441,1
streaming_phase4_core0,pythia_MTPS1200,0.21483,1
streaming_phase4_core0,nopref_MTPS4800,0.21405,1
streaming_phase4_core0,spp_MTPS4800,0.21493,1
streaming_phase4_core0,bingo_MTPS4800,0.21704,1
streaming_phase4_core0,mlop_MTPS4800,0.21639,1
streaming_phase4_core0,pythia_MTPS4800,0.21626,1
streaming_phase4_core0,nopref_MTPS9600,0.21412,1
streaming_phase4_core0,spp_MTPS9600,0.21498,1
streaming_phase4_core0,bingo_MTPS9600,0.21709,1
streaming_phase4_core0,mlop_MTPS9600,0.21644,1
streaming_phase4_core0,pythia_MTPS9600,0.21633,1
streaming_phase4_core1,nopref,0.2288,1
streaming_phase4_core1,spp,0.23476,1
streaming_phase4_core1,bingo,0.23751,1
streaming_phase4_core1,mlop,0.23666,1
streaming_phase4_core1,pythia,0.23678,1
streaming_phase4_core1,nopref_MTPS150,0.20204,1
streaming_phase4_core1,spp_MTPS150,0.20171,1
streaming_phase4_core1,bingo_MTPS150,0.20323,1
streaming_phase4_core1,mlop_MTPS150,0.1903,1
streaming_phase4_core1,pythia_MTPS150,0.20368,1
streaming_phase4_core1,nopref_MTPS300,0.21776,1
streaming_phase4_core1,spp_MTPS300,0.22106,1
streaming_phase4_core1,bingo_MTPS300,0.22249,1
streaming_phase4_core1,mlop_MTPS300,0.21591,1
streaming_phase4_core1,pythia_MTPS300,0.22273,1
streaming_phase4_core1,nopref_MTPS600,0.2251,1
streaming_phase4_core1,spp_MTPS600,0.23026,1
streaming_phase4_core1,bingo_MTPS600,0.23234,1
streaming_phase4_core1,mlop_MTPS600,0.2295,1
streaming_phase4_core1,pythia_MTPS600,0.23207,1
streaming_phase4_core1,nopref_MTPS1200,0.22803,1
streaming_phase4_core1,spp_MTPS1200,0.2337,1
streaming_phase4_core1,bingo_MTPS1200,0.23611,1
streaming_phase4_core1,mlop_MTPS1200,0.23486,1
streaming_phase4_core1,pythia_MTPS1200,0.23554,1
streaming_phase4_core1,nopref_MTPS4800,0.22904,1
streaming_phase4_core1,spp_MTPS4800,0.23502,1
streaming_phase4_core1,bingo_MTPS4800,0.23794,1
streaming_phase4_core1,mlop_MTPS4800,0.2371,1
streaming_phase4_core1,pythia_MTPS4800,0.23719,1
streaming_phase4_core1,nopref_MTPS9600,0.22912,1
streaming_phase4_core1,spp_MTPS9600,0.23506,1
streaming_phase4_core1,bingo_MTPS9600,0.23799,1
streaming_phase4_core1,mlop_MTPS9600,0.23715,1
streaming_phase4_core1,pythia_MTPS9600,0.23721,1
streaming_phase4_core3,nopref,0.24276,1
streaming_phase4_core3,spp,0.25154,1
streaming_phase4_core3,bingo,0.25457,1
streaming_phase4_core3,mlop,0.25371,1
streaming_phase4_core3,pythia,0.25397,1
streaming_phase4_core3,nopref_MTPS150,0.21309,1
streaming_phase4_core3,spp_MTPS150,0.21313,1
streaming_phase4_core3,bingo_MTPS150,0.215,1
streaming_phase4_core3,mlop_MTPS150,0.20035,1
streaming_phase4_core3,pythia_MTPS150,0.21599,1
streaming_phase4_core3,nopref_MTPS300,0.23204,1
streaming_phase4_core3,spp_MTPS300,0.23607,1
streaming_phase4_core3,bingo_MTPS300,0.23765,1
streaming_phase4_core3,mlop_MTPS300,0.2302,1
streaming_phase4_core3,pythia_MTPS300,0.23834,1
streaming_phase4_core3,nopref_MTPS600,0.23935,1
streaming_phase4_core3,spp_MTPS600,0.247,1
streaming_phase4_core3,bingo_MTPS600,0.24941,1
streaming_phase4_core3,mlop_MTPS600,0.24628,1
streaming_phase4_core3,pythia_MTPS600,0.24947,1
streaming_phase4_core3,nopref_MTPS1200,0.24208,1
streaming_phase4_core3,spp_MTPS1200,0.25055,1
streaming_phase4_core3,bingo_MTPS1200,0.25322,1
streaming_phase4_core3,mlop_MTPS1200,0.25188,1
streaming_phase4_core3,pythia_MTPS1200,0.25276,1
streaming_phase4_core3,nopref_MTPS4800,0.24298,1
streaming_phase4_core3,spp_MTPS4800,0.25177,1
streaming_phase4_core3,bingo_MTPS4800,0.25496,1
streaming_phase4_core3,mlop_MTPS4800,0.25415,1
streaming_phase4_core3,pythia_MTPS4800,0.25437,1
streaming_phase4_core3,nopref_MTPS9600,0.24305,1
streaming_phase4_core3,spp_MTPS9600,0.25183,1
streaming_phase4_core3,bingo_MTPS9600,0.25501,1
streaming_phase4_core3,mlop_MTPS9600,0.25421,1
streaming_phase4_core3,pythia_MTPS9600,0.25436,1
streaming_phase5_core0,nopref,0.21262,1
streaming_phase5_core0,spp,0.21606,1
streaming_phase5_core0,bingo,0.21841,1
streaming_phase5_core0,mlop,0.21771,1
streaming_phase5_core0,pythia,0.21762,1
streaming_phase5_core0,nopref_MTPS150,0.18632,1
streaming_phase5_core0,spp_MTPS150,0.18578,1
streaming_phase5_core0,bingo_MTPS150,0.18604,1
streaming_phase5_core0,mlop_MTPS150,0.17584,1
streaming_phase5_core0,pythia_MTPS150,0.18619,1
streaming_phase5_core0,nopref_MTPS300,0.20146,1
streaming_phase5_core0,spp_MTPS300,0.20319,1
streaming_phase5_core0,bingo_MTPS300,0.20394,1
streaming_phase5_core0,mlop_MTPS300,0.19888,1
streaming_phase5_core0,pythia_MTPS300,0.20402,1
streaming_phase5_core0,nopref_MTPS600,0.20867,1
streaming_phase5_core0,spp_MTPS600,0.21142,1
streaming_phase5_core0,bingo_MTPS600,0.21296,1
streaming_phase5_core0,mlop_MTPS600,0.21083,1
streaming_phase5_core0,pythia_MTPS600,0.21269,1
streaming_phase5_core0,nopref_MTPS1200,0.21178,1
streaming_phase5_core0,spp_MTPS1200,0.2149,1
streaming_phase5_core0,bingo_MTPS1200,0.2169,1
streaming_phase5_core0,mlop_MTPS1200,0.21594,1
streaming_phase5_core0,pythia_MTPS1200,0.21626,1
streaming_phase5_core0,nopref_MTPS4800,0.21292,1
streaming_phase5_core0,spp_MTPS4800,0.2164,1
streaming_phase5_core0,bingo_MTPS4800,0.21891,1
streaming_phase5_core0,mlop_MTPS4800,0.21819,1
streaming_phase5_core0,pythia_MTPS4800,0.21809,1
streaming_phase5_core0,nopref_MTPS9600,0.21302,1
streaming_phase5_core0,spp_MTPS9600,0.21647,1
streaming_phase5_core0,bingo_MTPS9600,0.21897,1
streaming_phase5_core0,mlop_MTPS9600,0.21825,1
streaming_phase5_core0,pythia_MTPS9600,0.21815,1
streaming_phase5_core1,nopref,0.21473,1
streaming_phase5_core1,spp,0.21786,1
streaming_phase5_core1,bingo,0.22007,1
streaming_phase5_core1,mlop,0.21954,1
streaming_phase5_core1,pythia,0.21949,1
streaming_phase5_core1,nopref_MTPS150,0.19064,1
streaming_phase5_core1,spp_MTPS150,0.1899,1
streaming_phase5_core1,bingo_MTPS150,0.18957,1
streaming_phase5_core1,mlop_MTPS150,0.17994,1
streaming_phase5_core1,pythia_MTPS150,0.19013,1
streaming_phase5_core1,nopref_MTPS300,0.20503,1
streaming_phase5_core1,spp_MTPS300,0.20639,1
streaming_phase5_core1,bingo_MTPS300,0.20684,1
streaming_phase5_core1,mlop_MTPS300,0.20224,1
streaming_phase5_core1,pythia_MTPS300,0.20736,1
streaming_phase5_core1,nopref_MTPS600,0.21147,1
streaming_phase5_core1,spp_MTPS600,0.2139,1
streaming_phase5_core1,bingo_MTPS600,0.21532,1
streaming_phase5_core1,mlop_MTPS600,0.21346,1
streaming_phase5_core1,pythia_MTPS600,0.21531,1
streaming_phase5_core1,nopref_MTPS1200,0.21404,1
streaming_phase5_core1,spp_MTPS1200,0.21689,1
streaming_phase5_core1,bingo_MTPS1200,0.2188,1
streaming_phase5_core1,mlop_MTPS1200,0.218,1
streaming_phase5_core1,pythia_MTPS1200,0.21831,1
streaming_phase5_core1,nopref_MTPS4800,0.21494,1
streaming_phase5_core1,spp_MTPS4800,0.21811,1
streaming_phase5_core1,bingo_MTPS4800,0.22047,1
streaming_phase5_core1,mlop_MTPS4800,0.2199,1
streaming_phase5_core1,pythia_MTPS4800,0.21977,1
streaming_phase5_core1,nopref_MTPS9600,0.21502,1
streaming_phase5_core1,spp_MTPS9600,0.21816,1
streaming_phase5_core1,bingo_MTPS9600,0.22051,1
streaming_phase5_core1,mlop_MTPS9600,0.21995,1
streaming_phase5_core1,pythia_MTPS9600,0.21982,1
